gene_id,gene_symbol,exon_length_bp
ENSMUSG00000000001,Gnai3,16252
ENSMUSG00000000003,Pbsn,2612
ENSMUSG00000000028,Cdc45,17498
ENSMUSG00000000037,Scml2,163253
ENSMUSG00000000049,Apoh,6660
ENSMUSG00000000056,Narf,42347
ENSMUSG00000000058,Cav2,11379
ENSMUSG00000000078,Klf6,8447
ENSMUSG00000000085,Scmh1,10502
ENSMUSG00000000088,Cox5a,7533
ENSMUSG00000000093,Tbx2,7105
ENSMUSG00000000094,Tbx4,18637
ENSMUSG00000000103,Zfy2,5822
ENSMUSG00000000120,Ngfr,3446
ENSMUSG00000000125,Wnt3,3146
ENSMUSG00000000126,Wnt9a,14731
ENSMUSG00000000127,Fer,154141
ENSMUSG00000000131,Xpo6,52179
ENSMUSG00000000134,Tfe3,55267
ENSMUSG00000000142,Axin2,28521
ENSMUSG00000000148,Brat1,55051
ENSMUSG00000000149,Gna12,18234
ENSMUSG00000000154,Slc22a18,10251
ENSMUSG00000000157,Itgb2l,5490
ENSMUSG00000000159,Igsf5,15400
ENSMUSG00000000167,Pih1d2,2915
ENSMUSG00000000168,Dlat,95340
ENSMUSG00000000171,Sdhd,7419
ENSMUSG00000000182,Fgf23,2698
ENSMUSG00000000183,Fgf6,4657
ENSMUSG00000000184,Ccnd2,15492
ENSMUSG00000000194,Gpr107,77381
ENSMUSG00000000197,Nalcn,94028
ENSMUSG00000000202,Btbd17,10857
ENSMUSG00000000204,Slfn4,10679
ENSMUSG00000000214,Th,56958
ENSMUSG00000000215,Ins2,7146
ENSMUSG00000000216,Scnn1g,6233
ENSMUSG00000000223,Drp2,89092
ENSMUSG00000000244,Tspan32,19051
ENSMUSG00000000247,Lhx2,10624
ENSMUSG00000000248,Clec2g,10245
ENSMUSG00000000253,Gmpr,118373
ENSMUSG00000000263,Glra1,7397
ENSMUSG00000000266,Mid2,26037
ENSMUSG00000000275,Trim25,34262
ENSMUSG00000000276,Dgke,68139
ENSMUSG00000000278,Scpep1,20005
ENSMUSG00000000282,Mnt,15506
ENSMUSG00000000290,Itgb2,11881
ENSMUSG00000000295,Hddc2,4297
ENSMUSG00000000296,Tpd52l1,14959
ENSMUSG00000000301,Pemt,15369
ENSMUSG00000000303,Cdh1,13302
ENSMUSG00000000305,Cdh4,7688
ENSMUSG00000000308,Ckmt1,31377
ENSMUSG00000000317,Bcl6b,11507
ENSMUSG00000000318,Clec10a,7815
ENSMUSG00000000320,Alox12,5327
ENSMUSG00000000326,Comt,38972
ENSMUSG00000000339,Rtca,13598
ENSMUSG00000000340,Dbt,13396
ENSMUSG00000000346,Dazap2,8116
ENSMUSG00000000355,Mcts1,7164
ENSMUSG00000000359,Rem1,36305
ENSMUSG00000000365,Rnf17,52230
ENSMUSG00000000374,Trappc10,15152
ENSMUSG00000000378,Ccm2,29282
ENSMUSG00000000381,Wap,551
ENSMUSG00000000384,Tbrg4,46125
ENSMUSG00000000385,Tmprss2,6289
ENSMUSG00000000386,Mx1,10366
ENSMUSG00000000392,Fap,12168
ENSMUSG00000000394,Gcg,3334
ENSMUSG00000000399,Ndufa9,14522
ENSMUSG00000000402,Egfl6,21093
ENSMUSG00000000409,Lck,10627
ENSMUSG00000000411,Tssk3,2189
ENSMUSG00000000416,Cttnbp2,5183
ENSMUSG00000000420,Galnt1,111302
ENSMUSG00000000435,Myf5,2083
ENSMUSG00000000439,Mkrn2,29195
ENSMUSG00000000440,Pparg,87259
ENSMUSG00000000441,Raf1,60524
ENSMUSG00000000486,Septin1,22490
ENSMUSG00000000489,Pdgfb,15497
ENSMUSG00000000530,Acvrl1,53210
ENSMUSG00000000531,Tamalin,21455
ENSMUSG00000000532,Acvr1b,17415
ENSMUSG00000000538,Tom1l2,90497
ENSMUSG00000000544,Gpa33,11844
ENSMUSG00000000552,Zfp385a,9106
ENSMUSG00000000555,Itga5,34259
ENSMUSG00000000560,Gabra2,83193
ENSMUSG00000000561,Wdr77,24988
ENSMUSG00000000562,Adora3,3589
ENSMUSG00000000563,Atp5pb,23502
ENSMUSG00000000567,Sox9,4176
ENSMUSG00000000568,Hnrnpd,79972
ENSMUSG00000000579,Dynlt1c,7229
ENSMUSG00000000581,C1d,46619
ENSMUSG00000000594,Gm2a,8192
ENSMUSG00000000600,Krit1,116612
ENSMUSG00000000605,Clcn4,174858
ENSMUSG00000000606,Vmn2r88,39725
ENSMUSG00000000617,Grm6,8650
ENSMUSG00000000627,Sema4f,30264
ENSMUSG00000000628,Hk2,26081
ENSMUSG00000000631,Myo18a,232320
ENSMUSG00000000632,Sez6,29543
ENSMUSG00000000673,Haao,4223
ENSMUSG00000000682,Cd52,1512
ENSMUSG00000000686,Abhd15,6312
ENSMUSG00000000690,Hoxb6,5483
ENSMUSG00000000693,Loxl3,32059
ENSMUSG00000000701,Tcl1b5,1055
ENSMUSG00000000706,Btn1a1,4526
ENSMUSG00000000708,Kat2b,40993
ENSMUSG00000000711,Rab5b,62888
ENSMUSG00000000724,Cryba1,789
ENSMUSG00000000730,Dnmt3l,20349
ENSMUSG00000000731,Aire,23222
ENSMUSG00000000732,Icosl,10627
ENSMUSG00000000738,Spg7,80312
ENSMUSG00000000739,Sult5a1,11879
ENSMUSG00000000740,Rpl13,7154
ENSMUSG00000000743,Chmp1a,17075
ENSMUSG00000000751,Rpa1,68440
ENSMUSG00000000753,Serpinf1,31695
ENSMUSG00000000759,Tubgcp3,51033
ENSMUSG00000000766,Oprm1,28547
ENSMUSG00000000776,Polr3d,19610
ENSMUSG00000000782,Tcf7,47370
ENSMUSG00000000787,Ddx3x,20780
ENSMUSG00000000791,Il12rb1,9879
ENSMUSG00000000792,Slc5a5,2929
ENSMUSG00000000794,Kcnn3,2895
ENSMUSG00000000804,Usp32,19728
ENSMUSG00000000805,Car4,15384
ENSMUSG00000000811,Txnrd3,19109
ENSMUSG00000000817,Fasl,2354
ENSMUSG00000000823,Zfp512b,21396
ENSMUSG00000000826,Dnajc5,135106
ENSMUSG00000000827,Tpd52l2,100740
ENSMUSG00000000838,Fmr1,122252
ENSMUSG00000000861,Bcl11a,30739
ENSMUSG00000000869,Il4,1725
ENSMUSG00000000876,Pxmp4,8952
ENSMUSG00000000881,Dlg3,47859
ENSMUSG00000000884,Gnb1l,39380
ENSMUSG00000000889,Dbh,35232
ENSMUSG00000000901,Mmp11,8551
ENSMUSG00000000902,Smarcb1,14328
ENSMUSG00000000903,Vpreb3,2546
ENSMUSG00000000915,Hip1r,33778
ENSMUSG00000000916,Nsun5,22435
ENSMUSG00000000934,Top1mt,35204
ENSMUSG00000000938,Hoxa10,7331
ENSMUSG00000000942,Hoxa4,1594
ENSMUSG00000000948,Gm38393,1199
ENSMUSG00000000957,Mmp14,8971
ENSMUSG00000000958,Slc7a7,178489
ENSMUSG00000000959,Oxa1l,14220
ENSMUSG00000000976,Heatr6,31219
ENSMUSG00000000982,Ccl3,776
ENSMUSG00000000983,Wfdc18,521
ENSMUSG00000001014,Icam4,3789
ENSMUSG00000001016,Ilf2,16309
ENSMUSG00000001017,Chtop,23720
ENSMUSG00000001018,Snapin,7415
ENSMUSG00000001020,S100a4,4260
ENSMUSG00000001021,S100a3,2943
ENSMUSG00000001023,S100a5,1918
ENSMUSG00000001025,S100a6,7186
ENSMUSG00000001027,Scn4a,35679
ENSMUSG00000001029,Icam2,31964
ENSMUSG00000001034,Mapk7,39665
ENSMUSG00000001036,Epn2,283536
ENSMUSG00000001039,B9d1,8329
ENSMUSG00000001052,Sec24b,35170
ENSMUSG00000001053,N4bp3,109746
ENSMUSG00000001054,Rmnd5b,40595
ENSMUSG00000001056,Nhp2,4882
ENSMUSG00000001062,Vps9d1,62171
ENSMUSG00000001065,Zfp276,52824
ENSMUSG00000001076,C1ql4,2086
ENSMUSG00000001082,Mfsd10,12932
ENSMUSG00000001089,Luzp1,96440
ENSMUSG00000001095,Slc13a2,3584
ENSMUSG00000001098,Kctd10,22063
ENSMUSG00000001100,Poldip2,29413
ENSMUSG00000001103,Sebox,2651
ENSMUSG00000001105,Ift20,16602
ENSMUSG00000001119,Col6a1,4100
ENSMUSG00000001120,Pcbp3,438843
ENSMUSG00000001123,Lgals9,9278
ENSMUSG00000001127,Araf,90782
ENSMUSG00000001128,Cfp,4725
ENSMUSG00000001131,Timp1,6960
ENSMUSG00000001134,Uxt,7986
ENSMUSG00000001138,Cnnm3,30550
ENSMUSG00000001143,Lman2l,74652
ENSMUSG00000001150,Mcm3ap,62046
ENSMUSG00000001151,Pcnt,146565
ENSMUSG00000001155,Ftcd,7436
ENSMUSG00000001156,Mxd1,18692
ENSMUSG00000001157,Gmcl1,56659
ENSMUSG00000001158,Snrnp27,37219
ENSMUSG00000001166,Oas1c,2291
ENSMUSG00000001168,Oas1h,3016
ENSMUSG00000001173,Ocrl,79041
ENSMUSG00000001175,Calm1,32285
ENSMUSG00000001211,Agpat3,329483
ENSMUSG00000001225,Slc26a3,2908
ENSMUSG00000001227,Sema6b,41474
ENSMUSG00000001228,Uhrf1,125087
ENSMUSG00000001229,Dpp9,108472
ENSMUSG00000001240,Ramp2,12538
ENSMUSG00000001247,Lsr,21436
ENSMUSG00000001248,Gramd1a,24420
ENSMUSG00000001249,Hpn,23607
ENSMUSG00000001260,Gabrg1,22465
ENSMUSG00000001270,Ckb,21935
ENSMUSG00000001280,Sp1,29525
ENSMUSG00000001281,Itgb7,8153
ENSMUSG00000001285,Myg1,5747
ENSMUSG00000001288,Rarg,15139
ENSMUSG00000001289,Pfdn5,6012
ENSMUSG00000001300,Efnb2,5008
ENSMUSG00000001305,Rrp15,2923
ENSMUSG00000001313,Rnd2,2712
ENSMUSG00000001323,Srr,117122
ENSMUSG00000001333,Sync,17098
ENSMUSG00000001334,Fndc5,27431
ENSMUSG00000001348,Acp5,21073
ENSMUSG00000001349,Cnn1,6095
ENSMUSG00000001366,Fbxo9,5211
ENSMUSG00000001376,Vps50,89191
ENSMUSG00000001380,Hars1,16951
ENSMUSG00000001383,Zmat2,6858
ENSMUSG00000001403,Ube2c,4043
ENSMUSG00000001415,Smg5,39544
ENSMUSG00000001416,Cct3,31463
ENSMUSG00000001418,Glmp,30421
ENSMUSG00000001419,Mef2d,179442
ENSMUSG00000001420,Tmem79,16354
ENSMUSG00000001424,Snd1,56431
ENSMUSG00000001435,Col18a1,22937
ENSMUSG00000001436,Slc19a1,45098
ENSMUSG00000001440,Kpnb1,12613
ENSMUSG00000001441,Npepps,76398
ENSMUSG00000001444,Tbx21,2489
ENSMUSG00000001445,Mrpl10,10456
ENSMUSG00000001467,Cyp51,28935
ENSMUSG00000001472,Tcf25,116132
ENSMUSG00000001473,Tubb6,13645
ENSMUSG00000001482,Def8,121330
ENSMUSG00000001493,Meox1,4489
ENSMUSG00000001494,Sost,2072
ENSMUSG00000001496,Nkx2-1,5245
ENSMUSG00000001497,Pax9,8523
ENSMUSG00000001504,Irx2,2658
ENSMUSG00000001506,Col1a1,99968
ENSMUSG00000001507,Itga3,33650
ENSMUSG00000001508,Sgca,7408
ENSMUSG00000001510,Dlx3,2615
ENSMUSG00000001517,Foxm1,31837
ENSMUSG00000001518,Itfg2,24357
ENSMUSG00000001520,Nrip2,15256
ENSMUSG00000001521,Tulp3,5545
ENSMUSG00000001524,Gtf2h4,13508
ENSMUSG00000001525,Tubb5,17946
ENSMUSG00000001542,Ell2,17376
ENSMUSG00000001552,Jup,70843
ENSMUSG00000001555,Fkbp10,21392
ENSMUSG00000001558,Klhl10,6990
ENSMUSG00000001566,Mnx1,2413
ENSMUSG00000001569,Nom1,23180
ENSMUSG00000001576,Ergic1,27376
ENSMUSG00000001583,Tnk1,10209
ENSMUSG00000001588,Acap1,7414
ENSMUSG00000001604,Tcea3,88900
ENSMUSG00000001622,Csn3,3929
ENSMUSG00000001627,Ifrd1,15975
ENSMUSG00000001630,Stk38l,31721
ENSMUSG00000001632,Brpf1,60213
ENSMUSG00000001642,Akr1b1,3627
ENSMUSG00000001655,Hoxc13,2461
ENSMUSG00000001656,Hoxc11,2021
ENSMUSG00000001657,Hoxc8,4021
ENSMUSG00000001661,Hoxc6,3364
ENSMUSG00000001663,Gstt1,9615
ENSMUSG00000001665,Gstt3,7360
ENSMUSG00000001666,Ddt,4700
ENSMUSG00000001670,Tat,2381
ENSMUSG00000001672,Marveld3,6353
ENSMUSG00000001674,Ddx18,13890
ENSMUSG00000001687,Ubl3,26073
ENSMUSG00000001700,Gramd2b,18377
ENSMUSG00000001707,Eef1e1,10255
ENSMUSG00000001729,Akt1,80790
ENSMUSG00000001739,Cldn15,9528
ENSMUSG00000001741,Il16,19340
ENSMUSG00000001750,Tcirg1,36719
ENSMUSG00000001751,Naglu,14199
ENSMUSG00000001755,Coasy,14197
ENSMUSG00000001761,Smo,9922
ENSMUSG00000001763,Tspan33,28234
ENSMUSG00000001767,Crnkl1,42144
ENSMUSG00000001768,Rin2,39744
ENSMUSG00000001773,Folh1,14064
ENSMUSG00000001774,Chordc1,48153
ENSMUSG00000001783,Rtcb,32915
ENSMUSG00000001785,Pwp1,20701
ENSMUSG00000001786,Fbxo7,48700
ENSMUSG00000001794,Capns1,10538
ENSMUSG00000001802,Lrp3,21764
ENSMUSG00000001804,Dsg4,3478
ENSMUSG00000001815,Evx2,5619
ENSMUSG00000001819,Hoxd13,2483
ENSMUSG00000001823,Hoxd12,2534
ENSMUSG00000001827,Folr1,37996
ENSMUSG00000001829,Clpb,98426
ENSMUSG00000001833,Septin7,13086
ENSMUSG00000001844,Zdhhc4,41136
ENSMUSG00000001847,Rac1,25141
ENSMUSG00000001855,Nup214,17473
ENSMUSG00000001864,Aif1l,9339
ENSMUSG00000001865,Cpa3,5195
ENSMUSG00000001870,Ltbp1,29760
ENSMUSG00000001891,Ugp2,31822
ENSMUSG00000001901,Kcnh6,8801
ENSMUSG00000001909,Trmt1,48567
ENSMUSG00000001910,Nacc1,62409
ENSMUSG00000001911,Nfix,52140
ENSMUSG00000001918,Slc1a5,26587
ENSMUSG00000001924,Uba1,174276
ENSMUSG00000001930,Vwf,30020
ENSMUSG00000001942,Siae,13142
ENSMUSG00000001943,Vsig2,4206
ENSMUSG00000001946,Esam,11244
ENSMUSG00000001948,Spa17,15912
ENSMUSG00000001962,Fam50a,18177
ENSMUSG00000001964,Emd,16470
ENSMUSG00000001983,Taco1,1383
ENSMUSG00000001985,Grik3,16552
ENSMUSG00000001986,Gria3,64458
ENSMUSG00000001988,Npas1,42629
ENSMUSG00000001995,Sipa1l2,130772
ENSMUSG00000001998,Ap4e1,20775
ENSMUSG00000001999,Blvra,29216
ENSMUSG00000002006,Pdzd4,26338
ENSMUSG00000002007,Srpk3,29797
ENSMUSG00000002010,Idh3g,29667
ENSMUSG00000002012,Pnck,63432
ENSMUSG00000002014,Ssr4,67968
ENSMUSG00000002015,Bcap31,58251
ENSMUSG00000002017,Fam98a,17932
ENSMUSG00000002020,Ltbp2,20049
ENSMUSG00000002028,Kmt2a,32985
ENSMUSG00000002031,Ift46,9097
ENSMUSG00000002032,Tmem25,63535
ENSMUSG00000002033,Cd3g,1926
ENSMUSG00000002043,Trappc6a,11957
ENSMUSG00000002052,Supt6,25684
ENSMUSG00000002055,Spag5,19139
ENSMUSG00000002057,Foxn1,3214
ENSMUSG00000002058,Unc119,12297
ENSMUSG00000002059,Rab34,17324
ENSMUSG00000002064,Sdf2,8530
ENSMUSG00000002068,Ccne1,24838
ENSMUSG00000002076,Hsf2bp,83112
ENSMUSG00000002083,Bbc3,22285
ENSMUSG00000002100,Mybpc3,12463
ENSMUSG00000002102,Psmc3,19236
ENSMUSG00000002103,Acp2,31996
ENSMUSG00000002104,Rapsn,18851
ENSMUSG00000002105,Slc39a13,50351
ENSMUSG00000002107,Celf2,185489
ENSMUSG00000002108,Nr1h3,76518
ENSMUSG00000002109,Ddb2,34500
ENSMUSG00000002111,Spi1,5856
ENSMUSG00000002129,Sf3a1,5968
ENSMUSG00000002147,Stat6,60757
ENSMUSG00000002190,Clgn,33441
ENSMUSG00000002204,Napsa,2870
ENSMUSG00000002205,Vrk3,17870
ENSMUSG00000002210,Smg9,36056
ENSMUSG00000002221,Paxip1,60021
ENSMUSG00000002222,Rmnd5a,12175
ENSMUSG00000002227,Mov10,31503
ENSMUSG00000002228,Ppm1j,9974
ENSMUSG00000002233,Rhoc,24520
ENSMUSG00000002240,Prr27,2650
ENSMUSG00000002249,Tead3,10377
ENSMUSG00000002250,Ppard,8232
ENSMUSG00000002257,Def6,12792
ENSMUSG00000002265,Peg3,71541
ENSMUSG00000002266,Zim1,17252
ENSMUSG00000002274,Metrn,8719
ENSMUSG00000002279,Lmf1,11443
ENSMUSG00000002280,Ciao3,48717
ENSMUSG00000002289,Angptl4,6334
ENSMUSG00000002297,Dbf4,17158
ENSMUSG00000002307,Daxx,30799
ENSMUSG00000002308,Cd320,23854
ENSMUSG00000002319,Ipo4,11454
ENSMUSG00000002320,Tm9sf1,103014
ENSMUSG00000002324,Rec8,8105
ENSMUSG00000002325,Irf9,24892
ENSMUSG00000002326,Gmpr2,19263
ENSMUSG00000002329,Mdp1,11715
ENSMUSG00000002332,Dhrs1,11785
ENSMUSG00000002341,Ncan,37604
ENSMUSG00000002342,Tmem161a,44762
ENSMUSG00000002343,Armc6,65040
ENSMUSG00000002345,Borcs8,19677
ENSMUSG00000002346,Slc25a42,14225
ENSMUSG00000002365,Snx9,26997
ENSMUSG00000002372,Ranbp3,70300
ENSMUSG00000002379,Ndufa11,21721
ENSMUSG00000002384,Bmp8b,4928
ENSMUSG00000002393,Nr2f6,18938
ENSMUSG00000002395,Use1,6293
ENSMUSG00000002396,Ocel1,28200
ENSMUSG00000002409,Dyrk1b,95742
ENSMUSG00000002413,Braf,112267
ENSMUSG00000002416,Ndufb2,47270
ENSMUSG00000002428,Hltf,22813
ENSMUSG00000002455,Prpf6,29735
ENSMUSG00000002458,Rgs19,25424
ENSMUSG00000002459,Rgs20,5725
ENSMUSG00000002475,Abhd3,33145
ENSMUSG00000002477,Snrpd1,11062
ENSMUSG00000002486,Tchp,11758
ENSMUSG00000002489,Tiam1,119391
ENSMUSG00000002496,Tsc2,377189
ENSMUSG00000002500,Rpl3l,6619
ENSMUSG00000002504,Nherf2,32224
ENSMUSG00000002524,Puf60,47538
ENSMUSG00000002546,Golga2,91314
ENSMUSG00000002550,Uck1,13264
ENSMUSG00000002565,Scin,5724
ENSMUSG00000002578,Ikzf4,20475
ENSMUSG00000002580,Mien1,2277
ENSMUSG00000002588,Pon1,11355
ENSMUSG00000002602,Axl,50097
ENSMUSG00000002603,Tgfb1,9917
ENSMUSG00000002608,Ccdc97,25041
ENSMUSG00000002617,Zfp40,31744
ENSMUSG00000002625,Akap8l,12420
ENSMUSG00000002633,Shh,2847
ENSMUSG00000002635,Pdcd2l,13101
ENSMUSG00000002658,Gtf2f1,30597
ENSMUSG00000002660,Clpp,16337
ENSMUSG00000002661,Alkbh7,12850
ENSMUSG00000002664,Pspn,474
ENSMUSG00000002668,Dennd1c,18016
ENSMUSG00000002679,Med6,7339
ENSMUSG00000002688,Prkd1,31674
ENSMUSG00000002699,Lcp2,10013
ENSMUSG00000002718,Cse1l,45444
ENSMUSG00000002728,Naa20,7330
ENSMUSG00000002731,Prkra,11670
ENSMUSG00000002732,Fkbp7,5078
ENSMUSG00000002733,Plekha3,19053
ENSMUSG00000002741,Ykt6,2541
ENSMUSG00000002748,Baz1b,35505
ENSMUSG00000002763,Pex6,45627
ENSMUSG00000002767,Mrpl2,7468
ENSMUSG00000002768,Mea1,115972
ENSMUSG00000002769,Gnmt,10726
ENSMUSG00000002771,Grin2d,39205
ENSMUSG00000002778,Kdelr1,5919
ENSMUSG00000002781,Tmem143,12012
ENSMUSG00000002797,Ggct,7841
ENSMUSG00000002799,Jag2,15288
ENSMUSG00000002803,Btbd6,21591
ENSMUSG00000002804,Nudt14,9894
ENSMUSG00000002808,Epdr1,14632
ENSMUSG00000002812,Flii,48516
ENSMUSG00000002814,Top3a,31013
ENSMUSG00000002820,Atg4d,49692
ENSMUSG00000002825,Qtrt1,5868
ENSMUSG00000002831,Plin4,40658
ENSMUSG00000002833,Hdgfl2,189287
ENSMUSG00000002835,Chaf1a,47008
ENSMUSG00000002844,Adprh,22737
ENSMUSG00000002845,Tmem39a,66713
ENSMUSG00000002846,Timmdc1,19481
ENSMUSG00000002847,Pla1a,11508
ENSMUSG00000002870,Mcm2,30003
ENSMUSG00000002871,Tpra1,64897
ENSMUSG00000002881,Nab1,91964
ENSMUSG00000002885,Adgre5,23919
ENSMUSG00000002897,Il17ra,31252
ENSMUSG00000002900,Lamb1,57826
ENSMUSG00000002908,Kcnn1,25200
ENSMUSG00000002910,Arrdc2,13855
ENSMUSG00000002930,Ppp1r17,7491
ENSMUSG00000002944,Cd36,193468
ENSMUSG00000002948,Map2k7,39350
ENSMUSG00000002949,Timm44,22674
ENSMUSG00000002957,Ap2a2,139330
ENSMUSG00000002963,Pnkp,41776
ENSMUSG00000002968,Med25,106328
ENSMUSG00000002980,Bcam,31362
ENSMUSG00000002981,Clptm1,35397
ENSMUSG00000002983,Relb,10179
ENSMUSG00000002984,Tomm40,8178
ENSMUSG00000002985,Apoe,50788
ENSMUSG00000002992,Apoc2,7481
ENSMUSG00000002996,Hbp1,27785
ENSMUSG00000002997,Prkar2b,53687
ENSMUSG00000003031,Cdkn1b,9000
ENSMUSG00000003032,Klf4,3033
ENSMUSG00000003033,Ap1m1,62357
ENSMUSG00000003037,Rab8a,30687
ENSMUSG00000003038,Hmgn2,9100
ENSMUSG00000003039,Fam32a,24281
ENSMUSG00000003051,Elf3,15148
ENSMUSG00000003053,Cyp2c29,20949
ENSMUSG00000003062,Stard3nl,24214
ENSMUSG00000003068,Stk11,27258
ENSMUSG00000003070,Efna2,6209
ENSMUSG00000003072,Atp5f1d,27680
ENSMUSG00000003099,Ppp5c,20394
ENSMUSG00000003119,Cdk12,46518
ENSMUSG00000003123,Lipe,15083
ENSMUSG00000003131,Pafah1b2,203319
ENSMUSG00000003134,Tbc1d8,87193
ENSMUSG00000003135,Cnot11,17828
ENSMUSG00000003153,Slc2a3,46684
ENSMUSG00000003154,Foxj2,42157
ENSMUSG00000003161,Sri,28127
ENSMUSG00000003166,Dgcr2,102456
ENSMUSG00000003184,Irf3,10513
ENSMUSG00000003190,Bcl2l12,19978
ENSMUSG00000003198,Zfp959,6662
ENSMUSG00000003199,Mpnd,19696
ENSMUSG00000003200,Sh3gl1,24488
ENSMUSG00000003206,Ebi3,3270
ENSMUSG00000003208,Yju2,6484
ENSMUSG00000003226,Ranbp2,39505
ENSMUSG00000003227,Edar,7395
ENSMUSG00000003228,Grk5,20418
ENSMUSG00000003233,Dvl3,29614
ENSMUSG00000003234,Abcf3,24456
ENSMUSG00000003235,Eif2b5,37230
ENSMUSG00000003269,Cyth2,8085
ENSMUSG00000003271,Sult2b1,4293
ENSMUSG00000003273,Car11,14943
ENSMUSG00000003279,Dlgap1,219556
ENSMUSG00000003282,Plag1,4774
ENSMUSG00000003283,Hck,13103
ENSMUSG00000003299,Mrpl4,24529
ENSMUSG00000003308,Keap1,28242
ENSMUSG00000003309,Ap1m2,5182
ENSMUSG00000003316,Glg1,91559
ENSMUSG00000003341,Atp8b3,17594
ENSMUSG00000003344,Btbd2,30625
ENSMUSG00000003345,Csnk1g2,36208
ENSMUSG00000003346,Abhd17a,28456
ENSMUSG00000003348,Mob3a,17415
ENSMUSG00000003352,Cacnb3,38398
ENSMUSG00000003354,Ccdc65,3471
ENSMUSG00000003355,Fkbp11,9856
ENSMUSG00000003360,Ddx23,9608
ENSMUSG00000003363,Pld3,49662
ENSMUSG00000003378,Grik5,54637
ENSMUSG00000003379,Cd79a,11040
ENSMUSG00000003380,Rabac1,8735
ENSMUSG00000003382,Etv3,36945
ENSMUSG00000003402,Prkcsh,69648
ENSMUSG00000003410,Elavl3,30830
ENSMUSG00000003411,Rab3b,23269
ENSMUSG00000003418,St8sia6,15188
ENSMUSG00000003420,Fcgrt,43917
ENSMUSG00000003421,Nosip,68743
ENSMUSG00000003423,Pih1d1,19076
ENSMUSG00000003429,Rps11,11669
ENSMUSG00000003435,Supt5,23146
ENSMUSG00000003436,Dll3,4985
ENSMUSG00000003437,Paf1,15267
ENSMUSG00000003438,Timm50,11952
ENSMUSG00000003444,Med29,3388
ENSMUSG00000003452,Bicd1,76243
ENSMUSG00000003458,Ncstn,11013
ENSMUSG00000003464,Pex19,42955
ENSMUSG00000003469,Phyhip,28499
ENSMUSG00000003476,Crhr2,14562
ENSMUSG00000003477,Inmt,8346
ENSMUSG00000003484,Cyp4f18,11834
ENSMUSG00000003500,Impdh1,69128
ENSMUSG00000003505,Psg18,3507
ENSMUSG00000003518,Dusp3,21512
ENSMUSG00000003526,Prodh,39402
ENSMUSG00000003527,Ess2,10583
ENSMUSG00000003528,Slc25a1,18099
ENSMUSG00000003531,Dgcr6,6540
ENSMUSG00000003534,Ddr1,56639
ENSMUSG00000003541,Ier3,1139
ENSMUSG00000003545,Fosb,21852
ENSMUSG00000003546,Klc4,69921
ENSMUSG00000003549,Ercc1,30235
ENSMUSG00000003555,Cyp17a1,4416
ENSMUSG00000003559,As3mt,20099
ENSMUSG00000003573,Homer3,30190
ENSMUSG00000003575,Crtc1,92675
ENSMUSG00000003581,Rnf215,18781
ENSMUSG00000003585,Sec14l2,23233
ENSMUSG00000003604,Aven,5687
ENSMUSG00000003617,Cp,32002
ENSMUSG00000003623,Crot,48850
ENSMUSG00000003644,Rps6ka1,27846
ENSMUSG00000003657,Calb2,8166
ENSMUSG00000003660,Snrnp200,43480
ENSMUSG00000003662,Ciao1,22896
ENSMUSG00000003665,Has1,2095
ENSMUSG00000003680,Taf6l,44499
ENSMUSG00000003721,Insig2,58566
ENSMUSG00000003731,Kpna6,11409
ENSMUSG00000003746,Man1a,40897
ENSMUSG00000003752,Itpkc,27731
ENSMUSG00000003762,Coq8b,27894
ENSMUSG00000003778,Brd8,35665
ENSMUSG00000003779,Kif20a,88083
ENSMUSG00000003808,Farsa,26354
ENSMUSG00000003809,Gcdh,21163
ENSMUSG00000003810,Mast2,230672
ENSMUSG00000003812,Dnase2a,5798
ENSMUSG00000003813,Rad23a,88395
ENSMUSG00000003814,Calr,15027
ENSMUSG00000003824,Syce2,10518
ENSMUSG00000003847,Nfat5,46348
ENSMUSG00000003848,Nob1,13309
ENSMUSG00000003849,Nqo1,7319
ENSMUSG00000003863,Ppfia3,91828
ENSMUSG00000003865,Gys1,31437
ENSMUSG00000003868,Ruvbl2,62390
ENSMUSG00000003872,Lin7b,735
ENSMUSG00000003873,Bax,8964
ENSMUSG00000003882,Il7r,7056
ENSMUSG00000003923,Tfam,20271
ENSMUSG00000003929,Zfp81,6647
ENSMUSG00000003934,Efnb3,9555
ENSMUSG00000003948,Mmd,28791
ENSMUSG00000003949,Hlf,15227
ENSMUSG00000003955,Fam162a,9484
ENSMUSG00000003970,Rpl8,2916
ENSMUSG00000003974,Grm3,68556
ENSMUSG00000003992,Ssbp2,139402
ENSMUSG00000004018,Fancl,17860
ENSMUSG00000004031,Brinp2,53831
ENSMUSG00000004032,Gstm5,3196
ENSMUSG00000004035,Gstm7,14796
ENSMUSG00000004038,Gstm3,6348
ENSMUSG00000004040,Stat3,94477
ENSMUSG00000004043,Stat5a,33382
ENSMUSG00000004044,Cavin1,6223
ENSMUSG00000004054,Map3k11,59278
ENSMUSG00000004056,Akt2,263924
ENSMUSG00000004069,Dnaja3,61814
ENSMUSG00000004070,Hmox2,123113
ENSMUSG00000004071,Cdip1,284404
ENSMUSG00000004085,Map3k20,45604
ENSMUSG00000004096,Cwc15,17851
ENSMUSG00000004098,Col5a3,30489
ENSMUSG00000004099,Dnmt1,101153
ENSMUSG00000004100,Ppan,14476
ENSMUSG00000004105,Angptl2,42592
ENSMUSG00000004110,Cacna1e,22102
ENSMUSG00000004113,Cacna1b,77505
ENSMUSG00000004127,Trmt10a,74903
ENSMUSG00000004151,Etv1,95316
ENSMUSG00000004187,Kifc2,277075
ENSMUSG00000004207,Psap,43223
ENSMUSG00000004221,Ikbkg,135127
ENSMUSG00000004231,Pax2,15851
ENSMUSG00000004233,Wars2,42106
ENSMUSG00000004263,Atn1,30260
ENSMUSG00000004264,Phb2,1318
ENSMUSG00000004266,Ptpn6,8911
ENSMUSG00000004267,Eno2,54555
ENSMUSG00000004268,Emg1,14805
ENSMUSG00000004270,Lpcat3,23636
ENSMUSG00000004285,Atp6v1f,6585
ENSMUSG00000004296,Il12b,7699
ENSMUSG00000004317,Clcn5,54181
ENSMUSG00000004319,Clcn3,222668
ENSMUSG00000004328,Hif3a,13527
ENSMUSG00000004341,Gpx6,1340
ENSMUSG00000004344,Gpx5,1674
ENSMUSG00000004347,Pde1c,70329
ENSMUSG00000004356,Utp20,17350
ENSMUSG00000004359,Spic,8335
ENSMUSG00000004360,9330159F19Rik,39489
ENSMUSG00000004364,Cul3,42798
ENSMUSG00000004366,Sst,12468
ENSMUSG00000004371,Il11,5718
ENSMUSG00000004383,Large1,46773
ENSMUSG00000004393,Ddx56,20523
ENSMUSG00000004394,Tmed4,18466
ENSMUSG00000004415,Col26a1,16557
ENSMUSG00000004446,Bid,41763
ENSMUSG00000004451,Ralb,120664
ENSMUSG00000004455,Ppp1cc,3904
ENSMUSG00000004460,Dnajb11,15195
ENSMUSG00000004462,Tbccd1,58255
ENSMUSG00000004473,Clec11a,3029
ENSMUSG00000004500,Zfp324,5027
ENSMUSG00000004508,Gab2,12863
ENSMUSG00000004530,Coro1c,53980
ENSMUSG00000004535,Tax1bp1,127892
ENSMUSG00000004540,Psg17,2100
ENSMUSG00000004542,Psg19,3850
ENSMUSG00000004552,Ctse,6528
ENSMUSG00000004558,Ndrg2,316426
ENSMUSG00000004561,Mettl17,18411
ENSMUSG00000004562,Arhgef40,175815
ENSMUSG00000004565,Pnpla6,96646
ENSMUSG00000004567,Mcoln1,30866
ENSMUSG00000004568,Arhgef18,25585
ENSMUSG00000004591,Pkn2,31080
ENSMUSG00000004609,Cd33,36020
ENSMUSG00000004610,Etfb,12717
ENSMUSG00000004612,Nkg7,2491
ENSMUSG00000004626,Stxbp2,18438
ENSMUSG00000004630,Pcp2,4480
ENSMUSG00000004631,Sgce,95535
ENSMUSG00000004633,Chn2,25977
ENSMUSG00000004637,Wwox,47859
ENSMUSG00000004642,Slbp,19713
ENSMUSG00000004651,Tyr,6042
ENSMUSG00000004654,Ghrhr,3111
ENSMUSG00000004655,Aqp1,5878
ENSMUSG00000004661,Arid3b,25926
ENSMUSG00000004665,Cnn2,11397
ENSMUSG00000004667,Polr2e,12889
ENSMUSG00000004668,Abca13,16603
ENSMUSG00000004677,Myo9b,190988
ENSMUSG00000004698,Hdac9,139803
ENSMUSG00000004707,Ly9,6920
ENSMUSG00000004709,Cd244a,7484
ENSMUSG00000004730,Adgre1,37241
ENSMUSG00000004748,Mtfp1,6888
ENSMUSG00000004768,Rab23,86596
ENSMUSG00000004771,Rab11a,23253
ENSMUSG00000004788,Eif2b2,11017
ENSMUSG00000004789,Dlst,35554
ENSMUSG00000004791,Pgf,6210
ENSMUSG00000004798,Ulk2,100417
ENSMUSG00000004814,Ccl24,2749
ENSMUSG00000004815,Dgkq,48882
ENSMUSG00000004821,Tmed11,763
ENSMUSG00000004837,Grap,4814
ENSMUSG00000004842,Pou1f1,3718
ENSMUSG00000004843,Chmp2b,10971
ENSMUSG00000004846,Plod3,39569
ENSMUSG00000004849,Ap1s1,12363
ENSMUSG00000004864,Mapk13,17881
ENSMUSG00000004865,Srpk1,41677
ENSMUSG00000004872,Pax3,7237
ENSMUSG00000004880,Lbr,132329
ENSMUSG00000004885,Crabp2,931
ENSMUSG00000004891,Nes,12120
ENSMUSG00000004892,Bcan,140509
ENSMUSG00000004894,Hapln2,30956
ENSMUSG00000004895,Prcc,12187
ENSMUSG00000004896,Mettl25b,17443
ENSMUSG00000004897,Hdgf,4990
ENSMUSG00000004902,Slc25a18,45468
ENSMUSG00000004929,Thop1,67488
ENSMUSG00000004931,Apba3,47542
ENSMUSG00000004933,Matk,175883
ENSMUSG00000004934,Pias4,21078
ENSMUSG00000004936,Map2k1,16940
ENSMUSG00000004937,Sgta,85399
ENSMUSG00000004939,Nmrk2,8139
ENSMUSG00000004945,Tmem242,9608
ENSMUSG00000004947,Dtx2,48989
ENSMUSG00000004948,Zp3,2567
ENSMUSG00000004951,Hspb1,5507
ENSMUSG00000004952,Rasa4,31853
ENSMUSG00000004961,Syt5,19234
ENSMUSG00000004980,Hnrnpa2b1,17178
ENSMUSG00000004988,Fxyd4,12591
ENSMUSG00000004994,Yju2b,10536
ENSMUSG00000004996,Mri1,14525
ENSMUSG00000005034,Prkacb,35170
ENSMUSG00000005043,Sgsh,25812
ENSMUSG00000005045,Chd5,47247
ENSMUSG00000005054,Cstb,4464
ENSMUSG00000005057,Sh2b2,74988
ENSMUSG00000005069,Pex5,59383
ENSMUSG00000005078,Jkamp,24853
ENSMUSG00000005087,Cd44,49550
ENSMUSG00000005089,Slc1a2,78601
ENSMUSG00000005102,Eif2ak4,99503
ENSMUSG00000005103,Wdr1,30032
ENSMUSG00000005107,Slc2a9,18574
ENSMUSG00000005124,Ccn4,17560
ENSMUSG00000005125,Ndrg1,27470
ENSMUSG00000005131,4930550C14Rik,20133
ENSMUSG00000005142,Man2b1,81481
ENSMUSG00000005148,Klf5,20640
ENSMUSG00000005150,Wdr83,10191
ENSMUSG00000005161,Prdx2,43175
ENSMUSG00000005198,Polr2a,20352
ENSMUSG00000005202,Shbg,2682
ENSMUSG00000005204,Senp3,27873
ENSMUSG00000005220,Corin,20429
ENSMUSG00000005225,Plekha8,46870
ENSMUSG00000005232,G6pc2,3668
ENSMUSG00000005233,Spc25,20443
ENSMUSG00000005237,Dnah2,29480
ENSMUSG00000005251,Ripk4,3591
ENSMUSG00000005262,Ufd1,18036
ENSMUSG00000005267,Zfp287,23428
ENSMUSG00000005268,Prlr,60060
ENSMUSG00000005299,Letm1,84052
ENSMUSG00000005312,Ubqln1,33580
ENSMUSG00000005320,Fgfr4,37057
ENSMUSG00000005338,Cadm3,10794
ENSMUSG00000005339,Fcer1a,1933
ENSMUSG00000005354,Txn2,8776
ENSMUSG00000005355,Casp14,4552
ENSMUSG00000005357,Slc1a6,6231
ENSMUSG00000005360,Slc1a3,95244
ENSMUSG00000005362,Crbn,40195
ENSMUSG00000005364,Il5ra,15677
ENSMUSG00000005370,Msh6,25652
ENSMUSG00000005371,Fbxo11,60742
ENSMUSG00000005373,Mlxipl,9912
ENSMUSG00000005374,Tbl2,21105
ENSMUSG00000005378,Bud23,14781
ENSMUSG00000005397,Nid1,29933
ENSMUSG00000005410,Mcm5,50222
ENSMUSG00000005413,Hmox1,1577
ENSMUSG00000005417,Mprip,633819
ENSMUSG00000005442,Cic,20475
ENSMUSG00000005447,Pafah1b3,20868
ENSMUSG00000005465,Il27ra,9097
ENSMUSG00000005469,Prkaca,23232
ENSMUSG00000005470,Asf1b,7131
ENSMUSG00000005474,Myl10,6263
ENSMUSG00000005481,Ddx39a,15589
ENSMUSG00000005483,Dnajb1,12725
ENSMUSG00000005493,Msh4,9481
ENSMUSG00000005501,Usp40,53821
ENSMUSG00000005503,Evx1,3911
ENSMUSG00000005505,Kbtbd4,35738
ENSMUSG00000005506,Celf1,157795
ENSMUSG00000005510,Ndufs3,23201
ENSMUSG00000005514,Por,26452
ENSMUSG00000005533,Igf1r,65973
ENSMUSG00000005534,Insr,9385
ENSMUSG00000005540,Fcer2a,8321
ENSMUSG00000005547,Cyp2a5,4061
ENSMUSG00000005553,Atp4a,6967
ENSMUSG00000005566,Trim28,52016
ENSMUSG00000005575,Ube2m,12212
ENSMUSG00000005580,Adcy9,72026
ENSMUSG00000005583,Mef2c,891567
ENSMUSG00000005609,Ctr9,17080
ENSMUSG00000005610,Eif4g2,15732
ENSMUSG00000005611,Irag1,12175
ENSMUSG00000005615,Pcyt1a,44971
ENSMUSG00000005621,Zfp592,39856
ENSMUSG00000005625,Psmd4,53804
ENSMUSG00000005628,Tmod4,51735
ENSMUSG00000005640,Insrr,5114
ENSMUSG00000005649,Cabp5,3198
ENSMUSG00000005656,Snx6,46739
ENSMUSG00000005667,Mthfd2,17456
ENSMUSG00000005672,Kit,47301
ENSMUSG00000005674,Tomm40l,79116
ENSMUSG00000005677,Nr1i3,25378
ENSMUSG00000005681,Apoa2,36235
ENSMUSG00000005682,Pan2,111457
ENSMUSG00000005683,Cs,43627
ENSMUSG00000005686,Ampd3,31543
ENSMUSG00000005687,Bcas2,8403
ENSMUSG00000005696,Sh2d1a,4705
ENSMUSG00000005698,Ctcf,57023
ENSMUSG00000005699,Pard6a,10153
ENSMUSG00000005705,Agrp,2844
ENSMUSG00000005716,Pvalb,19329
ENSMUSG00000005718,Tfap4,7437
ENSMUSG00000005732,Ranbp1,17049
ENSMUSG00000005763,Cd247,17047
ENSMUSG00000005774,Rfx5,41559
ENSMUSG00000005779,Psmb4,5310
ENSMUSG00000005800,Mmp8,4256
ENSMUSG00000005802,Slc30a4,16950
ENSMUSG00000005803,Sqor,20261
ENSMUSG00000005804,Bloc1s6,10239
ENSMUSG00000005813,Metap1,36340
ENSMUSG00000005823,Gpr108,72998
ENSMUSG00000005824,Tnfsf14,1888
ENSMUSG00000005836,Gata6,77877
ENSMUSG00000005846,Rsl1d1,19183
ENSMUSG00000005864,Cnga2,3064
ENSMUSG00000005871,Apc,160074
ENSMUSG00000005873,Reep5,16844
ENSMUSG00000005881,Ergic3,29103
ENSMUSG00000005882,Uqcc1,59938
ENSMUSG00000005883,Spo11,8373
ENSMUSG00000005886,Ncoa2,82848
ENSMUSG00000005891,Prl4a1,876
ENSMUSG00000005892,Trh,8680
ENSMUSG00000005893,Nr2c2,109675
ENSMUSG00000005897,Nr2c1,52794
ENSMUSG00000005899,Smpd4,49257
ENSMUSG00000005907,Pex1,26971
ENSMUSG00000005917,Otx1,11599
ENSMUSG00000005936,Kctd20,37722
ENSMUSG00000005947,Itgae,5490
ENSMUSG00000005949,Ctns,42872
ENSMUSG00000005950,P2rx5,16000
ENSMUSG00000005951,Shpk,13680
ENSMUSG00000005952,Trpv1,8371
ENSMUSG00000005958,Ephb3,17157
ENSMUSG00000005968,Tuft1,14443
ENSMUSG00000005973,Rcn1,13058
ENSMUSG00000005980,Dnase1,2766
ENSMUSG00000005981,Trap1,45311
ENSMUSG00000005982,Naa60,21889
ENSMUSG00000005983,1700037C18Rik,5006
ENSMUSG00000005986,Ankrd13d,22118
ENSMUSG00000005994,Tyrp1,5389
ENSMUSG00000006005,Tpr,60682
ENSMUSG00000006007,Pdc,7143
ENSMUSG00000006010,Odr4,80708
ENSMUSG00000006014,Prg4,26738
ENSMUSG00000006019,Dhx34,61562
ENSMUSG00000006021,Kptn,34112
ENSMUSG00000006024,Napa,42457
ENSMUSG00000006050,Sra1,5840
ENSMUSG00000006056,Calcoco2,5940
ENSMUSG00000006057,Atp5mc1,22413
ENSMUSG00000006058,Snf8,7838
ENSMUSG00000006095,Tbcb,17121
ENSMUSG00000006127,Inpp5k,33878
ENSMUSG00000006134,Crkl,21059
ENSMUSG00000006143,Upk3bl,2242
ENSMUSG00000006154,Eps8l1,22755
ENSMUSG00000006169,Clint1,52119
ENSMUSG00000006179,Prss16,7436
ENSMUSG00000006191,Cdkal1,39830
ENSMUSG00000006200,Rhox6,2017
ENSMUSG00000006204,Cdcp3,11506
ENSMUSG00000006205,Htra1,35927
ENSMUSG00000006215,Zbtb17,93349
ENSMUSG00000006216,Clcnkb,6316
ENSMUSG00000006218,Fam131c,3096
ENSMUSG00000006219,Fblim1,124529
ENSMUSG00000006221,Hspb7,9062
ENSMUSG00000006235,Epor,4944
ENSMUSG00000006241,Ccdc159,9601
ENSMUSG00000006262,Mob1b,28684
ENSMUSG00000006269,Atp6v1b1,3674
ENSMUSG00000006270,Vax1,1044
ENSMUSG00000006273,Atp6v1b2,39244
ENSMUSG00000006276,Eps15l1,112958
ENSMUSG00000006281,Tep1,10112
ENSMUSG00000006288,Ttc5,28289
ENSMUSG00000006289,Osgep,15389
ENSMUSG00000006299,Aamp,25684
ENSMUSG00000006301,Tmbim1,18025
ENSMUSG00000006304,Arpc2,16136
ENSMUSG00000006307,Kmt2b,27741
ENSMUSG00000006310,Zbtb32,9317
ENSMUSG00000006311,Etv2,5061
ENSMUSG00000006313,Upk1a,1428
ENSMUSG00000006315,Tmem147,22726
ENSMUSG00000006333,Rps9,14524
ENSMUSG00000006335,Tfpt,21404
ENSMUSG00000006342,Susd2,9213
ENSMUSG00000006344,Ggt5,9086
ENSMUSG00000006345,Ggt1,104731
ENSMUSG00000006356,Crip2,16940
ENSMUSG00000006360,Crip1,2058
ENSMUSG00000006362,Cbfa2t3,30761
ENSMUSG00000006369,Fbln1,36352
ENSMUSG00000006373,Pgrmc1,5642
ENSMUSG00000006378,Gcat,9993
ENSMUSG00000006386,Tek,72063
ENSMUSG00000006389,Mpl,7593
ENSMUSG00000006390,Elovl1,17558
ENSMUSG00000006392,Med8,21052
ENSMUSG00000006395,Hyi,936
ENSMUSG00000006398,Cdc20,7233
ENSMUSG00000006403,Adamts4,22478
ENSMUSG00000006411,Nectin4,14672
ENSMUSG00000006412,Pfdn2,7226
ENSMUSG00000006418,Rnf114,30908
ENSMUSG00000006423,Steep1,33526
ENSMUSG00000006435,Neurl1a,49846
ENSMUSG00000006442,Srm,9203
ENSMUSG00000006445,Epha2,3924
ENSMUSG00000006456,Rbm14,8422
ENSMUSG00000006457,Actn3,73518
ENSMUSG00000006463,Zdhhc24,2558
ENSMUSG00000006464,Bbs1,18397
ENSMUSG00000006469,Slc34a3,2183
ENSMUSG00000006471,Ndor1,38063
ENSMUSG00000006476,Nsmf,107966
ENSMUSG00000006488,Prl7a1,3194
ENSMUSG00000006490,Prl8a9,942
ENSMUSG00000006494,Pdk1,53570
ENSMUSG00000006498,Ptbp1,26334
ENSMUSG00000006517,Mvd,9765
ENSMUSG00000006519,Cyba,14219
ENSMUSG00000006522,Itih3,5097
ENSMUSG00000006526,Stimate,21498
ENSMUSG00000006527,Sfmbt1,74404
ENSMUSG00000006529,Itih1,26034
ENSMUSG00000006538,Ihh,2474
ENSMUSG00000006542,Prkag3,7442
ENSMUSG00000006546,Cryba2,720
ENSMUSG00000006567,Atp7b,10580
ENSMUSG00000006570,Defb2,325
ENSMUSG00000006574,Slc4a1,8896
ENSMUSG00000006575,Rundc3a,59460
ENSMUSG00000006576,Slc4a3,151767
ENSMUSG00000006585,Cdt1,13071
ENSMUSG00000006586,Runx1t1,34520
ENSMUSG00000006587,Snai3,3122
ENSMUSG00000006589,Aprt,4005
ENSMUSG00000006599,Gtf2h1,31927
ENSMUSG00000006611,Hfe,8090
ENSMUSG00000006638,Abhd1,1352
ENSMUSG00000006641,Slc5a6,38937
ENSMUSG00000006642,Tcf23,4140
ENSMUSG00000006649,Nphs1,8512
ENSMUSG00000006651,Aplp1,51068
ENSMUSG00000006673,Qrich1,189324
ENSMUSG00000006675,P4htm,16116
ENSMUSG00000006676,Usp19,29006
ENSMUSG00000006678,Pola1,44707
ENSMUSG00000006699,Cdc42,70593
ENSMUSG00000006705,Pknox1,75314
ENSMUSG00000006711,D130043K22Rik,87204
ENSMUSG00000006715,Gmnn,19304
ENSMUSG00000006717,Acot13,4261
ENSMUSG00000006720,Zfp184,11310
ENSMUSG00000006724,Cyp27b1,2380
ENSMUSG00000006728,Cdk4,22200
ENSMUSG00000006731,B4galnt1,134042
ENSMUSG00000006732,Mettl1,9356
ENSMUSG00000006736,Tspan31,10975
ENSMUSG00000006740,Kif5b,76289
ENSMUSG00000006763,Saal1,33325
ENSMUSG00000006764,Tph2,2626
ENSMUSG00000006777,Krt23,3492
ENSMUSG00000006782,Cnp,14675
ENSMUSG00000006784,Odad4,12342
ENSMUSG00000006800,Sulf2,114340
ENSMUSG00000006818,Sod2,44276
ENSMUSG00000006850,Tmco6,10376
ENSMUSG00000006906,Stambp,23337
ENSMUSG00000006920,Ezh1,112221
ENSMUSG00000006930,Hap1,22276
ENSMUSG00000006931,P3h4,19863
ENSMUSG00000006932,Ctnnb1,63182
ENSMUSG00000006941,Eif1b,5108
ENSMUSG00000006948,Klk4,1252
ENSMUSG00000006958,Chrd,78190
ENSMUSG00000006998,Psmd2,53864
ENSMUSG00000007021,Syngr3,17034
ENSMUSG00000007029,Vars1,41996
ENSMUSG00000007030,Vwa7,24457
ENSMUSG00000007033,Hspa1l,2487
ENSMUSG00000007034,Slc44a4,4587
ENSMUSG00000007035,Msh5,16097
ENSMUSG00000007036,Abhd16a,37614
ENSMUSG00000007038,Neu1,26931
ENSMUSG00000007039,Ddah2,36051
ENSMUSG00000007041,Clic1,13768
ENSMUSG00000007050,Lsm2,6837
ENSMUSG00000007080,Pole,20184
ENSMUSG00000007097,Atp1a2,133524
ENSMUSG00000007107,Atp1a4,3470
ENSMUSG00000007122,Casq1,40735
ENSMUSG00000007207,Stx1a,19611
ENSMUSG00000007209,Ceacam9,1396
ENSMUSG00000007216,Zfp775,15066
ENSMUSG00000007279,Scube2,19654
ENSMUSG00000007338,Mrpl49,14026
ENSMUSG00000007379,Dennd2c,66267
ENSMUSG00000007411,Mark3,200158
ENSMUSG00000007415,Gatad1,18472
ENSMUSG00000007440,Pcdha10,5365
ENSMUSG00000007457,2310003L06Rik,1603
ENSMUSG00000007458,M6pr,16975
ENSMUSG00000007476,Lrrc8a,47583
ENSMUSG00000007480,Mc5r,3996
ENSMUSG00000007564,Ppp2r1a,21236
ENSMUSG00000007570,Fance,5772
ENSMUSG00000007589,Tinf2,20703
ENSMUSG00000007591,Tssk4,8246
ENSMUSG00000007594,Hapln4,10251
ENSMUSG00000007603,Dus3l,29799
ENSMUSG00000007610,Gtpbp3,28997
ENSMUSG00000007613,Tgfbr1,62481
ENSMUSG00000007617,Homer1,83442
ENSMUSG00000007646,Rad51c,28732
ENSMUSG00000007653,Gabrb2,53198
ENSMUSG00000007655,Cav1,21638
ENSMUSG00000007656,Arpp19,35893
ENSMUSG00000007659,Bcl2l1,47781
ENSMUSG00000007670,Khsrp,23115
ENSMUSG00000007682,Dio2,6426
ENSMUSG00000007721,Ccdc124,22299
ENSMUSG00000007739,Cct4,56625
ENSMUSG00000007777,Trappc2b,17564
ENSMUSG00000007783,Cpt1c,77540
ENSMUSG00000007805,Twist2,6876
ENSMUSG00000007812,Zfp655,109647
ENSMUSG00000007815,Rhoa,40235
ENSMUSG00000007817,Zmiz1,30774
ENSMUSG00000007827,Ankrd26,29641
ENSMUSG00000007833,Aldh16a1,44387
ENSMUSG00000007836,Hnrnpa0,2678
ENSMUSG00000007837,Prrg2,21223
ENSMUSG00000007850,Hnrnph1,85582
ENSMUSG00000007867,Ift43,8057
ENSMUSG00000007872,Id3,3394
ENSMUSG00000007877,Tcap,948
ENSMUSG00000007880,Arid1a,46456
ENSMUSG00000007888,Crlf1,6758
ENSMUSG00000007891,Ctsd,40647
ENSMUSG00000007892,Rplp1,7261
ENSMUSG00000007907,Cabs1,2657
ENSMUSG00000007908,Hmgcll1,37280
ENSMUSG00000007944,Ttc9b,6132
ENSMUSG00000007946,Phox2a,1615
ENSMUSG00000007950,Abhd8,12810
ENSMUSG00000007987,Ift22,10406
ENSMUSG00000007989,Fzd3,40131
ENSMUSG00000008028,1700008O03Rik,2048
ENSMUSG00000008035,Mid1ip1,17886
ENSMUSG00000008036,Ap2s1,23143
ENSMUSG00000008090,Fgfrl1,90723
ENSMUSG00000008129,Brme1,15597
ENSMUSG00000008136,Fhl2,61372
ENSMUSG00000008140,Emc10,36267
ENSMUSG00000008153,Clstn3,68482
ENSMUSG00000008167,Fbxw9,7496
ENSMUSG00000008193,Spib,5572
ENSMUSG00000008200,Fnbp4,9382
ENSMUSG00000008206,Cers4,105303
ENSMUSG00000008226,Scrn3,84215
ENSMUSG00000008301,Phax,10384
ENSMUSG00000008305,Tle1,422374
ENSMUSG00000008307,1700109H08Rik,1554
ENSMUSG00000008318,Relt,26288
ENSMUSG00000008333,Snrpb2,25474
ENSMUSG00000008348,Ubc,15728
ENSMUSG00000008373,Prpf31,32067
ENSMUSG00000008384,Sertad1,9794
ENSMUSG00000008393,Carhsp1,26867
ENSMUSG00000008398,Elk3,21731
ENSMUSG00000008429,Herpud2,53342
ENSMUSG00000008435,Rdh13,13032
ENSMUSG00000008438,Adam21,2918
ENSMUSG00000008450,Nutf2,47373
ENSMUSG00000008461,Fut1,6682
ENSMUSG00000008475,Arpc5,7344
ENSMUSG00000008482,Rnf151,5431
ENSMUSG00000008489,Elavl2,248469
ENSMUSG00000008496,Pou2f2,41110
ENSMUSG00000008540,Mgst1,7121
ENSMUSG00000008575,Nfib,116769
ENSMUSG00000008590,Htr3b,4485
ENSMUSG00000008601,Rab25,2272
ENSMUSG00000008604,Ubqln4,54130
ENSMUSG00000008658,Rbfox1,35662
ENSMUSG00000008668,Rps18,3272
ENSMUSG00000008682,Rpl10,4937
ENSMUSG00000008683,Rps15a,62479
ENSMUSG00000008690,Ncaph2,130893
ENSMUSG00000008730,Hipk1,84050
ENSMUSG00000008734,Gprc5b,31636
ENSMUSG00000008763,Man1a2,49868
ENSMUSG00000008789,Ceacam5,3273
ENSMUSG00000008813,Tppp2,2048
ENSMUSG00000008822,Acyp1,4491
ENSMUSG00000008843,Cldn13,2175
ENSMUSG00000008845,Cd163,25939
ENSMUSG00000008855,Hdac5,119426
ENSMUSG00000008859,Rala,21408
ENSMUSG00000008874,Clec3a,591
ENSMUSG00000008892,Vdac3,41113
ENSMUSG00000008932,Slc1a7,8826
ENSMUSG00000008958,Vps72,5861
ENSMUSG00000008976,Gabpa,76161
ENSMUSG00000008999,Bmp7,11887
ENSMUSG00000009013,Dynll1,15927
ENSMUSG00000009030,Pdcl,13815
ENSMUSG00000009035,Tmem184b,109486
ENSMUSG00000009047,Krtap13-23,833
ENSMUSG00000009070,Rsph14,10003
ENSMUSG00000009073,Nf2,109920
ENSMUSG00000009075,Cabp7,9055
ENSMUSG00000009076,Zmat5,12093
ENSMUSG00000009079,Ewsr1,395414
ENSMUSG00000009090,Ap1b1,120313
ENSMUSG00000009092,Derl3,3801
ENSMUSG00000009093,Gstt4,5351
ENSMUSG00000009097,Tbx1,5094
ENSMUSG00000009108,Gnat2,8144
ENSMUSG00000009112,Bcl2l13,61968
ENSMUSG00000009114,2610028H24Rik,4994
ENSMUSG00000009115,Spatc1l,5012
ENSMUSG00000009145,Dqx1,9549
ENSMUSG00000009185,Ccl8,1443
ENSMUSG00000009207,Lnpk,53836
ENSMUSG00000009210,Prr29,13347
ENSMUSG00000009214,Mymk,5225
ENSMUSG00000009216,Fam163b,15337
ENSMUSG00000009246,Trpm5,4123
ENSMUSG00000009248,Ascl2,2426
ENSMUSG00000009281,Rarres2,14457
ENSMUSG00000009291,Pttg1ip,17539
ENSMUSG00000009292,Trpm2,60863
ENSMUSG00000009293,Ube2g2,17099
ENSMUSG00000009350,Mpo,5161
ENSMUSG00000009356,Lpo,14234
ENSMUSG00000009376,Met,17413
ENSMUSG00000009378,Slc16a12,35967
ENSMUSG00000009394,Syn2,90186
ENSMUSG00000009406,Elk1,25353
ENSMUSG00000009418,Nav1,40773
ENSMUSG00000009470,Tnpo1,91109
ENSMUSG00000009471,Myod1,3774
ENSMUSG00000009487,Otog,13602
ENSMUSG00000009535,Rnmt,73770
ENSMUSG00000009545,Kcnq1,15807
ENSMUSG00000009549,Srp14,26183
ENSMUSG00000009555,Cdk9,26217
ENSMUSG00000009563,Tor2a,6506
ENSMUSG00000009566,Fpgs,4468
ENSMUSG00000009569,Mrtfb,69817
ENSMUSG00000009575,Cbx5,159991
ENSMUSG00000009580,Odam,2242
ENSMUSG00000009585,Apobec3,29768
ENSMUSG00000009588,St6galnac1,2392
ENSMUSG00000009596,Taf7l,7452
ENSMUSG00000009614,Sardh,53927
ENSMUSG00000009621,Vav2,97185
ENSMUSG00000009628,Tex15,8405
ENSMUSG00000009630,Ppp2cb,10863
ENSMUSG00000009633,G0s2,13907
ENSMUSG00000009640,Dmap1,58617
ENSMUSG00000009646,Pla2g12b,7113
ENSMUSG00000009647,Mcu,9424
ENSMUSG00000009654,Oit3,2819
ENSMUSG00000009670,Tex11,15194
ENSMUSG00000009681,Bcr,25239
ENSMUSG00000009687,Fxyd5,13771
ENSMUSG00000009731,Kcnd1,5287
ENSMUSG00000009733,Tfcp2,76324
ENSMUSG00000009734,Pou6f2,7566
ENSMUSG00000009739,Pou6f1,35443
ENSMUSG00000009741,Ubp1,122284
ENSMUSG00000009772,Nuak2,6238
ENSMUSG00000009828,Cilk1,67016
ENSMUSG00000009863,Sdhb,35228
ENSMUSG00000009876,Cox4i2,4076
ENSMUSG00000009894,Snap47,123969
ENSMUSG00000009900,Wnt3a,2767
ENSMUSG00000009905,Kdsr,58715
ENSMUSG00000009907,Vps4b,43099
ENSMUSG00000009927,Rps25,18710
ENSMUSG00000009941,Nxf2,9312
ENSMUSG00000009995,Tafazzin,86247
ENSMUSG00000010021,Kif19a,3596
ENSMUSG00000010025,Aldh3a2,24258
ENSMUSG00000010044,Zmynd10,5229
ENSMUSG00000010045,Tmem115,2194
ENSMUSG00000010047,Hyal2,24279
ENSMUSG00000010048,Ifrd2,16697
ENSMUSG00000010051,Hyal1,7895
ENSMUSG00000010054,Tusc2,7355
ENSMUSG00000010057,Nprl2,10403
ENSMUSG00000010064,Slc38a3,60314
ENSMUSG00000010066,Cacna2d2,37768
ENSMUSG00000010067,Rassf1,12082
ENSMUSG00000010080,Epn3,8527
ENSMUSG00000010086,Rnf112,83365
ENSMUSG00000010095,Slc3a2,33132
ENSMUSG00000010097,Nxf1,18731
ENSMUSG00000010110,Stx5a,52973
ENSMUSG00000010122,Slc47a1,7971
ENSMUSG00000010136,Cimap3,4000
ENSMUSG00000010142,Tnfrsf13b,3549
ENSMUSG00000010154,Spire2,45304
ENSMUSG00000010175,Prox1,63594
ENSMUSG00000010205,Raver1,22433
ENSMUSG00000010277,Bltp2,155182
ENSMUSG00000010290,AI597479,18997
ENSMUSG00000010307,Tmem86a,3659
ENSMUSG00000010311,Optc,7393
ENSMUSG00000010342,Tex14,30562
ENSMUSG00000010358,Ifi35,6671
ENSMUSG00000010362,Rdm1,27243
ENSMUSG00000010376,Nedd8,7917
ENSMUSG00000010392,Gosr1,38677
ENSMUSG00000010406,Mrpl52,12765
ENSMUSG00000010435,Spaca7,2280
ENSMUSG00000010453,Kansl3,78751
ENSMUSG00000010461,Eya4,61028
ENSMUSG00000010476,Ebf3,28295
ENSMUSG00000010505,Myt1,21504
ENSMUSG00000010517,Faf1,131127
ENSMUSG00000010529,Gm266,1215
ENSMUSG00000010538,Tsacc,18267
ENSMUSG00000010554,Mettl16,138031
ENSMUSG00000010592,Dazl,11904
ENSMUSG00000010601,Apol7a,12963
ENSMUSG00000010607,Pigyl,6557
ENSMUSG00000010608,Rbm25,43963
ENSMUSG00000010609,Psen2,17979
ENSMUSG00000010651,Acaa1b,6057
ENSMUSG00000010660,Plcd1,17592
ENSMUSG00000010663,Fads1,62809
ENSMUSG00000010721,Lmbr1,131819
ENSMUSG00000010751,Tnfrsf22,15705
ENSMUSG00000010755,Cars1,70942
ENSMUSG00000010760,Phlda2,2362
ENSMUSG00000010796,Asz1,1851
ENSMUSG00000010797,Wnt2,14452
ENSMUSG00000010803,Gabra1,51226
ENSMUSG00000010825,Grid2ip,11503
ENSMUSG00000010830,Kdelr3,4651
ENSMUSG00000010841,Cfap97d1,1314
ENSMUSG00000010911,Apip,11498
ENSMUSG00000010914,Pdhx,32048
ENSMUSG00000010936,Vac14,43398
ENSMUSG00000011008,Mcoln2,7546
ENSMUSG00000011034,Slc5a1,4104
ENSMUSG00000011096,Akt1s1,69814
ENSMUSG00000011114,Tbrg1,10532
ENSMUSG00000011118,Panx3,2531
ENSMUSG00000011148,Adss1,37325
ENSMUSG00000011154,Cfap161,8493
ENSMUSG00000011158,Brf1,18438
ENSMUSG00000011171,Vipr2,16721
ENSMUSG00000011179,Odc1,66410
ENSMUSG00000011254,Thg1l,9906
ENSMUSG00000011256,Adam19,31973
ENSMUSG00000011257,Pabpc4,45547
ENSMUSG00000011263,Exoc3l2,26019
ENSMUSG00000011267,Zfp296,4810
ENSMUSG00000011305,Plin5,53708
ENSMUSG00000011306,Sugp1,37621
ENSMUSG00000011349,Dmrtc2,6485
ENSMUSG00000011350,Gm5893,1951
ENSMUSG00000011382,Dhdh,16657
ENSMUSG00000011427,Zfp790,114828
ENSMUSG00000011463,Cpb1,3072
ENSMUSG00000011486,Slc25a41,2549
ENSMUSG00000011589,Fsd1,21858
ENSMUSG00000011632,Pinlyp,2458
ENSMUSG00000011658,Fuz,14933
ENSMUSG00000011751,Sptbn4,23072
ENSMUSG00000011752,Pgam1,8969
ENSMUSG00000011831,Evi5,44808
ENSMUSG00000011832,Evi5l,155292
ENSMUSG00000011837,Snapc2,19659
ENSMUSG00000011877,Git1,37366
ENSMUSG00000011884,Gltp,15342
ENSMUSG00000011958,Bnip2,42253
ENSMUSG00000011960,Ccnt1,43991
ENSMUSG00000012017,Scarf2,13947
ENSMUSG00000012042,4930579F01Rik,6757
ENSMUSG00000012076,Brms1l,19331
ENSMUSG00000012114,Med15,86147
ENSMUSG00000012117,Dhdds,51945
ENSMUSG00000012123,Crybg2,10345
ENSMUSG00000012126,Ubxn11,31890
ENSMUSG00000012187,Mogat1,2469
ENSMUSG00000012211,Tex22,11537
ENSMUSG00000012282,Wnt8a,1835
ENSMUSG00000012296,Tjap1,140007
ENSMUSG00000012350,Ehf,13296
ENSMUSG00000012396,Nanog,25398
ENSMUSG00000012405,Rpl15,60596
ENSMUSG00000012422,Tmem167,31548
ENSMUSG00000012428,Steap4,13127
ENSMUSG00000012429,Mplkip,5946
ENSMUSG00000012443,Kif11,15702
ENSMUSG00000012483,Rpa3,3542
ENSMUSG00000012519,Mlkl,33353
ENSMUSG00000012520,Phox2b,4440
ENSMUSG00000012535,Tnpo3,60251
ENSMUSG00000012609,Ttll5,90558
ENSMUSG00000012640,Zfp715,131389
ENSMUSG00000012705,Retn,8935
ENSMUSG00000012777,Acp4,1454
ENSMUSG00000012819,Cdh23,65955
ENSMUSG00000012848,Rps5,20254
ENSMUSG00000012889,Podnl1,2090
ENSMUSG00000013033,Adgrl1,40703
ENSMUSG00000013076,Amotl1,21013
ENSMUSG00000013083,2200002J24Rik,11669
ENSMUSG00000013089,Etv5,50490
ENSMUSG00000013091,Tmem190,2421
ENSMUSG00000013150,Gfod2,32684
ENSMUSG00000013155,Enkd1,17189
ENSMUSG00000013158,4933405L10Rik,3348
ENSMUSG00000013160,Atp6v0d1,8097
ENSMUSG00000013236,Ptprs,170321
ENSMUSG00000013275,Slc41a1,34223
ENSMUSG00000013338,Fer1l4,6106
ENSMUSG00000013353,Siglecl2,10597
ENSMUSG00000013367,Iglon5,2622
ENSMUSG00000013415,Igf2bp1,61905
ENSMUSG00000013418,B4galnt2,8155
ENSMUSG00000013419,Zbtb47,19396
ENSMUSG00000013465,Nelfb,2645
ENSMUSG00000013483,Card14,12101
ENSMUSG00000013495,Tmem175,96036
ENSMUSG00000013523,Bcas1,8964
ENSMUSG00000013539,Tango2,77439
ENSMUSG00000013584,Aldh1a2,15215
ENSMUSG00000013593,Ndufs2,20597
ENSMUSG00000013611,Snx31,6384
ENSMUSG00000013622,Atraid,10168
ENSMUSG00000013629,Cad,55739
ENSMUSG00000013643,Lypd8,7712
ENSMUSG00000013646,Sh3bp5l,135991
ENSMUSG00000013653,1810065E05Rik,1855
ENSMUSG00000013662,Atad1,89136
ENSMUSG00000013663,Pten,16608
ENSMUSG00000013668,4933402N03Rik,1826
ENSMUSG00000013698,Pea15a,66964
ENSMUSG00000013701,Timm23,4178
ENSMUSG00000013707,Tnfaip8l2,6826
ENSMUSG00000013736,Trnt1,64733
ENSMUSG00000013766,Ly6g6e,22873
ENSMUSG00000013787,Ehmt2,27597
ENSMUSG00000013822,Elof1,113955
ENSMUSG00000013833,Med16,76875
ENSMUSG00000013846,St3gal1,21757
ENSMUSG00000013858,Tmem259,36582
ENSMUSG00000013878,Rnf170,91265
ENSMUSG00000013921,Clip3,13710
ENSMUSG00000013936,Myl2,17835
ENSMUSG00000013973,Dedd,154484
ENSMUSG00000013974,Mcemp1,4081
ENSMUSG00000013997,Nit1,12479
ENSMUSG00000014030,Pax5,43186
ENSMUSG00000014039,Prdm15,85412
ENSMUSG00000014074,Rnf168,17100
ENSMUSG00000014075,Dynlt2b,6545
ENSMUSG00000014077,Chp1,20182
ENSMUSG00000014104,Sval2,1627
ENSMUSG00000014158,Trpv4,33287
ENSMUSG00000014164,Klhl3,14259
ENSMUSG00000014177,Tvp23b,8490
ENSMUSG00000014195,Dnajc7,27006
ENSMUSG00000014198,Zfp385c,2766
ENSMUSG00000014226,Cacybp,16126
ENSMUSG00000014232,Cluap1,29665
ENSMUSG00000014243,Zswim7,6017
ENSMUSG00000014245,Pigl,3234
ENSMUSG00000014294,Ndufa2,3736
ENSMUSG00000014301,Pam16,3521
ENSMUSG00000014303,Glis2,28800
ENSMUSG00000014313,Cox6c,8795
ENSMUSG00000014329,Bicc1,14166
ENSMUSG00000014349,Ube2z,14592
ENSMUSG00000014351,Gip,2554
ENSMUSG00000014353,Tmem87b,120720
ENSMUSG00000014355,Anapc1,48702
ENSMUSG00000014361,Mertk,17760
ENSMUSG00000014402,Tsg101,22692
ENSMUSG00000014418,Hps5,56757
ENSMUSG00000014426,Map3k4,68123
ENSMUSG00000014444,Piezo1,32778
ENSMUSG00000014453,Blk,2427
ENSMUSG00000014470,Rnf166,7165
ENSMUSG00000014496,Ankrd28,39795
ENSMUSG00000014498,Ankrd52,6620
ENSMUSG00000014503,Pkd2l2,21002
ENSMUSG00000014504,Srp19,11809
ENSMUSG00000014529,Tmbim7,28672
ENSMUSG00000014542,Clec4f,7215
ENSMUSG00000014543,Klra17,3394
ENSMUSG00000014547,Wdfy2,33858
ENSMUSG00000014550,Rbsn,47734
ENSMUSG00000014551,Mrps25,19010
ENSMUSG00000014554,Dguok,11958
ENSMUSG00000014592,Camta1,34057
ENSMUSG00000014599,Csf1,19849
ENSMUSG00000014601,Strip1,39951
ENSMUSG00000014602,Kif1a,116056
ENSMUSG00000014603,Alx3,1974
ENSMUSG00000014606,Slc25a11,16657
ENSMUSG00000014609,Chrne,10637
ENSMUSG00000014633,Cmc2,43612
ENSMUSG00000014668,Chfr,42130
ENSMUSG00000014686,Ceacam16,1635
ENSMUSG00000014704,Hoxa2,2573
ENSMUSG00000014725,Adam28,13127
ENSMUSG00000014747,Ankrd53,4853
ENSMUSG00000014748,Tex261,36740
ENSMUSG00000014763,Fam120b,87276
ENSMUSG00000014767,Tbp,156898
ENSMUSG00000014769,Psmb1,56665
ENSMUSG00000014771,Pdcd2,11692
ENSMUSG00000014773,Dll1,15870
ENSMUSG00000014776,Nol3,15137
ENSMUSG00000014778,Fhod1,7978
ENSMUSG00000014782,Plekhg4,11160
ENSMUSG00000014786,Slc9a5,30244
ENSMUSG00000014791,Elmo3,12597
ENSMUSG00000014813,Stc1,4197
ENSMUSG00000014837,Matcap1,39984
ENSMUSG00000014846,Tppp3,18589
ENSMUSG00000014850,Msh3,36489
ENSMUSG00000014852,Adamts13,8057
ENSMUSG00000014856,Tmem208,12718
ENSMUSG00000014859,E2f4,13757
ENSMUSG00000014867,Surf4,12499
ENSMUSG00000014873,Surf2,10365
ENSMUSG00000014905,Dnajb9,17383
ENSMUSG00000014907,Naf1,14212
ENSMUSG00000014932,Yes1,110052
ENSMUSG00000014956,Ppp1cb,91322
ENSMUSG00000014959,Gorasp2,40190
ENSMUSG00000014980,Tsen15,3302
ENSMUSG00000015001,Oc90,5659
ENSMUSG00000015002,Efr3a,96989
ENSMUSG00000015013,Trappc2l,17284
ENSMUSG00000015016,Acsf3,36975
ENSMUSG00000015023,Ddx19a,7649
ENSMUSG00000015027,Galns,14492
ENSMUSG00000015053,Gata2,43202
ENSMUSG00000015083,C8g,8670
ENSMUSG00000015085,Entpd2,11085
ENSMUSG00000015087,Rabl6,33758
ENSMUSG00000015090,Ptgds,45153
ENSMUSG00000015092,Edf1,12450
ENSMUSG00000015093,Clic3,1599
ENSMUSG00000015094,Npdc1,32903
ENSMUSG00000015095,Fbxw5,84727
ENSMUSG00000015112,Slc25a13,55901
ENSMUSG00000015120,Ube2i,137007
ENSMUSG00000015126,Tsr3,20237
ENSMUSG00000015127,Unkl,61821
ENSMUSG00000015133,Lrrk1,14210
ENSMUSG00000015134,Aldh1a3,10241
ENSMUSG00000015143,Actn1,46154
ENSMUSG00000015149,Sirt2,54512
ENSMUSG00000015165,Hnrnpl,20258
ENSMUSG00000015176,Nolc1,34503
ENSMUSG00000015189,Casd1,69807
ENSMUSG00000015202,Cnksr3,13116
ENSMUSG00000015214,Mtmr1,47342
ENSMUSG00000015217,Hmgb3,56707
ENSMUSG00000015222,Map2,159061
ENSMUSG00000015224,Cyp2j9,11825
ENSMUSG00000015242,Nipsnap3a,3676
ENSMUSG00000015243,Abca1,27641
ENSMUSG00000015247,Nipsnap3b,14461
ENSMUSG00000015289,Lage3,16683
ENSMUSG00000015290,Ubl4a,24596
ENSMUSG00000015291,Gdi1,31276
ENSMUSG00000015305,Sash1,7424
ENSMUSG00000015312,Gadd45b,5454
ENSMUSG00000015314,Slamf6,11816
ENSMUSG00000015316,Slamf1,2705
ENSMUSG00000015335,Zdhhc12,11921
ENSMUSG00000015337,Endog,2730
ENSMUSG00000015340,Cybb,4759
ENSMUSG00000015341,Golga7,10784
ENSMUSG00000015342,Xk,20641
ENSMUSG00000015354,Pcolce2,19577
ENSMUSG00000015355,Cd48,5350
ENSMUSG00000015357,Clpx,56975
ENSMUSG00000015363,Trabd,66217
ENSMUSG00000015365,Mov10l1,14029
ENSMUSG00000015377,Dennd6b,78468
ENSMUSG00000015396,Cd83,13375
ENSMUSG00000015401,Cltrn,7780
ENSMUSG00000015405,Ace2,7030
ENSMUSG00000015437,Gzmb,1436
ENSMUSG00000015441,Gzmf,919
ENSMUSG00000015443,Gzmn,3944
ENSMUSG00000015451,C4a,5369
ENSMUSG00000015452,Ager,3987
ENSMUSG00000015461,Atf6b,52095
ENSMUSG00000015467,Egfl8,2388
ENSMUSG00000015468,Notch4,50981
ENSMUSG00000015474,Ppt2,22432
ENSMUSG00000015476,Prrt1,26525
ENSMUSG00000015478,Rnf5,19935
ENSMUSG00000015484,Fam163a,106084
ENSMUSG00000015488,Cacfd1,19905
ENSMUSG00000015501,Hivep2,179826
ENSMUSG00000015519,2310057J18Rik,4967
ENSMUSG00000015522,Arnt,79708
ENSMUSG00000015533,Itga2,7108
ENSMUSG00000015536,Mocs2,87740
ENSMUSG00000015542,Nat9,23690
ENSMUSG00000015568,Lpl,43167
ENSMUSG00000015575,Atp6v0e,20549
ENSMUSG00000015579,Nkx2-5,3099
ENSMUSG00000015597,Zfp318,25347
ENSMUSG00000015599,Ttbk1,38901
ENSMUSG00000015605,Srf,19932
ENSMUSG00000015619,Gata3,26523
ENSMUSG00000015627,Gata5,3340
ENSMUSG00000015647,Lama5,11448
ENSMUSG00000015652,Steap1,9351
ENSMUSG00000015653,Steap2,49998
ENSMUSG00000015656,Hspa8,58183
ENSMUSG00000015659,Serac1,59861
ENSMUSG00000015665,Awat1,1390
ENSMUSG00000015668,Pdzd11,50667
ENSMUSG00000015671,Psma2,17377
ENSMUSG00000015672,Mrpl32,12684
ENSMUSG00000015697,Setdb1,121973
ENSMUSG00000015702,Anxa9,8406
ENSMUSG00000015709,Arnt2,41647
ENSMUSG00000015711,Prune1,17836
ENSMUSG00000015714,Cers2,29551
ENSMUSG00000015721,Nlrp5,10367
ENSMUSG00000015733,Capza2,40021
ENSMUSG00000015745,Plekho1,6270
ENSMUSG00000015747,Vps45,29373
ENSMUSG00000015748,Prpf3,36573
ENSMUSG00000015749,Anp32e,62481
ENSMUSG00000015750,Aph1a,9140
ENSMUSG00000015755,Tab2,7414
ENSMUSG00000015757,Ppil4,22946
ENSMUSG00000015759,Cnih1,8794
ENSMUSG00000015766,Eps8,81036
ENSMUSG00000015776,Med22,23293
ENSMUSG00000015787,Abo,8750
ENSMUSG00000015790,Surf1,42912
ENSMUSG00000015804,Med28,14923
ENSMUSG00000015806,Qdpr,21451
ENSMUSG00000015812,Gnrh1,2505
ENSMUSG00000015829,Tnr,59533
ENSMUSG00000015837,Sqstm1,101087
ENSMUSG00000015839,Nfe2l2,13069
ENSMUSG00000015843,Rxrg,16594
ENSMUSG00000015846,Rxra,17315
ENSMUSG00000015850,Adamtsl4,28276
ENSMUSG00000015852,Fcrl2,11211
ENSMUSG00000015854,Cd5l,2042
ENSMUSG00000015869,Prpsap1,10642
ENSMUSG00000015879,Fam184b,4236
ENSMUSG00000015880,Ncapg,34812
ENSMUSG00000015882,Lcorl,78328
ENSMUSG00000015889,Lta4h,14477
ENSMUSG00000015890,Amdhd1,7325
ENSMUSG00000015932,Dstn,24169
ENSMUSG00000015937,Macroh2a1,53396
ENSMUSG00000015942,Gtf2ird2,26005
ENSMUSG00000015943,Bola1,5657
ENSMUSG00000015944,Castor2,14932
ENSMUSG00000015947,Fcgr1,7124
ENSMUSG00000015950,Ncf1,11075
ENSMUSG00000015957,Wnt11,27266
ENSMUSG00000015961,Adss2,23417
ENSMUSG00000015962,Spmip3,2231
ENSMUSG00000015966,Il17rb,13138
ENSMUSG00000015968,Cacna1d,84224
ENSMUSG00000015970,Chdh,33520
ENSMUSG00000015971,Actr8,46406
ENSMUSG00000015980,Lrrc27,46856
ENSMUSG00000015981,Stk32c,4107
ENSMUSG00000015994,Fnta,10612
ENSMUSG00000016018,Mtrex,26333
ENSMUSG00000016024,Lbp,8834
ENSMUSG00000016028,Celsr1,22683
ENSMUSG00000016087,Fli1,7781
ENSMUSG00000016128,Stard13,16887
ENSMUSG00000016150,Tenm1,52448
ENSMUSG00000016179,Camk1g,19713
ENSMUSG00000016181,Utp25,16624
ENSMUSG00000016194,Hsd11b1,26671
ENSMUSG00000016200,Syt14,45256
ENSMUSG00000016206,H2-M3,4036
ENSMUSG00000016239,Lonrf3,2955
ENSMUSG00000016252,Atp5f1e,3710
ENSMUSG00000016253,Nelfcd,42980
ENSMUSG00000016255,Tubb1,1406
ENSMUSG00000016256,Ctsz,14265
ENSMUSG00000016257,Prelid3b,13688
ENSMUSG00000016262,Sertad4,60960
ENSMUSG00000016283,H2-M2,2907
ENSMUSG00000016308,Ube2a,29468
ENSMUSG00000016319,Slc25a5,12818
ENSMUSG00000016327,Atp1b4,38054
ENSMUSG00000016344,Ppdpf,23591
ENSMUSG00000016346,Kcnq2,43943
ENSMUSG00000016349,Eef1a2,199390
ENSMUSG00000016356,Col20a1,13868
ENSMUSG00000016382,Pls3,65748
ENSMUSG00000016386,Mpped2,30417
ENSMUSG00000016409,Nkap,12590
ENSMUSG00000016427,Ndufa1,1008
ENSMUSG00000016458,Wt1,8183
ENSMUSG00000016477,E2f3,19352
ENSMUSG00000016481,Cr1l,40833
ENSMUSG00000016487,Ppfibp1,112558
ENSMUSG00000016493,Cd46,6292
ENSMUSG00000016494,Cd34,27400
ENSMUSG00000016495,Plgrkt,29865
ENSMUSG00000016496,Cd274,7651
ENSMUSG00000016498,Pdcd1lg2,4029
ENSMUSG00000016503,Gtf3a,2804
ENSMUSG00000016510,Mtif3,68545
ENSMUSG00000016520,Lnx2,51206
ENSMUSG00000016524,Il19,4174
ENSMUSG00000016526,Dyrk3,11463
ENSMUSG00000016528,Mapkapk2,22967
ENSMUSG00000016529,Il10,1311
ENSMUSG00000016534,Lamp2,72865
ENSMUSG00000016541,Atxn10,32927
ENSMUSG00000016552,Foxred2,26294
ENSMUSG00000016554,Eif3d,22059
ENSMUSG00000016559,H3f3b,15840
ENSMUSG00000016619,Nup50,34700
ENSMUSG00000016624,Phf21b,7999
ENSMUSG00000016626,Nlrp14,4718
ENSMUSG00000016637,Ift27,12883
ENSMUSG00000016664,Pacsin2,94077
ENSMUSG00000016756,Cmah,110543
ENSMUSG00000016757,Ttll12,16187
ENSMUSG00000016758,Bik,9928
ENSMUSG00000016763,Scube1,93797
ENSMUSG00000016831,Tox4,34777
ENSMUSG00000016833,Mrps18c,13380
ENSMUSG00000016918,Sulf1,50970
ENSMUSG00000016921,Srsf6,18415
ENSMUSG00000016933,Plcg1,24234
ENSMUSG00000016940,Kctd2,26365
ENSMUSG00000016942,Tmprss6,19569
ENSMUSG00000016946,Kctd5,12628
ENSMUSG00000016982,Pom121l2,5128
ENSMUSG00000016984,Etaa1,7340
ENSMUSG00000016995,Matn4,38594
ENSMUSG00000016998,Svs4,1157
ENSMUSG00000017000,Svs6,535
ENSMUSG00000017002,Slpi,1456
ENSMUSG00000017003,Svs3a,2397
ENSMUSG00000017004,Svs5,4126
ENSMUSG00000017007,Rbpjl,4308
ENSMUSG00000017009,Sdc4,5564
ENSMUSG00000017049,Ccdc70,4238
ENSMUSG00000017057,Il13ra1,21974
ENSMUSG00000017064,Prl5a1,1061
ENSMUSG00000017119,Nbr1,114716
ENSMUSG00000017132,Cyth1,7585
ENSMUSG00000017144,Rnd3,11676
ENSMUSG00000017146,Brca1,43366
ENSMUSG00000017165,Gast,2192
ENSMUSG00000017167,Cntnap1,7861
ENSMUSG00000017176,Nt5c3b,15981
ENSMUSG00000017188,Coa3,1348
ENSMUSG00000017195,Zpbp2,11246
ENSMUSG00000017204,Gsdma,2726
ENSMUSG00000017210,Med24,60963
ENSMUSG00000017211,Gsdma2,3002
ENSMUSG00000017221,Psmd3,21340
ENSMUSG00000017264,Exosc10,21955
ENSMUSG00000017286,Glod4,33074
ENSMUSG00000017288,Vps53,100253
ENSMUSG00000017291,Taok1,39942
ENSMUSG00000017299,Dnttip1,23502
ENSMUSG00000017300,Tnnc2,5246
ENSMUSG00000017307,Acot8,17638
ENSMUSG00000017309,Cd300lg,9956
ENSMUSG00000017310,Spint4,751
ENSMUSG00000017311,Pyy,3924
ENSMUSG00000017314,Mpp2,57920
ENSMUSG00000017316,Ppy,1492
ENSMUSG00000017344,Vtn,15979
ENSMUSG00000017376,Nlk,38955
ENSMUSG00000017386,Traf4,2078
ENSMUSG00000017390,Aldoc,57454
ENSMUSG00000017400,Stac2,7202
ENSMUSG00000017404,Rpl19,13072
ENSMUSG00000017405,Nek8,35590
ENSMUSG00000017412,Cacnb4,31828
ENSMUSG00000017417,Plxdc1,22172
ENSMUSG00000017418,Arl5b,18003
ENSMUSG00000017421,Zfp207,138383
ENSMUSG00000017428,Psmd11,33135
ENSMUSG00000017446,C1qtnf1,17851
ENSMUSG00000017453,Pipox,16638
ENSMUSG00000017466,Timp2,28859
ENSMUSG00000017478,Zc3h18,57187
ENSMUSG00000017485,Top2b,74548
ENSMUSG00000017491,Rarb,15047
ENSMUSG00000017493,Igfbp4,10990
ENSMUSG00000017499,Cdc6,41399
ENSMUSG00000017548,Suz12,41375
ENSMUSG00000017550,Atad5,25490
ENSMUSG00000017561,Crlf3,13961
ENSMUSG00000017588,Krt27,1550
ENSMUSG00000017607,Tns4,4767
ENSMUSG00000017615,Tnfaip1,59956
ENSMUSG00000017631,Abr,32112
ENSMUSG00000017639,Rab11fip4,32518
ENSMUSG00000017652,Cd40,11220
ENSMUSG00000017664,Slc35c2,101816
ENSMUSG00000017667,Zfp334,50293
ENSMUSG00000017670,Elmo2,122112
ENSMUSG00000017677,Wsb1,4844
ENSMUSG00000017679,Ttpal,64568
ENSMUSG00000017686,Rhot1,147782
ENSMUSG00000017688,Hnf4g,8266
ENSMUSG00000017692,Rhbdl3,90404
ENSMUSG00000017697,Ada,8130
ENSMUSG00000017707,Serinc3,34173
ENSMUSG00000017713,Tha1,3901
ENSMUSG00000017715,Pgs1,65441
ENSMUSG00000017716,Birc5,17057
ENSMUSG00000017718,Afmid,2365
ENSMUSG00000017720,Trp53tg5,3426
ENSMUSG00000017721,Pigt,4291
ENSMUSG00000017723,Wfdc2,18413
ENSMUSG00000017724,Etv4,33374
ENSMUSG00000017733,Eppin,778
ENSMUSG00000017734,Dbndd2,57674
ENSMUSG00000017737,Mmp9,6508
ENSMUSG00000017740,Slc12a5,52411
ENSMUSG00000017747,Ghdc,15270
ENSMUSG00000017754,Pltp,29233
ENSMUSG00000017756,Slc12a7,35683
ENSMUSG00000017760,Ctsa,11474
ENSMUSG00000017764,Zswim1,10698
ENSMUSG00000017765,Slc12a4,36589
ENSMUSG00000017767,Spata25,1222
ENSMUSG00000017774,Myo1c,38730
ENSMUSG00000017776,Crk,33783
ENSMUSG00000017778,Cox7c,10980
ENSMUSG00000017781,Pitpna,5343
ENSMUSG00000017801,Mlx,16585
ENSMUSG00000017802,Retreg3,28441
ENSMUSG00000017817,Jph2,21177
ENSMUSG00000017830,Dhx58,4881
ENSMUSG00000017831,Rab5a,63526
ENSMUSG00000017832,Hspb9,1378
ENSMUSG00000017837,Nkiras2,32678
ENSMUSG00000017843,Ppp2r5c,77563
ENSMUSG00000017858,Ift52,12413
ENSMUSG00000017861,Mybl2,47768
ENSMUSG00000017868,Sgk2,20616
ENSMUSG00000017897,Eya2,18869
ENSMUSG00000017922,Prl3c1,2254
ENSMUSG00000017929,B4galt5,4398
ENSMUSG00000017943,Gdap1l1,13833
ENSMUSG00000017950,Hnf4a,14232
ENSMUSG00000017969,Ptgis,12632
ENSMUSG00000017978,Cadps2,36894
ENSMUSG00000017999,Ddx27,34615
ENSMUSG00000018001,Cyth3,34070
ENSMUSG00000018008,Cyth4,15094
ENSMUSG00000018012,Rac3,3240
ENSMUSG00000018040,Rrp7a,75325
ENSMUSG00000018042,Cyb5r3,9347
ENSMUSG00000018068,Ints2,56939
ENSMUSG00000018076,Med13l,29223
ENSMUSG00000018102,H2bc4,7802
ENSMUSG00000018126,Baiap2l2,3214
ENSMUSG00000018143,Mafk,19629
ENSMUSG00000018160,Med1,28811
ENSMUSG00000018166,Erbb3,12056
ENSMUSG00000018167,Stard3,39064
ENSMUSG00000018168,Ikzf3,3658
ENSMUSG00000018169,Mfng,10959
ENSMUSG00000018171,Vmp1,107233
ENSMUSG00000018189,Uchl5,24891
ENSMUSG00000018196,Glrx2,46368
ENSMUSG00000018199,Ro60,31613
ENSMUSG00000018209,Stk4,38861
ENSMUSG00000018211,Wfdc15b,3448
ENSMUSG00000018217,Pmp22,48128
ENSMUSG00000018238,Gdf9,1793
ENSMUSG00000018239,Zcchc10,8766
ENSMUSG00000018259,Prl8a2,1897
ENSMUSG00000018263,Tbx5,14525
ENSMUSG00000018286,Psmb6,8533
ENSMUSG00000018287,Spag7,8059
ENSMUSG00000018293,Pfn1,15594
ENSMUSG00000018322,Tomm34,23662
ENSMUSG00000018326,Ywhab,83175
ENSMUSG00000018334,Ksr1,13654
ENSMUSG00000018339,Gpx3,2843
ENSMUSG00000018340,Anxa6,75598
ENSMUSG00000018341,Il12rb2,6298
ENSMUSG00000018347,Zkscan6,110673
ENSMUSG00000018362,Kpna2,26769
ENSMUSG00000018363,Smurf2,26756
ENSMUSG00000018372,Cep95,39361
ENSMUSG00000018377,Vezf1,36066
ENSMUSG00000018378,Cuedc1,117108
ENSMUSG00000018379,Srsf1,31414
ENSMUSG00000018381,Abi3,21763
ENSMUSG00000018387,Shroom1,41475
ENSMUSG00000018395,Kif3a,75953
ENSMUSG00000018398,Septin8,66443
ENSMUSG00000018401,Mtmr4,67522
ENSMUSG00000018405,Mrm1,18600
ENSMUSG00000018411,Mapt,362291
ENSMUSG00000018412,Kansl1,195646
ENSMUSG00000018415,Gid4,42846
ENSMUSG00000018417,Myo1b,79135
ENSMUSG00000018425,Dhx40,55905
ENSMUSG00000018427,Ypel2,5419
ENSMUSG00000018428,Akap1,93794
ENSMUSG00000018433,Nol11,55850
ENSMUSG00000018442,Derl2,35429
ENSMUSG00000018446,C1qbp,3465
ENSMUSG00000018449,Rpain,5204
ENSMUSG00000018451,6330403K07Rik,1573
ENSMUSG00000018459,Slc13a3,21135
ENSMUSG00000018470,Kcnab3,20521
ENSMUSG00000018474,Chd3,49683
ENSMUSG00000018476,Kdm6b,6654
ENSMUSG00000018479,Chct1,1653
ENSMUSG00000018481,Appbp2,60253
ENSMUSG00000018486,Wnt9b,4527
ENSMUSG00000018500,Adora2b,1851
ENSMUSG00000018501,Ncor1,213416
ENSMUSG00000018507,Trpv2,14458
ENSMUSG00000018509,Cenpv,7829
ENSMUSG00000018537,Pcgf2,52529
ENSMUSG00000018541,Cwc25,8059
ENSMUSG00000018543,Spmap1,1234
ENSMUSG00000018547,Pip4k2b,5123
ENSMUSG00000018548,Trim37,120542
ENSMUSG00000018554,Ybx2,5987
ENSMUSG00000018559,Ctdnep1,9564
ENSMUSG00000018565,Elp5,31691
ENSMUSG00000018566,Slc2a4,28685
ENSMUSG00000018567,Gabarap,11127
ENSMUSG00000018569,Cldn7,4000
ENSMUSG00000018570,2810408A11Rik,15883
ENSMUSG00000018572,Phf23,9677
ENSMUSG00000018574,Acadvl,41501
ENSMUSG00000018581,Dnah11,14072
ENSMUSG00000018583,G3bp1,62404
ENSMUSG00000018585,Atox1,13924
ENSMUSG00000018589,Glra2,15758
ENSMUSG00000018593,Sparc,68621
ENSMUSG00000018595,Glra4,1831
ENSMUSG00000018599,Mief2,26240
ENSMUSG00000018604,Tbx3,55328
ENSMUSG00000018620,Mmp20,3287
ENSMUSG00000018623,Mmp7,1068
ENSMUSG00000018634,Crhr1,8797
ENSMUSG00000018648,Dusp14,24987
ENSMUSG00000018651,Tada2a,43231
ENSMUSG00000018654,Ikzf1,105668
ENSMUSG00000018656,Tcaf3,3110
ENSMUSG00000018659,Pnpo,12079
ENSMUSG00000018661,Cog1,51391
ENSMUSG00000018666,Cbx1,65834
ENSMUSG00000018669,Cdk5rap3,22658
ENSMUSG00000018672,Copz2,4932
ENSMUSG00000018677,Slc25a39,50526
ENSMUSG00000018678,Sp2,27525
ENSMUSG00000018697,Aatf,19232
ENSMUSG00000018698,Lhx1,6826
ENSMUSG00000018707,Dync1h1,32993
ENSMUSG00000018727,Cpsf4l,41555
ENSMUSG00000018733,Pex12,26033
ENSMUSG00000018736,Ndel1,34779
ENSMUSG00000018740,Slc25a35,26207
ENSMUSG00000018750,Zbtb4,36226
ENSMUSG00000018752,Tnfsfm13,4754
ENSMUSG00000018761,Mpdu1,10148
ENSMUSG00000018765,Fxr2,6026
ENSMUSG00000018770,Atp5mc3,28789
ENSMUSG00000018774,Cd68,6079
ENSMUSG00000018776,Slc35g3,3236
ENSMUSG00000018796,Acsl1,122584
ENSMUSG00000018800,Abca5,27993
ENSMUSG00000018809,Smyd4,52158
ENSMUSG00000018819,Lsp1,26506
ENSMUSG00000018820,Zfyve27,171764
ENSMUSG00000018821,Avpi1,30175
ENSMUSG00000018822,Sfrp5,1900
ENSMUSG00000018830,Myh11,19342
ENSMUSG00000018841,Rad51d,52593
ENSMUSG00000018844,Fndc8,2166
ENSMUSG00000018845,Unc45b,117021
ENSMUSG00000018846,Pank3,7485
ENSMUSG00000018848,Rars1,17448
ENSMUSG00000018849,Wwc1,44665
ENSMUSG00000018858,Mrpl58,25327
ENSMUSG00000018861,Fdxr,47326
ENSMUSG00000018862,Otop3,4795
ENSMUSG00000018865,Sult4a1,37481
ENSMUSG00000018868,Pnpla5,3866
ENSMUSG00000018882,Mrpl45,18984
ENSMUSG00000018893,Mb,12037
ENSMUSG00000018899,Irf1,11556
ENSMUSG00000018900,Slc22a5,26292
ENSMUSG00000018906,P4ha2,50279
ENSMUSG00000018907,Alox12e,2422
ENSMUSG00000018909,Arrb1,48251
ENSMUSG00000018914,Il3,629
ENSMUSG00000018916,Csf2,800
ENSMUSG00000018919,Tm4sf5,1000
ENSMUSG00000018920,Cxcl16,2991
ENSMUSG00000018921,Pelp1,20854
ENSMUSG00000018923,Med11,12423
ENSMUSG00000018924,Alox15,7200
ENSMUSG00000018925,Heatr9,1875
ENSMUSG00000018927,Ccl6,6154
ENSMUSG00000018930,Ccl4,687
ENSMUSG00000018931,Natd1,4183
ENSMUSG00000018932,Map2k3,25687
ENSMUSG00000018965,Ywhah,4178
ENSMUSG00000018973,Hoxb1,2086
ENSMUSG00000018974,Sart3,68661
ENSMUSG00000018983,E2f2,14532
ENSMUSG00000018986,Slfn3,5257
ENSMUSG00000018995,Nars2,96916
ENSMUSG00000018999,Slc35b4,22990
ENSMUSG00000019027,Dnah1,16450
ENSMUSG00000019039,Dalrd3,22983
ENSMUSG00000019054,Fis1,4042
ENSMUSG00000019055,Plod1,47794
ENSMUSG00000019066,Rab3d,42380
ENSMUSG00000019080,Mfsd3,15093
ENSMUSG00000019082,Slc25a22,74481
ENSMUSG00000019087,Atp6ap1,27940
ENSMUSG00000019088,Dnase1l1,25418
ENSMUSG00000019102,Aldh3a1,12217
ENSMUSG00000019122,Ccl9,8973
ENSMUSG00000019124,Scrn1,65651
ENSMUSG00000019132,BC005537,29234
ENSMUSG00000019139,Isyna1,3752
ENSMUSG00000019143,Hars2,28347
ENSMUSG00000019146,Cacng2,5723
ENSMUSG00000019158,Tmem160,5252
ENSMUSG00000019173,Rab5c,39733
ENSMUSG00000019178,Styxl1,19610
ENSMUSG00000019179,Mdh2,17212
ENSMUSG00000019188,H13,74387
ENSMUSG00000019189,Rnf145,62408
ENSMUSG00000019194,Scn1b,24493
ENSMUSG00000019210,Atp6v1e1,20403
ENSMUSG00000019214,Chtf18,64924
ENSMUSG00000019230,Lhx9,19997
ENSMUSG00000019232,Etnppl,34052
ENSMUSG00000019235,Rps6kl1,81484
ENSMUSG00000019254,Ppp1r12c,83316
ENSMUSG00000019256,Ahr,10051
ENSMUSG00000019261,Map1s,25171
ENSMUSG00000019278,Dpep1,22182
ENSMUSG00000019295,Tmem129,9806
ENSMUSG00000019297,Nop9,14890
ENSMUSG00000019301,Hsd17b1,2378
ENSMUSG00000019302,Atp6v0a1,184069
ENSMUSG00000019303,Psmc3ip,8751
ENSMUSG00000019312,Grb7,13953
ENSMUSG00000019320,Noxo1,15453
ENSMUSG00000019326,Aoc3,13889
ENSMUSG00000019338,Zfp687,17170
ENSMUSG00000019359,Gdpd2,9997
ENSMUSG00000019362,D8Ertd738e,2510
ENSMUSG00000019368,Sec14l4,15896
ENSMUSG00000019370,Calm3,32073
ENSMUSG00000019373,Cops3,8414
ENSMUSG00000019428,Fkbp8,77728
ENSMUSG00000019429,Ffar3,2881
ENSMUSG00000019432,Ddx39b,16890
ENSMUSG00000019433,Gipc1,22544
ENSMUSG00000019437,Tlcd1,9798
ENSMUSG00000019461,Plscr3,42098
ENSMUSG00000019464,Ptger1,14443
ENSMUSG00000019467,Arhgef25,22290
ENSMUSG00000019470,Xab2,85269
ENSMUSG00000019471,Cdc37,64299
ENSMUSG00000019478,Rab4a,27953
ENSMUSG00000019487,Trip10,72918
ENSMUSG00000019489,Cd70,842
ENSMUSG00000019494,Cops6,36687
ENSMUSG00000019505,Ubb,14320
ENSMUSG00000019518,Ap4m1,9576
ENSMUSG00000019528,Gyg1,9413
ENSMUSG00000019539,Rcn3,11932
ENSMUSG00000019558,Slc6a8,35082
ENSMUSG00000019564,Arid3a,21440
ENSMUSG00000019577,Pdk4,14838
ENSMUSG00000019578,Ubxn6,40731
ENSMUSG00000019579,Mydgf,16175
ENSMUSG00000019590,Cyb561,97129
ENSMUSG00000019647,Sema6a,50295
ENSMUSG00000019659,Ccdc12,15754
ENSMUSG00000019689,Fmc1,1944
ENSMUSG00000019699,Akt3,11190
ENSMUSG00000019710,Mrpl24,18056
ENSMUSG00000019715,Gle1,72731
ENSMUSG00000019718,L3hypdh,7097
ENSMUSG00000019726,Lyst,30623
ENSMUSG00000019731,Slc35e1,45566
ENSMUSG00000019732,Calr3,8086
ENSMUSG00000019734,Tmc4,4515
ENSMUSG00000019737,Syne4,6372
ENSMUSG00000019738,Polr2i,5125
ENSMUSG00000019756,Prl8a1,2546
ENSMUSG00000019761,Krt10,2664
ENSMUSG00000019762,Iyd,7340
ENSMUSG00000019763,Rmnd1,84744
ENSMUSG00000019767,Ccdc170,28282
ENSMUSG00000019768,Esr1,36308
ENSMUSG00000019772,Vip,36666
ENSMUSG00000019773,Fbxo5,7124
ENSMUSG00000019774,Mtrf1l,7685
ENSMUSG00000019775,Rgs17,99896
ENSMUSG00000019777,Hdac2,24874
ENSMUSG00000019779,Frk,34453
ENSMUSG00000019782,Rwdd1,6800
ENSMUSG00000019785,Clvs2,31747
ENSMUSG00000019787,Trdn,326756
ENSMUSG00000019789,Hey2,8118
ENSMUSG00000019790,Stxbp5,54201
ENSMUSG00000019791,Hint3,3309
ENSMUSG00000019792,Trmt11,15949
ENSMUSG00000019794,Katna1,20183
ENSMUSG00000019795,Pcmt1,87319
ENSMUSG00000019796,Lrp11,165128
ENSMUSG00000019797,Mtres1,39336
ENSMUSG00000019802,Sec63,57400
ENSMUSG00000019803,Nr2e1,8633
ENSMUSG00000019804,Snx3,15200
ENSMUSG00000019806,Aig1,34618
ENSMUSG00000019808,Adat2,5387
ENSMUSG00000019809,Pex3,17906
ENSMUSG00000019810,Fuca2,21438
ENSMUSG00000019813,Cep57l1,154213
ENSMUSG00000019814,Ltv1,6924
ENSMUSG00000019815,Zc2hc1b,4392
ENSMUSG00000019817,Plagl1,53700
ENSMUSG00000019818,Cd164,42912
ENSMUSG00000019820,Utrn,42926
ENSMUSG00000019822,Smpd2,5205
ENSMUSG00000019823,Mical1,43411
ENSMUSG00000019826,Zbtb24,50175
ENSMUSG00000019828,Grm1,78317
ENSMUSG00000019831,Wasf1,40978
ENSMUSG00000019832,Rab32,4153
ENSMUSG00000019834,Slc22a16,13117
ENSMUSG00000019837,Gtf3c6,31594
ENSMUSG00000019838,Slc16a10,19709
ENSMUSG00000019841,Rev3l,12331
ENSMUSG00000019842,Traf3ip2,43492
ENSMUSG00000019843,Fyn,179816
ENSMUSG00000019845,Tube1,5926
ENSMUSG00000019846,Lama4,34733
ENSMUSG00000019848,Popdc3,26466
ENSMUSG00000019849,Prep,91743
ENSMUSG00000019850,Tnfaip3,25107
ENSMUSG00000019851,Perp,3869
ENSMUSG00000019852,Arfgef3,49452
ENSMUSG00000019853,Hebp2,7071
ENSMUSG00000019854,Reps1,54347
ENSMUSG00000019856,Fam184a,78312
ENSMUSG00000019857,Asf1a,7533
ENSMUSG00000019861,Gopc,34079
ENSMUSG00000019863,Qrsl1,19701
ENSMUSG00000019864,Rtn4ip1,44959
ENSMUSG00000019865,Nmbr,7981
ENSMUSG00000019866,Crybg1,14792
ENSMUSG00000019867,Gje1,1480
ENSMUSG00000019868,Vta1,28723
ENSMUSG00000019872,Smpdl3a,11661
ENSMUSG00000019873,Reep3,29301
ENSMUSG00000019874,Fabp7,4916
ENSMUSG00000019876,Pkib,65993
ENSMUSG00000019877,Serinc1,25698
ENSMUSG00000019878,Hsf2,25078
ENSMUSG00000019880,Rspo3,12414
ENSMUSG00000019883,Echdc1,77645
ENSMUSG00000019888,Mgat4c,81219
ENSMUSG00000019889,Ptprk,243595
ENSMUSG00000019890,Nts,1248
ENSMUSG00000019891,Dcbld1,35857
ENSMUSG00000019892,Lrriq1,7844
ENSMUSG00000019893,Ros1,14361
ENSMUSG00000019894,Slc6a15,67782
ENSMUSG00000019897,Ccdc59,5320
ENSMUSG00000019899,Lama2,23978
ENSMUSG00000019900,Rfx6,9237
ENSMUSG00000019905,Gprc6a,7907
ENSMUSG00000019906,Lin7a,35171
ENSMUSG00000019907,Ppp1r12a,79236
ENSMUSG00000019909,Fam162b,1187
ENSMUSG00000019913,Sim1,10119
ENSMUSG00000019916,P4ha1,32623
ENSMUSG00000019917,Septin10,26424
ENSMUSG00000019920,Lims1,63718
ENSMUSG00000019923,Zwint,102087
ENSMUSG00000019927,Ube2d1,6287
ENSMUSG00000019929,Dcn,53566
ENSMUSG00000019932,Kera,10195
ENSMUSG00000019933,Mrln,2288
ENSMUSG00000019935,Slc17a8,8521
ENSMUSG00000019936,Epyc,9484
ENSMUSG00000019942,Cdk1,39828
ENSMUSG00000019943,Atp2b1,80711
ENSMUSG00000019944,Rhobtb1,44274
ENSMUSG00000019945,Cabcoco1,18703
ENSMUSG00000019947,Arid5b,28679
ENSMUSG00000019948,Actr6,5067
ENSMUSG00000019951,Bltp3b,45968
ENSMUSG00000019952,Poc1b,29021
ENSMUSG00000019960,Dusp6,13663
ENSMUSG00000019961,Tmpo,45015
ENSMUSG00000019966,Kitl,72139
ENSMUSG00000019969,Psen1,68007
ENSMUSG00000019970,Sgk1,24080
ENSMUSG00000019971,Cep290,37233
ENSMUSG00000019975,Ikbip,20409
ENSMUSG00000019977,Hbs1l,120325
ENSMUSG00000019978,Epb41l2,279684
ENSMUSG00000019979,Apaf1,40450
ENSMUSG00000019982,Myb,7187
ENSMUSG00000019984,Med23,29912
ENSMUSG00000019986,Ahi1,95980
ENSMUSG00000019987,Arg1,12412
ENSMUSG00000019988,Nedd1,3770
ENSMUSG00000019989,Enpp3,12293
ENSMUSG00000019990,Pde7b,9124
ENSMUSG00000019992,Mtfr2,4028
ENSMUSG00000019996,Map7,66530
ENSMUSG00000019997,Ccn2,7623
ENSMUSG00000019998,Stx7,88316
ENSMUSG00000020000,Moxd1,6121
ENSMUSG00000020003,Pex7,23589
ENSMUSG00000020007,Il20ra,2105
ENSMUSG00000020009,Ifngr1,4148
ENSMUSG00000020010,Vnn3,6666
ENSMUSG00000020014,Cfap54,29056
ENSMUSG00000020015,Cdk17,32188
ENSMUSG00000020017,Hal,5320
ENSMUSG00000020018,Snrpf,5319
ENSMUSG00000020019,Ntn4,22011
ENSMUSG00000020020,Usp44,31155
ENSMUSG00000020021,Fgd6,8044
ENSMUSG00000020022,Ndufa12,13459
ENSMUSG00000020023,Tmcc3,31806
ENSMUSG00000020024,Cep83,38515
ENSMUSG00000020027,Socs2,42167
ENSMUSG00000020029,Nudt4,29695
ENSMUSG00000020032,Nuak1,5666
ENSMUSG00000020034,Tcp11l2,26530
ENSMUSG00000020037,Rfx4,26203
ENSMUSG00000020038,Cry1,30987
ENSMUSG00000020042,Abtb3,32286
ENSMUSG00000020044,Timp3,10336
ENSMUSG00000020048,Hsp90b1,23769
ENSMUSG00000020051,Pah,7283
ENSMUSG00000020052,Ascl1,2487
ENSMUSG00000020053,Igf1,107029
ENSMUSG00000020056,Washc3,20665
ENSMUSG00000020057,Dram1,9490
ENSMUSG00000020059,Sycp3,6393
ENSMUSG00000020061,Mybpc1,198319
ENSMUSG00000020062,Slc5a8,5419
ENSMUSG00000020063,Sirt1,27090
ENSMUSG00000020064,Herc4,100974
ENSMUSG00000020067,Mypn,88483
ENSMUSG00000020069,Hnrnph3,85884
ENSMUSG00000020070,Rufy2,32117
ENSMUSG00000020072,Pbld2,17607
ENSMUSG00000020074,Ccar1,55270
ENSMUSG00000020075,Ddx21,9452
ENSMUSG00000020076,Ddx50,50449
ENSMUSG00000020077,Srgn,8873
ENSMUSG00000020078,Vps26a,34749
ENSMUSG00000020079,Supv3l1,47992
ENSMUSG00000020080,Hkdc1,3517
ENSMUSG00000020081,Tacr2,15501
ENSMUSG00000020083,Fam241b,49419
ENSMUSG00000020085,Aifm2,129215
ENSMUSG00000020086,Macroh2a2,27090
ENSMUSG00000020087,Tysnd1,21491
ENSMUSG00000020088,Sar1a,106785
ENSMUSG00000020089,Ppa1,11817
ENSMUSG00000020090,Npffr1,5162
ENSMUSG00000020091,Eif4ebp2,6022
ENSMUSG00000020092,Pald1,39608
ENSMUSG00000020096,Tbata,15990
ENSMUSG00000020097,Sgpl1,85737
ENSMUSG00000020098,Pcbd1,2343
ENSMUSG00000020099,Unc5b,11777
ENSMUSG00000020100,Slc29a3,27659
ENSMUSG00000020101,Vsir,25459
ENSMUSG00000020102,Slc16a7,222125
ENSMUSG00000020105,Lrig3,17868
ENSMUSG00000020107,Anapc16,39113
ENSMUSG00000020108,Ddit4,6433
ENSMUSG00000020109,Dnajb12,29299
ENSMUSG00000020111,Micu1,54844
ENSMUSG00000020114,Cand1,49371
ENSMUSG00000020115,Tbk1,36990
ENSMUSG00000020116,Pno1,9860
ENSMUSG00000020120,Plek,26253
ENSMUSG00000020121,Srgap1,15669
ENSMUSG00000020122,Egfr,25954
ENSMUSG00000020123,Avpr1a,5923
ENSMUSG00000020124,Usp15,87268
ENSMUSG00000020125,Elane,3631
ENSMUSG00000020128,Vps54,107529
ENSMUSG00000020130,Tbc1d15,63905
ENSMUSG00000020131,Pcsk4,9960
ENSMUSG00000020132,Rab21,24014
ENSMUSG00000020133,2310011J03Rik,3379
ENSMUSG00000020134,Peli1,37341
ENSMUSG00000020135,Apc2,32502
ENSMUSG00000020137,Thap2,15316
ENSMUSG00000020140,Lgr5,9874
ENSMUSG00000020142,Slc1a4,28528
ENSMUSG00000020143,Dock2,17226
ENSMUSG00000020149,Rab1a,22965
ENSMUSG00000020150,Gamt,28822
ENSMUSG00000020151,Ptprr,28697
ENSMUSG00000020152,Actr2,13617
ENSMUSG00000020153,Ndufs7,11886
ENSMUSG00000020154,Ptprb,64898
ENSMUSG00000020155,Kcnmb1,8329
ENSMUSG00000020156,Pwwp3a,45054
ENSMUSG00000020159,Gabrp,3313
ENSMUSG00000020160,Meis1,39959
ENSMUSG00000020163,Uqcr11,14073
ENSMUSG00000020166,Cnot2,84940
ENSMUSG00000020167,Tcf3,253051
ENSMUSG00000020168,Or14c43,5472
ENSMUSG00000020169,Best3,14727
ENSMUSG00000020170,Frs2,71828
ENSMUSG00000020171,Yeats4,8500
ENSMUSG00000020173,Cobl,136963
ENSMUSG00000020175,Rab36,56871
ENSMUSG00000020176,Grb10,87715
ENSMUSG00000020177,Lyz3,2315
ENSMUSG00000020178,Adora2a,21716
ENSMUSG00000020180,Snrpd3,24308
ENSMUSG00000020181,Nav3,29904
ENSMUSG00000020182,Ddc,89923
ENSMUSG00000020183,Cpm,8171
ENSMUSG00000020184,Mdm2,65471
ENSMUSG00000020185,E2f7,23271
ENSMUSG00000020186,Csrp2,17574
ENSMUSG00000020189,Osbpl8,35869
ENSMUSG00000020190,Mknk2,51262
ENSMUSG00000020191,Spmip7,3325
ENSMUSG00000020193,Zpbp,9331
ENSMUSG00000020196,Cabin1,46151
ENSMUSG00000020198,Ap3d1,66659
ENSMUSG00000020205,Phlda1,1949
ENSMUSG00000020211,Sf3a2,36474
ENSMUSG00000020212,Mdm1,37678
ENSMUSG00000020213,Glipr1l1,2970
ENSMUSG00000020214,Glipr1l2,2996
ENSMUSG00000020216,Jsrp1,38832
ENSMUSG00000020218,Wif1,9201
ENSMUSG00000020219,Timm13,16150
ENSMUSG00000020220,Vps13d,49265
ENSMUSG00000020224,Llph,33446
ENSMUSG00000020225,Tmbim4,28222
ENSMUSG00000020226,Slc5a4b,3202
ENSMUSG00000020227,Irak3,9953
ENSMUSG00000020228,Helb,11903
ENSMUSG00000020229,Slc5a4a,2055
ENSMUSG00000020230,Prmt2,72385
ENSMUSG00000020231,Dip2a,39615
ENSMUSG00000020232,Hmg20b,15952
ENSMUSG00000020234,Tektip1,1849
ENSMUSG00000020235,Fzr1,19312
ENSMUSG00000020238,Ncln,38207
ENSMUSG00000020241,Col6a2,30791
ENSMUSG00000020246,Hcfc2,11701
ENSMUSG00000020248,Nfyb,26608
ENSMUSG00000020250,Txnrd1,13884
ENSMUSG00000020251,Glt8d2,73538
ENSMUSG00000020253,Ppm1m,7268
ENSMUSG00000020255,Nopchap1,123193
ENSMUSG00000020256,Aldh1l2,17853
ENSMUSG00000020257,Wdr82,14013
ENSMUSG00000020258,Glyctk,12666
ENSMUSG00000020260,Pofut2,12771
ENSMUSG00000020261,Slc36a1,15052
ENSMUSG00000020262,Adarb1,72939
ENSMUSG00000020263,Appl2,41963
ENSMUSG00000020264,Slc36a2,27390
ENSMUSG00000020265,Sumo3,38646
ENSMUSG00000020267,Hint1,5495
ENSMUSG00000020268,Lyrm7,17606
ENSMUSG00000020270,Smim23,2264
ENSMUSG00000020271,Fbxw11,39936
ENSMUSG00000020272,Stk10,9213
ENSMUSG00000020273,Papolg,24760
ENSMUSG00000020275,Rel,7760
ENSMUSG00000020277,Pfkl,73275
ENSMUSG00000020279,Il9r,13509
ENSMUSG00000020280,Pus10,48852
ENSMUSG00000020282,Rhbdf1,74397
ENSMUSG00000020283,Pex13,18026
ENSMUSG00000020284,Cfap410,14838
ENSMUSG00000020286,1700093K21Rik,12129
ENSMUSG00000020287,Mpg,16346
ENSMUSG00000020288,Ahsa2,29079
ENSMUSG00000020289,Nprl3,17498
ENSMUSG00000020290,Xpo1,98331
ENSMUSG00000020295,Hbq1a,1164
ENSMUSG00000020297,Nsg2,55448
ENSMUSG00000020299,4930524B15Rik,11053
ENSMUSG00000020300,Cpeb4,13487
ENSMUSG00000020303,Stc2,11727
ENSMUSG00000020305,Asb3,100208
ENSMUSG00000020307,Cdc34,15991
ENSMUSG00000020308,Tpgs1,6924
ENSMUSG00000020309,Chac2,7477
ENSMUSG00000020310,Madcam1,2808
ENSMUSG00000020311,Erlec1,20479
ENSMUSG00000020312,Shc2,21804
ENSMUSG00000020315,Sptbn1,42753
ENSMUSG00000020317,Spmap2,3012
ENSMUSG00000020319,Wdpcp,92595
ENSMUSG00000020321,Mdh1,49493
ENSMUSG00000020323,Prss57,5536
ENSMUSG00000020325,Fstl3,1965
ENSMUSG00000020326,Ccng1,49247
ENSMUSG00000020327,Fgf22,3237
ENSMUSG00000020328,Nudcd2,5696
ENSMUSG00000020329,Polrmt,7302
ENSMUSG00000020330,Hmmr,27138
ENSMUSG00000020331,Hcn2,17358
ENSMUSG00000020332,Meikin,1457
ENSMUSG00000020333,Acsl6,374228
ENSMUSG00000020334,Slc22a4,5975
ENSMUSG00000020335,Zfp354b,8485
ENSMUSG00000020340,Cyfip2,173749
ENSMUSG00000020346,Mgat1,100748
ENSMUSG00000020349,Ppp2ca,102360
ENSMUSG00000020354,Sgcd,11785
ENSMUSG00000020357,Flt4,6271
ENSMUSG00000020358,Hnrnpab,79821
ENSMUSG00000020359,Phykpl,41085
ENSMUSG00000020361,Hspa4,57140
ENSMUSG00000020362,Cnot6,86081
ENSMUSG00000020363,Gfpt2,26961
ENSMUSG00000020364,Zfp354a,18170
ENSMUSG00000020366,Mapk9,104732
ENSMUSG00000020368,Canx,123924
ENSMUSG00000020372,Rack1,17586
ENSMUSG00000020374,Rasgef1c,36866
ENSMUSG00000020375,Rufy1,23318
ENSMUSG00000020376,Rnf130,43997
ENSMUSG00000020377,Ltc4s,3077
ENSMUSG00000020380,Rad50,24094
ENSMUSG00000020381,Mrnip,2809
ENSMUSG00000020383,Il13,1205
ENSMUSG00000020385,Clk4,18146
ENSMUSG00000020386,Sar1b,19915
ENSMUSG00000020387,Jade2,49517
ENSMUSG00000020388,Pdlim4,13094
ENSMUSG00000020389,Cdkl3,124291
ENSMUSG00000020390,Ube2b,87213
ENSMUSG00000020392,Cdkn2aipnl,5492
ENSMUSG00000020393,Kremen1,41774
ENSMUSG00000020395,Itk,10191
ENSMUSG00000020396,Nefh,12183
ENSMUSG00000020397,Med7,170008
ENSMUSG00000020399,Havcr2,8354
ENSMUSG00000020400,Tnip1,101785
ENSMUSG00000020401,Garin3,2185
ENSMUSG00000020402,Vdac1,62274
ENSMUSG00000020405,Fabp6,3967
ENSMUSG00000020407,Upp1,39466
ENSMUSG00000020409,Slu7,122574
ENSMUSG00000020411,Nipal4,3444
ENSMUSG00000020412,Ascc2,24663
ENSMUSG00000020413,Hus1,19878
ENSMUSG00000020415,Pttg1,18087
ENSMUSG00000020419,Hormad2,37551
ENSMUSG00000020420,Zfp607a,20454
ENSMUSG00000020422,Tns3,23072
ENSMUSG00000020423,Btg2,14545
ENSMUSG00000020424,Castor1,5084
ENSMUSG00000020427,Igfbp3,8968
ENSMUSG00000020428,Gabra6,6524
ENSMUSG00000020429,Igfbp1,4975
ENSMUSG00000020430,Pes1,37661
ENSMUSG00000020431,Adcy1,49480
ENSMUSG00000020432,Tcn2,49487
ENSMUSG00000020434,4921536K21Rik,9883
ENSMUSG00000020435,Osbp2,62926
ENSMUSG00000020436,Gabrg2,83459
ENSMUSG00000020437,Myo1g,12697
ENSMUSG00000020439,Smtn,33505
ENSMUSG00000020440,Arf5,3276
ENSMUSG00000020441,2310033P09Rik,18412
ENSMUSG00000020444,Guk1,14064
ENSMUSG00000020447,Npc1l1,4566
ENSMUSG00000020448,Rnf185,34409
ENSMUSG00000020451,Limk2,59709
ENSMUSG00000020453,Patz1,48107
ENSMUSG00000020454,Eif4enif1,74153
ENSMUSG00000020455,Trim11,27498
ENSMUSG00000020456,Ogdh,542370
ENSMUSG00000020457,Drg1,15840
ENSMUSG00000020458,Rtn4,33672
ENSMUSG00000020459,Mtif2,25258
ENSMUSG00000020460,Rps27a,16848
ENSMUSG00000020461,Clhc1,6385
ENSMUSG00000020462,Cfap36,40238
ENSMUSG00000020463,Ppp4r3b,125142
ENSMUSG00000020464,Pnpt1,44034
ENSMUSG00000020467,Efemp1,40868
ENSMUSG00000020469,Myl7,6588
ENSMUSG00000020471,Pold2,18931
ENSMUSG00000020472,Zkscan17,59517
ENSMUSG00000020473,Aebp1,57455
ENSMUSG00000020474,Polm,15249
ENSMUSG00000020475,Pgam2,6898
ENSMUSG00000020476,Dbnl,64393
ENSMUSG00000020477,Mrps24,9289
ENSMUSG00000020481,Ankrd48,9738
ENSMUSG00000020482,Ccdc117,18198
ENSMUSG00000020483,Dynll2,42354
ENSMUSG00000020484,Xbp1,29704
ENSMUSG00000020485,Supt4a,3581
ENSMUSG00000020486,Septin4,9216
ENSMUSG00000020490,Btnl10,5577
ENSMUSG00000020491,2810021J22Rik,11430
ENSMUSG00000020492,Ska2,14842
ENSMUSG00000020493,Prr11,7766
ENSMUSG00000020495,Smg8,12006
ENSMUSG00000020496,Rnf187,1956
ENSMUSG00000020513,Tubd1,26173
ENSMUSG00000020514,Mrpl22,5677
ENSMUSG00000020515,Cnot8,40481
ENSMUSG00000020516,Rps6kb1,110188
ENSMUSG00000020519,Sap30l,29283
ENSMUSG00000020520,Galnt10,27712
ENSMUSG00000020521,Rnft1,30330
ENSMUSG00000020522,Mfap3,79578
ENSMUSG00000020523,Fam114a2,77025
ENSMUSG00000020524,Gria1,200964
ENSMUSG00000020525,Ppm1d,21222
ENSMUSG00000020526,Znhit3,3257
ENSMUSG00000020527,Myo19,49813
ENSMUSG00000020528,Prpsap2,34425
ENSMUSG00000020530,Ggnbp2,189822
ENSMUSG00000020532,Acaca,21357
ENSMUSG00000020534,Shmt1,27985
ENSMUSG00000020536,Llgl1,30772
ENSMUSG00000020537,Drg2,25491
ENSMUSG00000020538,Srebf1,51333
ENSMUSG00000020541,Tom1l1,21652
ENSMUSG00000020542,Myocd,13968
ENSMUSG00000020544,Cox11,14165
ENSMUSG00000020545,Lrrc72,3479
ENSMUSG00000020546,Stxbp4,56774
ENSMUSG00000020547,Bzw2,28850
ENSMUSG00000020549,Elac2,44397
ENSMUSG00000020553,Pctp,7473
ENSMUSG00000020561,Polr1f,4325
ENSMUSG00000020562,Efcab10,3795
ENSMUSG00000020564,Atxn7l1,47649
ENSMUSG00000020566,Atp6v1c2,16129
ENSMUSG00000020570,Sypl1,17958
ENSMUSG00000020571,Pdia6,27774
ENSMUSG00000020572,Nampt,18489
ENSMUSG00000020573,Pik3cg,27048
ENSMUSG00000020576,Nbas,59834
ENSMUSG00000020577,Tspan13,57319
ENSMUSG00000020580,Rock2,61016
ENSMUSG00000020581,Agr2,3872
ENSMUSG00000020583,Matn3,4495
ENSMUSG00000020585,Laptm4a,12653
ENSMUSG00000020589,Cyria,207965
ENSMUSG00000020590,Snx13,76174
ENSMUSG00000020591,Ntsr2,17191
ENSMUSG00000020592,Sdc1,16047
ENSMUSG00000020593,Lpin1,119121
ENSMUSG00000020594,Pum2,203896
ENSMUSG00000020598,Nrcam,1260861
ENSMUSG00000020599,Rgs9,22818
ENSMUSG00000020600,Slc7a15,4841
ENSMUSG00000020601,Trib2,7009
ENSMUSG00000020604,Arsg,74605
ENSMUSG00000020605,Hs1bp3,5916
ENSMUSG00000020607,Lratd1,33931
ENSMUSG00000020608,Smc6,42416
ENSMUSG00000020609,Apob,13934
ENSMUSG00000020610,Amz2,68606
ENSMUSG00000020611,Gna13,25104
ENSMUSG00000020612,Prkar1a,180261
ENSMUSG00000020614,Fam20a,15184
ENSMUSG00000020617,1700012B07Rik,6771
ENSMUSG00000020620,Abca8b,43456
ENSMUSG00000020621,Rdh14,17323
ENSMUSG00000020622,Nt5c1b,16579
ENSMUSG00000020623,Map2k6,24759
ENSMUSG00000020627,Klhl29,13255
ENSMUSG00000020628,Trappc12,120234
ENSMUSG00000020629,Adi1,10627
ENSMUSG00000020630,Rnaseh1,8273
ENSMUSG00000020633,Dcdc2c,9115
ENSMUSG00000020634,Ubxn2a,79569
ENSMUSG00000020635,Fkbp1b,3282
ENSMUSG00000020636,Allc,14775
ENSMUSG00000020638,Cmpk2,6206
ENSMUSG00000020639,Pfn4,22447
ENSMUSG00000020640,Itsn2,45531
ENSMUSG00000020641,Rsad2,11183
ENSMUSG00000020642,Rnf144a,48401
ENSMUSG00000020644,Id2,13535
ENSMUSG00000020646,Mboat2,58163
ENSMUSG00000020647,Ncoa1,172572
ENSMUSG00000020648,Dus4l,10921
ENSMUSG00000020649,Rrm2,24485
ENSMUSG00000020650,Bcap29,46356
ENSMUSG00000020651,Slc26a4,29536
ENSMUSG00000020652,Cenpo,25099
ENSMUSG00000020653,Klf11,15555
ENSMUSG00000020654,Adcy3,130438
ENSMUSG00000020656,Grhl1,17632
ENSMUSG00000020657,Dnajc27,33312
ENSMUSG00000020658,Efr3b,19710
ENSMUSG00000020659,Cbll1,13467
ENSMUSG00000020660,Pomc,3165
ENSMUSG00000020661,Dnmt3a,57774
ENSMUSG00000020664,Dld,45505
ENSMUSG00000020668,Kif3c,44192
ENSMUSG00000020669,Sh3yl1,5105
ENSMUSG00000020671,Rab10,29187
ENSMUSG00000020672,Sntg2,14876
ENSMUSG00000020673,Tpo,3963
ENSMUSG00000020674,Pxdn,28481
ENSMUSG00000020676,Ccl11,2114
ENSMUSG00000020677,Ddx52,18961
ENSMUSG00000020679,Hnf1b,8169
ENSMUSG00000020680,Taf15,8117
ENSMUSG00000020681,Ace,12831
ENSMUSG00000020682,Mmp28,19537
ENSMUSG00000020684,Rasl10b,48387
ENSMUSG00000020686,Gas2l2,2610
ENSMUSG00000020687,Cdc27,44614
ENSMUSG00000020689,Itgb3,7129
ENSMUSG00000020690,Efcab3,23218
ENSMUSG00000020691,Mettl2,14725
ENSMUSG00000020692,Nle1,12058
ENSMUSG00000020694,Tlk2,187337
ENSMUSG00000020695,Mrc2,29465
ENSMUSG00000020696,Rffl,144290
ENSMUSG00000020697,Lig3,61383
ENSMUSG00000020698,Cct6b,10194
ENSMUSG00000020700,Map3k3,15219
ENSMUSG00000020701,Tmem132e,20976
ENSMUSG00000020702,Ccl1,1337
ENSMUSG00000020704,Asic2,6136
ENSMUSG00000020705,Ddx42,39206
ENSMUSG00000020706,Ftsj3,27895
ENSMUSG00000020707,Rnf135,10115
ENSMUSG00000020708,Psmc5,17728
ENSMUSG00000020709,Adap2,14436
ENSMUSG00000020712,Tcam1,10458
ENSMUSG00000020713,Gh,1725
ENSMUSG00000020715,Ern1,23653
ENSMUSG00000020716,Nf1,42508
ENSMUSG00000020717,Pecam1,417308
ENSMUSG00000020718,Polg2,4140
ENSMUSG00000020719,Ddx5,59698
ENSMUSG00000020720,Psmd12,23716
ENSMUSG00000020721,Helz,134827
ENSMUSG00000020722,Cacng1,9163
ENSMUSG00000020723,Cacng4,3500
ENSMUSG00000020728,Cep112,103840
ENSMUSG00000020732,Rab37,9111
ENSMUSG00000020733,Nherf1,7929
ENSMUSG00000020734,Grin2c,134565
ENSMUSG00000020736,Nt5c,4970
ENSMUSG00000020737,Jpt1,15410
ENSMUSG00000020738,Sumo2,18133
ENSMUSG00000020739,Nup85,29187
ENSMUSG00000020740,Gga3,36913
ENSMUSG00000020741,Cluh,50835
ENSMUSG00000020743,Mif4gd,34652
ENSMUSG00000020744,Slc25a19,64556
ENSMUSG00000020745,Pafah1b1,55348
ENSMUSG00000020747,Tmem94,107906
ENSMUSG00000020752,Recql5,19137
ENSMUSG00000020755,Sap30bp,22185
ENSMUSG00000020758,Itgb4,72317
ENSMUSG00000020766,Galk1,21621
ENSMUSG00000020770,Unk,26487
ENSMUSG00000020773,Trim47,12941
ENSMUSG00000020774,Aspa,23779
ENSMUSG00000020775,Mrpl38,7198
ENSMUSG00000020776,Fbf1,70208
ENSMUSG00000020777,Acox1,55917
ENSMUSG00000020778,Ten1,14088
ENSMUSG00000020780,Srp68,21675
ENSMUSG00000020781,Tsen54,7770
ENSMUSG00000020782,Llgl2,27750
ENSMUSG00000020783,Ncbp3,24093
ENSMUSG00000020785,Camkk1,91050
ENSMUSG00000020787,P2rx1,6203
ENSMUSG00000020788,Atp2a3,31595
ENSMUSG00000020790,Ankfy1,37149
ENSMUSG00000020792,Exoc7,259408
ENSMUSG00000020793,Galr2,1941
ENSMUSG00000020794,Ube2g1,26504
ENSMUSG00000020798,Spns3,6108
ENSMUSG00000020799,Tekt1,6015
ENSMUSG00000020801,Med31,2244
ENSMUSG00000020802,Ube2o,16041
ENSMUSG00000020803,Txndc17,17754
ENSMUSG00000020804,Aanat,1353
ENSMUSG00000020805,Slc13a5,37349
ENSMUSG00000020806,Rhbdf2,38040
ENSMUSG00000020807,4933427D14Rik,34057
ENSMUSG00000020808,Pimreg,12811
ENSMUSG00000020810,Cygb,23690
ENSMUSG00000020811,Wscd1,155836
ENSMUSG00000020814,Mxra7,14915
ENSMUSG00000020817,Rabep1,150371
ENSMUSG00000020818,Mfsd11,60054
ENSMUSG00000020821,Kif1c,48920
ENSMUSG00000020823,Sec14l1,65995
ENSMUSG00000020826,Nos2,7648
ENSMUSG00000020827,Mink1,142444
ENSMUSG00000020828,Pld2,66165
ENSMUSG00000020829,Slc46a1,8477
ENSMUSG00000020830,Vmo1,712
ENSMUSG00000020831,Bacc1,10736
ENSMUSG00000020832,Eral1,25571
ENSMUSG00000020834,Dhrs13,8122
ENSMUSG00000020836,Coro6,168354
ENSMUSG00000020838,Slc6a4,19757
ENSMUSG00000020839,Tmigd1,2800
ENSMUSG00000020840,Blmh,20568
ENSMUSG00000020841,Cpd,48579
ENSMUSG00000020843,Timm22,14692
ENSMUSG00000020844,Nxn,11854
ENSMUSG00000020846,Rflnb,10960
ENSMUSG00000020847,Rph3al,18365
ENSMUSG00000020848,Doc2b,8789
ENSMUSG00000020849,Ywhae,52683
ENSMUSG00000020850,Prpf8,16391
ENSMUSG00000020857,Nme2,28528
ENSMUSG00000020859,Spag9,135093
ENSMUSG00000020863,Luc7l3,50559
ENSMUSG00000020864,Ankrd40,22316
ENSMUSG00000020865,Abcc3,10501
ENSMUSG00000020866,Cacna1g,91658
ENSMUSG00000020867,Spata20,2627
ENSMUSG00000020868,Xylt2,34436
ENSMUSG00000020869,Lrrc59,50347
ENSMUSG00000020870,Cdc34b,2485
ENSMUSG00000020871,Dlx4,6411
ENSMUSG00000020872,Tac4,1251
ENSMUSG00000020873,Slc35b1,14548
ENSMUSG00000020875,Hoxb9,4976
ENSMUSG00000020876,Snx11,87696
ENSMUSG00000020877,Scrn2,7764
ENSMUSG00000020878,Lrrc46,2618
ENSMUSG00000020882,Cacnb1,39998
ENSMUSG00000020883,Fbxl20,26322
ENSMUSG00000020884,Asgr1,14158
ENSMUSG00000020886,Dlg4,60493
ENSMUSG00000020888,Dvl2,11004
ENSMUSG00000020889,Nr1d1,2721
ENSMUSG00000020890,Gucy2e,19484
ENSMUSG00000020891,Alox8,5220
ENSMUSG00000020892,Aloxe3,3019
ENSMUSG00000020893,Per1,35804
ENSMUSG00000020894,Vamp2,6400
ENSMUSG00000020895,Tmem107,9321
ENSMUSG00000020897,Aurkb,7568
ENSMUSG00000020898,Ctc1,87133
ENSMUSG00000020899,Pfas,6917
ENSMUSG00000020900,Myh10,75978
ENSMUSG00000020901,Pik3r5,14492
ENSMUSG00000020902,Ntn1,29218
ENSMUSG00000020903,Stx8,32299
ENSMUSG00000020904,Cfap52,2085
ENSMUSG00000020905,Usp43,8909
ENSMUSG00000020907,Rcvrn,1051
ENSMUSG00000020908,Myh3,36566
ENSMUSG00000020910,Adprm,51758
ENSMUSG00000020911,Krt19,3478
ENSMUSG00000020912,Krt12,1853
ENSMUSG00000020913,Krt24,1847
ENSMUSG00000020914,Top2a,47289
ENSMUSG00000020916,Krt36,1690
ENSMUSG00000020917,Acly,279455
ENSMUSG00000020918,Kat2a,39227
ENSMUSG00000020919,Stat5b,123376
ENSMUSG00000020921,Tmem101,7714
ENSMUSG00000020922,Lsm12,11566
ENSMUSG00000020923,Ubtf,209677
ENSMUSG00000020925,Ccdc43,9713
ENSMUSG00000020926,Adam11,9794
ENSMUSG00000020928,Higd1b,9413
ENSMUSG00000020929,Eftud2,26880
ENSMUSG00000020930,Ccdc103,53720
ENSMUSG00000020932,Gfap,45033
ENSMUSG00000020935,Dcakd,27094
ENSMUSG00000020936,Nmt1,12602
ENSMUSG00000020937,Plcd3,10563
ENSMUSG00000020940,Efcab15,1199
ENSMUSG00000020941,Map3k14,8735
ENSMUSG00000020945,Lyzl6,2648
ENSMUSG00000020946,Gosr2,33872
ENSMUSG00000020948,Klhl28,17825
ENSMUSG00000020949,Fkbp3,15176
ENSMUSG00000020950,Foxg1,6914
ENSMUSG00000020952,Scfd1,19436
ENSMUSG00000020953,Coch,20171
ENSMUSG00000020954,Strn3,95646
ENSMUSG00000020955,Ap4s1,27674
ENSMUSG00000020956,Dtd2,10087
ENSMUSG00000020961,Ston2,18011
ENSMUSG00000020962,Gtf2a1,17907
ENSMUSG00000020963,Tshr,16771
ENSMUSG00000020964,Sel1l,115354
ENSMUSG00000020973,Dnaaf2,8514
ENSMUSG00000020974,Pole2,9064
ENSMUSG00000020978,Klhdc2,38040
ENSMUSG00000020982,Nemf,31169
ENSMUSG00000020986,Sec23a,110479
ENSMUSG00000020988,L2hgdh,21937
ENSMUSG00000020990,Cdkl1,6184
ENSMUSG00000020993,Trappc6b,22291
ENSMUSG00000020994,Pnn,6814
ENSMUSG00000021000,Mia2,48675
ENSMUSG00000021003,Galc,23773
ENSMUSG00000021007,Spata7,30681
ENSMUSG00000021009,Ptpn21,22458
ENSMUSG00000021010,Npas3,68288
ENSMUSG00000021012,Zc3h14,94102
ENSMUSG00000021013,Ttc8,21424
ENSMUSG00000021018,Polr2h,26122
ENSMUSG00000021022,Ppp2r3c,54697
ENSMUSG00000021023,Prorp,14858
ENSMUSG00000021024,Psma6,15221
ENSMUSG00000021025,Nfkbia,4495
ENSMUSG00000021027,Ralgapa1,51547
ENSMUSG00000021028,Mbip,14466
ENSMUSG00000021032,Ngb,10898
ENSMUSG00000021033,Gstz1,32954
ENSMUSG00000021036,Sptlc2,58923
ENSMUSG00000021037,Ahsa1,40232
ENSMUSG00000021038,Vipas39,40152
ENSMUSG00000021039,Snw1,10273
ENSMUSG00000021040,Slirp,10462
ENSMUSG00000021044,Adck1,114850
ENSMUSG00000021047,Nova1,31526
ENSMUSG00000021048,Mthfd1,16205
ENSMUSG00000021051,Ppp2r5e,97476
ENSMUSG00000021054,Sgpp1,10095
ENSMUSG00000021055,Esr2,13033
ENSMUSG00000021056,Tex21,4120
ENSMUSG00000021057,Akap5,18649
ENSMUSG00000021061,Sptb,58835
ENSMUSG00000021062,Rab15,31963
ENSMUSG00000021065,Fut8,74523
ENSMUSG00000021066,Atl1,70614
ENSMUSG00000021067,Sav1,20347
ENSMUSG00000021068,Nin,99932
ENSMUSG00000021069,Pygl,14218
ENSMUSG00000021070,Bdkrb2,12296
ENSMUSG00000021071,Trim9,316359
ENSMUSG00000021072,Tmx1,10569
ENSMUSG00000021076,Actr10,13841
ENSMUSG00000021078,Tomm20l,2269
ENSMUSG00000021079,Timm9,73627
ENSMUSG00000021081,Serpina1f,12934
ENSMUSG00000021086,Ccdc175,3256
ENSMUSG00000021087,Rtn1,23352
ENSMUSG00000021090,Lrrc9,17269
ENSMUSG00000021091,Serpina3n,17105
ENSMUSG00000021094,Dhrs7,6612
ENSMUSG00000021095,Gsc,2616
ENSMUSG00000021096,Ppm1a,186441
ENSMUSG00000021097,Clmn,47767
ENSMUSG00000021098,4930447C04Rik,22224
ENSMUSG00000021099,Six6,4009
ENSMUSG00000021102,Glrx5,4673
ENSMUSG00000021103,Mnat1,26716
ENSMUSG00000021108,Prkch,33194
ENSMUSG00000021109,Hif1a,95399
ENSMUSG00000021111,Papola,129270
ENSMUSG00000021112,Pals1,56567
ENSMUSG00000021113,Snapc1,23878
ENSMUSG00000021114,Atp6v1d,16469
ENSMUSG00000021115,Vrk1,297919
ENSMUSG00000021116,Eif2s1,22952
ENSMUSG00000021118,Plek2,7173
ENSMUSG00000021120,Pigh,17714
ENSMUSG00000021123,Rdh12,5912
ENSMUSG00000021124,Vti1b,9075
ENSMUSG00000021125,Arg2,1455
ENSMUSG00000021127,Zfp36l1,4284
ENSMUSG00000021130,Galnt16,32066
ENSMUSG00000021131,Erh,18922
ENSMUSG00000021133,Susd6,44757
ENSMUSG00000021134,Srsf5,58400
ENSMUSG00000021135,Slc10a1,15095
ENSMUSG00000021136,Smoc1,19649
ENSMUSG00000021139,S2bpcox16,3327
ENSMUSG00000021140,Pcnx1,52943
ENSMUSG00000021143,Pacs2,142571
ENSMUSG00000021144,Mta1,70876
ENSMUSG00000021147,Wdr37,51156
ENSMUSG00000021148,Idi2l,1542
ENSMUSG00000021149,Gtpbp4,57222
ENSMUSG00000021156,Zmynd11,325434
ENSMUSG00000021171,Esyt2,89786
ENSMUSG00000021175,Cdca7l,14999
ENSMUSG00000021176,Efcab11,22314
ENSMUSG00000021177,Tdp1,63821
ENSMUSG00000021178,Psmc1,28226
ENSMUSG00000021179,Nrde2,25898
ENSMUSG00000021180,Rps6ka5,57753
ENSMUSG00000021182,Ccdc88c,21084
ENSMUSG00000021185,Dglucy,44115
ENSMUSG00000021186,Fbln5,24500
ENSMUSG00000021187,Tc2n,16712
ENSMUSG00000021188,Trip11,35865
ENSMUSG00000021189,Atxn3,63584
ENSMUSG00000021190,Lgmn,70987
ENSMUSG00000021192,Golga5,63752
ENSMUSG00000021193,Pitrm1,53667
ENSMUSG00000021194,Chga,31419
ENSMUSG00000021196,Pfkp,68464
ENSMUSG00000021198,Unc79,24828
ENSMUSG00000021200,Asb2,91137
ENSMUSG00000021203,Otub2,8956
ENSMUSG00000021207,Akr1c21,1207
ENSMUSG00000021208,Ifi27l2b,1093
ENSMUSG00000021209,Ppp4r4,59350
ENSMUSG00000021210,Akr1c6,7509
ENSMUSG00000021211,Akr1c12,2419
ENSMUSG00000021213,Akr1c13,1269
ENSMUSG00000021214,Akr1c18,12569
ENSMUSG00000021215,Net1,14394
ENSMUSG00000021216,Tubal3,3096
ENSMUSG00000021217,Tshz3,15883
ENSMUSG00000021218,Gdi2,53894
ENSMUSG00000021219,Rgs6,38961
ENSMUSG00000021221,Dpf3,5110
ENSMUSG00000021222,Dcaf4,49017
ENSMUSG00000021223,Papln,38756
ENSMUSG00000021224,Numb,63722
ENSMUSG00000021226,Acot2,9100
ENSMUSG00000021228,Acot3,12398
ENSMUSG00000021234,Fam161b,16418
ENSMUSG00000021235,Coq6,15495
ENSMUSG00000021236,Entpd5,129784
ENSMUSG00000021238,Aldh6a1,55236
ENSMUSG00000021239,Vsx2,6597
ENSMUSG00000021240,Abcd4,34950
ENSMUSG00000021241,Isca2,6553
ENSMUSG00000021242,Npc2,13925
ENSMUSG00000021243,Fcf1,5160
ENSMUSG00000021244,Ylpm1,24639
ENSMUSG00000021245,Mlh3,60460
ENSMUSG00000021248,Tmed10,20810
ENSMUSG00000021250,Fos,2114
ENSMUSG00000021252,Erg28,33103
ENSMUSG00000021253,Tgfb3,27712
ENSMUSG00000021254,Gpatch2l,146769
ENSMUSG00000021255,Esrrb,16195
ENSMUSG00000021256,Vash1,2613
ENSMUSG00000021257,Angel1,8176
ENSMUSG00000021258,Ccnk,14898
ENSMUSG00000021259,Cyp46a1,26581
ENSMUSG00000021260,Hhipl1,5174
ENSMUSG00000021262,Evl,16923
ENSMUSG00000021263,Degs2,3739
ENSMUSG00000021264,Yy1,24263
ENSMUSG00000021265,Slc25a29,9350
ENSMUSG00000021266,Wars1,47789
ENSMUSG00000021270,Hsp90aa1,63448
ENSMUSG00000021271,Zfp839,14079
ENSMUSG00000021273,Fdft1,40919
ENSMUSG00000021275,Tecpr2,63523
ENSMUSG00000021276,Cinp,26150
ENSMUSG00000021277,Traf3,79287
ENSMUSG00000021278,Amn,2847
ENSMUSG00000021279,Cdc42bpb,6795
ENSMUSG00000021280,Exoc3l4,23521
ENSMUSG00000021281,Tnfaip2,15273
ENSMUSG00000021282,Eif5,194641
ENSMUSG00000021285,Ppp1r13b,21480
ENSMUSG00000021286,Zfyve21,25501
ENSMUSG00000021287,Xrcc3,22786
ENSMUSG00000021288,Klc1,344429
ENSMUSG00000021290,Atp5mj,40856
ENSMUSG00000021294,Kif26a,6918
ENSMUSG00000021298,Gpr132,2478
ENSMUSG00000021301,Hecw1,20417
ENSMUSG00000021302,Ggps1,50234
ENSMUSG00000021303,Gng4,25453
ENSMUSG00000021306,Gpr137b,29949
ENSMUSG00000021311,Mtr,73690
ENSMUSG00000021313,Ryr2,48646
ENSMUSG00000021314,Amph,162476
ENSMUSG00000021318,Gli3,18411
ENSMUSG00000021319,Sfrp4,9245
ENSMUSG00000021322,Aoah,9373
ENSMUSG00000021326,Trim27,38274
ENSMUSG00000021327,Zkscan3,103606
ENSMUSG00000021335,Slc17a1,3991
ENSMUSG00000021336,Slc17a4,6193
ENSMUSG00000021337,Scgn,3685
ENSMUSG00000021338,Carmil1,45092
ENSMUSG00000021339,Mrs2,34116
ENSMUSG00000021340,Gpld1,64350
ENSMUSG00000021342,Prl,2685
ENSMUSG00000021345,Prl8a6,3267
ENSMUSG00000021346,Prl8a8,3200
ENSMUSG00000021347,Prl7b1,925
ENSMUSG00000021348,Prl7d1,7311
ENSMUSG00000021356,Irf4,9525
ENSMUSG00000021357,Exoc2,141209
ENSMUSG00000021359,Tfap2a,20181
ENSMUSG00000021360,Gcnt2,23717
ENSMUSG00000021361,Tmem14c,21343
ENSMUSG00000021362,Gcm2,3073
ENSMUSG00000021363,Mak,28699
ENSMUSG00000021364,Elovl2,20112
ENSMUSG00000021365,Nedd9,14109
ENSMUSG00000021366,Hivep1,8777
ENSMUSG00000021367,Edn1,6184
ENSMUSG00000021368,Tbc1d7,11546
ENSMUSG00000021371,Mcur1,43710
ENSMUSG00000021373,Cap2,33151
ENSMUSG00000021374,Nup153,74209
ENSMUSG00000021375,Kif13a,17445
ENSMUSG00000021376,Tpmt,25751
ENSMUSG00000021377,Dek,15175
ENSMUSG00000021379,Id4,7080
ENSMUSG00000021381,Barx1,1489
ENSMUSG00000021384,Susd3,7834
ENSMUSG00000021385,Ippk,55155
ENSMUSG00000021388,Aspn,12003
ENSMUSG00000021390,Ogn,32449
ENSMUSG00000021391,Cenpp,10725
ENSMUSG00000021392,Nol8,21912
ENSMUSG00000021395,Spin1,109122
ENSMUSG00000021396,Nxnl2,5518
ENSMUSG00000021400,Wrnip1,26487
ENSMUSG00000021403,Serpinb9b,3253
ENSMUSG00000021404,Serpinb9c,3787
ENSMUSG00000021408,Ripk1,33530
ENSMUSG00000021411,Pxdc1,13520
ENSMUSG00000021413,Prpf4b,20297
ENSMUSG00000021414,Fam217a,7450
ENSMUSG00000021415,Tex56,2062
ENSMUSG00000021416,Eci3,10882
ENSMUSG00000021417,Eci2,11396
ENSMUSG00000021418,Rpp40,30047
ENSMUSG00000021420,Fars2,61667
ENSMUSG00000021423,Ly86,3124
ENSMUSG00000021427,Ssr1,68042
ENSMUSG00000021428,Riok1,18078
ENSMUSG00000021431,Snrnp48,11401
ENSMUSG00000021432,Slc35b3,24894
ENSMUSG00000021439,Ctsq,1378
ENSMUSG00000021440,Cts7,4125
ENSMUSG00000021441,Cts6,1356
ENSMUSG00000021448,Shc3,27934
ENSMUSG00000021451,Sema4d,176072
ENSMUSG00000021453,Gadd45g,3020
ENSMUSG00000021456,Fbp2,12340
ENSMUSG00000021457,Syk,65518
ENSMUSG00000021458,Aopep,7152
ENSMUSG00000021460,Auh,68761
ENSMUSG00000021461,Fancc,94745
ENSMUSG00000021464,Ror2,7720
ENSMUSG00000021466,Ptch1,15270
ENSMUSG00000021468,Sptlc1,20669
ENSMUSG00000021469,Msx2,4671
ENSMUSG00000021470,Ercc6l2,59665
ENSMUSG00000021474,Sfxn1,43831
ENSMUSG00000021476,Habp4,33765
ENSMUSG00000021477,Ctsl,46962
ENSMUSG00000021478,Drd1,23615
ENSMUSG00000021481,Zfp346,47306
ENSMUSG00000021482,Prxl2c,30526
ENSMUSG00000021483,Cdk20,18023
ENSMUSG00000021484,Lman2,30948
ENSMUSG00000021485,Mxd3,6446
ENSMUSG00000021486,Prelid1,23011
ENSMUSG00000021488,Nsd1,113639
ENSMUSG00000021490,Slc34a1,11626
ENSMUSG00000021492,F12,9856
ENSMUSG00000021493,Pdlim7,82952
ENSMUSG00000021494,Ddx41,22104
ENSMUSG00000021495,Fam193b,32928
ENSMUSG00000021496,Pcbd2,19660
ENSMUSG00000021497,Txndc15,18160
ENSMUSG00000021499,Catsper3,3972
ENSMUSG00000021500,Ddx46,5612
ENSMUSG00000021501,Caml,19235
ENSMUSG00000021504,B4galt7,51526
ENSMUSG00000021506,Pitx1,2451
ENSMUSG00000021508,Cxcl14,14453
ENSMUSG00000021509,Slc25a48,8934
ENSMUSG00000021510,Zfp729a,17374
ENSMUSG00000021514,Zfp369,13838
ENSMUSG00000021518,Ptdss1,40454
ENSMUSG00000021519,Mterf3,25297
ENSMUSG00000021520,Uqcrb,3758
ENSMUSG00000021532,Fastkd3,2421
ENSMUSG00000021534,Cfap90,7077
ENSMUSG00000021536,Adcy2,49634
ENSMUSG00000021537,Cetn3,22506
ENSMUSG00000021538,Il9,536
ENSMUSG00000021539,Lect2,4827
ENSMUSG00000021540,Smad5,65582
ENSMUSG00000021541,Trpc7,19822
ENSMUSG00000021545,1700067P10Rik,4391
ENSMUSG00000021546,Hnrnpk,252478
ENSMUSG00000021548,Ccnh,43375
ENSMUSG00000021549,Rasa1,31650
ENSMUSG00000021550,Qng1,12819
ENSMUSG00000021552,Gkap1,29673
ENSMUSG00000021553,Slc28a3,4567
ENSMUSG00000021555,Naa35,64960
ENSMUSG00000021556,Golm1,67561
ENSMUSG00000021557,Agtpbp1,315724
ENSMUSG00000021559,Dapk1,20185
ENSMUSG00000021565,Slc6a19,3940
ENSMUSG00000021567,Nkd2,16013
ENSMUSG00000021569,Trip13,13257
ENSMUSG00000021572,Cep72,16607
ENSMUSG00000021573,Tppp,101289
ENSMUSG00000021575,Ahrr,9304
ENSMUSG00000021576,Pdcd6,29772
ENSMUSG00000021577,Sdha,83441
ENSMUSG00000021578,Ccdc127,29931
ENSMUSG00000021579,Lrrc14b,22413
ENSMUSG00000021583,Erap1,36743
ENSMUSG00000021585,Cast,248897
ENSMUSG00000021587,Pcsk1,37374
ENSMUSG00000021589,Rhobtb3,67818
ENSMUSG00000021590,Spata9,1057
ENSMUSG00000021591,Glrx,14498
ENSMUSG00000021592,Arsk,8365
ENSMUSG00000021594,Srd5a1,12422
ENSMUSG00000021595,Nsun2,89813
ENSMUSG00000021596,Mctp1,12296
ENSMUSG00000021597,Slf1,68031
ENSMUSG00000021598,Med10,2896
ENSMUSG00000021604,Irx4,16848
ENSMUSG00000021606,Ndufs6,26967
ENSMUSG00000021607,Mrpl36,6846
ENSMUSG00000021608,Lpcat1,16619
ENSMUSG00000021609,Slc6a3,14902
ENSMUSG00000021610,Clptm1l,28736
ENSMUSG00000021611,Tert,13691
ENSMUSG00000021612,Slc6a18,25113
ENSMUSG00000021613,Hapln1,42839
ENSMUSG00000021614,Vcan,39869
ENSMUSG00000021615,Xrcc4,25870
ENSMUSG00000021619,Atg10,32527
ENSMUSG00000021620,Acot12,10738
ENSMUSG00000021621,Zcchc9,26870
ENSMUSG00000021622,Ckmt2,39712
ENSMUSG00000021624,Cd180,9235
ENSMUSG00000021629,Slc30a5,84118
ENSMUSG00000021635,Rad17,61941
ENSMUSG00000021636,Marveld2,16744
ENSMUSG00000021638,Ocln,128401
ENSMUSG00000021639,Gtf2h2,22386
ENSMUSG00000021640,Naip1,12804
ENSMUSG00000021643,Serf1,5838
ENSMUSG00000021645,Smn1,13690
ENSMUSG00000021646,Mccc2,31957
ENSMUSG00000021647,Cartpt,9397
ENSMUSG00000021650,Ptcd2,27006
ENSMUSG00000021660,Btf3,79428
ENSMUSG00000021661,Ankra2,28280
ENSMUSG00000021662,Arhgef28,27166
ENSMUSG00000021665,Hexb,25975
ENSMUSG00000021666,Gfm2,88017
ENSMUSG00000021668,Polk,28044
ENSMUSG00000021669,Cert1,61483
ENSMUSG00000021670,Hmgcr,120889
ENSMUSG00000021671,Poc5,67932
ENSMUSG00000021675,F2rl2,2503
ENSMUSG00000021676,Iqgap2,12258
ENSMUSG00000021678,F2rl1,5793
ENSMUSG00000021679,S100z,4835
ENSMUSG00000021680,Crhbp,6580
ENSMUSG00000021681,Aggf1,12758
ENSMUSG00000021684,Pde8b,84229
ENSMUSG00000021685,Otp,2657
ENSMUSG00000021686,Ap3b1,99512
ENSMUSG00000021687,Scamp1,62655
ENSMUSG00000021690,Jmy,10726
ENSMUSG00000021692,Dimt1,16538
ENSMUSG00000021693,Kif2a,40141
ENSMUSG00000021694,Ercc8,7328
ENSMUSG00000021696,Elovl7,16408
ENSMUSG00000021697,Depdc1b,19668
ENSMUSG00000021699,Pde4d,37938
ENSMUSG00000021700,Rab3c,17808
ENSMUSG00000021701,Plk2,17518
ENSMUSG00000021702,Thbs4,6393
ENSMUSG00000021703,Serinc5,18110
ENSMUSG00000021704,Mtx3,6275
ENSMUSG00000021706,Zfyve16,18473
ENSMUSG00000021707,Dhfr,21000
ENSMUSG00000021708,Rasgrf2,32048
ENSMUSG00000021709,Erbin,140590
ENSMUSG00000021710,Nln,42740
ENSMUSG00000021711,Trappc13,67136
ENSMUSG00000021712,Trim23,52522
ENSMUSG00000021713,Ppwd1,5012
ENSMUSG00000021714,Cenpk,5427
ENSMUSG00000021715,Cwc27,40412
ENSMUSG00000021716,Srek1ip1,17040
ENSMUSG00000021718,Nt5el,2157
ENSMUSG00000021719,Rgs7bp,23937
ENSMUSG00000021720,Rnf180,144299
ENSMUSG00000021721,Htr1a,4484
ENSMUSG00000021725,Parp8,14108
ENSMUSG00000021728,Emb,57705
ENSMUSG00000021730,Hcn1,44017
ENSMUSG00000021731,Mrps30,6794
ENSMUSG00000021732,Fgf10,4455
ENSMUSG00000021733,Slc4a7,177739
ENSMUSG00000021737,Psmd6,11768
ENSMUSG00000021738,Atxn7,56083
ENSMUSG00000021743,Fezf2,7284
ENSMUSG00000021747,Cfap20dc,48658
ENSMUSG00000021748,Pdhb,22840
ENSMUSG00000021749,Fam3d,13053
ENSMUSG00000021750,Fam107a,38649
ENSMUSG00000021751,Acox2,10642
ENSMUSG00000021752,Kctd6,70389
ENSMUSG00000021754,Map3k1,14000
ENSMUSG00000021756,Il6st,158015
ENSMUSG00000021758,Ddx4,18367
ENSMUSG00000021759,Plpp1,23739
ENSMUSG00000021760,Gpx8,6925
ENSMUSG00000021763,Cspg4b,21439
ENSMUSG00000021764,Ndufs4,35529
ENSMUSG00000021765,Fst,8826
ENSMUSG00000021767,Kat6b,77028
ENSMUSG00000021768,Dusp13b,5403
ENSMUSG00000021770,Samd8,13799
ENSMUSG00000021771,Vdac2,52873
ENSMUSG00000021772,Nkiras1,12040
ENSMUSG00000021773,Comtd1,14176
ENSMUSG00000021774,Ube2e1,14307
ENSMUSG00000021775,Nr1d2,43897
ENSMUSG00000021779,Thrb,23692
ENSMUSG00000021782,Dlg5,58797
ENSMUSG00000021785,Ngly1,46729
ENSMUSG00000021786,Oxsm,18373
ENSMUSG00000021789,Sftpa1,5971
ENSMUSG00000021790,Dydc1,3493
ENSMUSG00000021791,Dydc2,32080
ENSMUSG00000021792,Prxl2a,25428
ENSMUSG00000021794,Glud1,49152
ENSMUSG00000021795,Sftpd,1298
ENSMUSG00000021796,Bmpr1a,82551
ENSMUSG00000021797,9230112D13Rik,778
ENSMUSG00000021798,Ldb3,127226
ENSMUSG00000021799,Opn4,4231
ENSMUSG00000021803,Cdhr1,13438
ENSMUSG00000021804,Rgr,8967
ENSMUSG00000021806,Nid2,25120
ENSMUSG00000021807,Rtraf,17754
ENSMUSG00000021809,Nudt13,76345
ENSMUSG00000021810,Ecd,31941
ENSMUSG00000021811,Dnajc9,12300
ENSMUSG00000021814,Anxa7,80675
ENSMUSG00000021815,Mss51,9320
ENSMUSG00000021816,Ppp3cb,120786
ENSMUSG00000021819,Zswim8,23905
ENSMUSG00000021820,Camk2g,229975
ENSMUSG00000021822,Plau,4809
ENSMUSG00000021823,Vcl,11974
ENSMUSG00000021824,Ap3m1,59758
ENSMUSG00000021830,Txndc16,243691
ENSMUSG00000021831,Ero1a,17610
ENSMUSG00000021832,Psmc6,16750
ENSMUSG00000021835,Bmp4,32330
ENSMUSG00000021838,Samd4,69840
ENSMUSG00000021840,Mapk1ip1l,15006
ENSMUSG00000021843,Ktn1,1453327
ENSMUSG00000021846,Peli2,13465
ENSMUSG00000021848,Otx2,37233
ENSMUSG00000021850,Ccdc198,23014
ENSMUSG00000021852,Slc35f4,9322
ENSMUSG00000021866,Anxa11,45602
ENSMUSG00000021868,Ppif,19378
ENSMUSG00000021870,Slmap,223171
ENSMUSG00000021871,Gm49342,750
ENSMUSG00000021872,Rnase10,3168
ENSMUSG00000021876,Rnase4,7112
ENSMUSG00000021877,Arf4,20650
ENSMUSG00000021879,Dnah12,12639
ENSMUSG00000021880,Rnase6,4726
ENSMUSG00000021884,Hacl1,24580
ENSMUSG00000021886,Gpr65,2154
ENSMUSG00000021890,Eaf1,4918
ENSMUSG00000021891,Mettl6,56923
ENSMUSG00000021892,Sh3bp5,46276
ENSMUSG00000021893,Capn7,38755
ENSMUSG00000021895,Arhgef3,19277
ENSMUSG00000021898,Asb14,5394
ENSMUSG00000021900,Btd,8167
ENSMUSG00000021901,Bap1,104259
ENSMUSG00000021902,Phf7,25207
ENSMUSG00000021903,Galnt15,32186
ENSMUSG00000021904,Sema3g,4549
ENSMUSG00000021905,Dph3,30791
ENSMUSG00000021906,Oxnad1,9862
ENSMUSG00000021907,Msmb,562
ENSMUSG00000021910,Nisch,75288
ENSMUSG00000021911,Parg,38027
ENSMUSG00000021913,Ogdhl,88934
ENSMUSG00000021916,Glt8d1,66175
ENSMUSG00000021917,Spcs1,20188
ENSMUSG00000021918,Nek4,42692
ENSMUSG00000021919,Chat,21717
ENSMUSG00000021922,Itih4,34468
ENSMUSG00000021928,Ebpl,11542
ENSMUSG00000021929,Kpna3,33382
ENSMUSG00000021930,Spryd7,31826
ENSMUSG00000021932,Rnaseh2b,22718
ENSMUSG00000021933,Gucy1b2,9219
ENSMUSG00000021936,Mapk8,14964
ENSMUSG00000021938,Pspc1,6978
ENSMUSG00000021939,Ctsb,116532
ENSMUSG00000021940,Ptpn20,3903
ENSMUSG00000021943,Gdf10,5481
ENSMUSG00000021944,Gata4,47212
ENSMUSG00000021945,Zmym2,164517
ENSMUSG00000021947,Cryl1,7763
ENSMUSG00000021948,Prkcd,91285
ENSMUSG00000021950,Anxa8,3686
ENSMUSG00000021951,Eef1akmt1,13452
ENSMUSG00000021952,Xpo4,17345
ENSMUSG00000021953,Tdh,58653
ENSMUSG00000021957,Tkt,39946
ENSMUSG00000021958,Pinx1,10520
ENSMUSG00000021959,Lats2,57038
ENSMUSG00000021961,4930578I06Rik,2100
ENSMUSG00000021962,Dcp1a,16732
ENSMUSG00000021963,Sap18,10474
ENSMUSG00000021965,Ska3,28953
ENSMUSG00000021966,Prss52,3864
ENSMUSG00000021967,Mrpl57,11950
ENSMUSG00000021969,Zdhhc20,63473
ENSMUSG00000021972,Hmbox1,68904
ENSMUSG00000021973,Micu2,26738
ENSMUSG00000021974,Fgf9,17556
ENSMUSG00000021975,Ints9,19971
ENSMUSG00000021977,1700129C05Rik,8320
ENSMUSG00000021978,Extl3,214289
ENSMUSG00000021981,Cab39l,90223
ENSMUSG00000021982,Cdadc1,107682
ENSMUSG00000021983,Atp8a2,70926
ENSMUSG00000021986,Amer2,23424
ENSMUSG00000021987,Mtmr6,60622
ENSMUSG00000021990,Spata13,20476
ENSMUSG00000021991,Cacna2d3,24889
ENSMUSG00000021993,Mipep,40991
ENSMUSG00000021994,Wnt5a,32500
ENSMUSG00000021996,Esd,36201
ENSMUSG00000021997,Lrrc63,2517
ENSMUSG00000021998,Lcp1,52039
ENSMUSG00000021999,Cpb2,4427
ENSMUSG00000022000,Zc3h13,107747
ENSMUSG00000022002,Erich6b,5817
ENSMUSG00000022003,Slc25a30,15237
ENSMUSG00000022008,Gpalpp1,16333
ENSMUSG00000022009,Nufip1,15857
ENSMUSG00000022010,Tsc22d1,21642
ENSMUSG00000022012,Enox1,267793
ENSMUSG00000022013,Dnajc15,36569
ENSMUSG00000022014,Epsti1,11157
ENSMUSG00000022015,Tnfsf11,2243
ENSMUSG00000022016,Akap11,28191
ENSMUSG00000022018,Rgcc,5643
ENSMUSG00000022019,Tdrd3,45898
ENSMUSG00000022020,Naa16,58280
ENSMUSG00000022021,Diaph3,12697
ENSMUSG00000022022,Mtrf1,27368
ENSMUSG00000022023,Wbp4,30820
ENSMUSG00000022024,Sugt1,78283
ENSMUSG00000022025,Cnmd,7171
ENSMUSG00000022026,Olfm4,4441
ENSMUSG00000022031,Elp3,39022
ENSMUSG00000022032,Scara5,25416
ENSMUSG00000022033,Pbk,10713
ENSMUSG00000022034,Esco2,18892
ENSMUSG00000022035,Ccdc25,12660
ENSMUSG00000022037,Clu,69938
ENSMUSG00000022039,Adam2,4569
ENSMUSG00000022040,Ephx2,49624
ENSMUSG00000022041,Chrna2,10878
ENSMUSG00000022043,Trim35,28095
ENSMUSG00000022044,Stmn4,48060
ENSMUSG00000022048,Dpysl2,15151
ENSMUSG00000022051,Bnip3l,23857
ENSMUSG00000022052,Ppp2r2a,24049
ENSMUSG00000022053,Ebf2,26262
ENSMUSG00000022054,Nefm,14753
ENSMUSG00000022055,Nefl,23982
ENSMUSG00000022056,Adam7,3469
ENSMUSG00000022057,Adamdec1,2442
ENSMUSG00000022061,Nkx3-1,3195
ENSMUSG00000022064,Pibf1,49553
ENSMUSG00000022066,Entpd4b,8167
ENSMUSG00000022070,Bora,21644
ENSMUSG00000022074,Tnfrsf10b,3750
ENSMUSG00000022075,Rhobtb2,49305
ENSMUSG00000022076,Klhl1,13081
ENSMUSG00000022085,Pebp4,8498
ENSMUSG00000022089,Bin3,6819
ENSMUSG00000022090,Pdlim2,45997
ENSMUSG00000022091,Sorbs3,39701
ENSMUSG00000022092,Ppp3cc,49160
ENSMUSG00000022094,Slc39a14,68455
ENSMUSG00000022095,Fhip2b,24144
ENSMUSG00000022096,Hr,22071
ENSMUSG00000022097,Sftpc,795
ENSMUSG00000022098,Bmp1,24421
ENSMUSG00000022099,Dmtn,32177
ENSMUSG00000022100,Xpo7,114061
ENSMUSG00000022101,Fgf17,3455
ENSMUSG00000022102,Dok2,7173
ENSMUSG00000022103,Gfra2,21715
ENSMUSG00000022105,Rb1,47773
ENSMUSG00000022106,Rcbtb2,125706
ENSMUSG00000022108,Itm2b,20604
ENSMUSG00000022109,Med4,6390
ENSMUSG00000022110,Sucla2,50121
ENSMUSG00000022111,Uchl3,56975
ENSMUSG00000022112,Gpc5,8625
ENSMUSG00000022113,Trim52,3075
ENSMUSG00000022114,Spry2,15486
ENSMUSG00000022119,Rbm26,73707
ENSMUSG00000022120,Obi1,19415
ENSMUSG00000022122,Ednrb,37951
ENSMUSG00000022123,Scel,11193
ENSMUSG00000022124,Fbxl3,45962
ENSMUSG00000022125,Cln5,9461
ENSMUSG00000022126,Acod1,2623
ENSMUSG00000022129,Dct,2202
ENSMUSG00000022130,Tgds,11534
ENSMUSG00000022131,Gpr180,21141
ENSMUSG00000022132,Cldn10,6246
ENSMUSG00000022136,Dnajc3,26019
ENSMUSG00000022139,Mbnl2,203773
ENSMUSG00000022141,Nipbl,17491
ENSMUSG00000022142,Nup155,45341
ENSMUSG00000022144,Gdnf,3678
ENSMUSG00000022146,Osmr,21204
ENSMUSG00000022148,Fyb1,2847
ENSMUSG00000022149,C9,11164
ENSMUSG00000022150,Dab2,68635
ENSMUSG00000022151,Ttc33,36705
ENSMUSG00000022155,Mroh2b,4829
ENSMUSG00000022156,Gzme,916
ENSMUSG00000022157,Mcpt8,836
ENSMUSG00000022159,Rab2b,13108
ENSMUSG00000022160,Mettl3,10740
ENSMUSG00000022174,Dad1,6147
ENSMUSG00000022175,Lrp10,23252
ENSMUSG00000022176,Rem2,14196
ENSMUSG00000022177,Haus4,14387
ENSMUSG00000022178,Ajuba,6696
ENSMUSG00000022179,4931414P19Rik,33147
ENSMUSG00000022180,Slc7a8,14792
ENSMUSG00000022181,C6,13457
ENSMUSG00000022184,Fbxo4,16237
ENSMUSG00000022185,Acin1,22557
ENSMUSG00000022186,Oxct1,63689
ENSMUSG00000022191,Drosha,121110
ENSMUSG00000022193,Psmb5,10295
ENSMUSG00000022194,Pabpn1,9149
ENSMUSG00000022195,6030458C11Rik,33095
ENSMUSG00000022197,Pdzd2,81435
ENSMUSG00000022199,Slc22a17,9377
ENSMUSG00000022200,Golph3,24095
ENSMUSG00000022201,Zfr,51925
ENSMUSG00000022203,Efs,8370
ENSMUSG00000022204,Ngdn,10011
ENSMUSG00000022205,Sub1,46152
ENSMUSG00000022206,Npr3,23989
ENSMUSG00000022208,Jph4,30926
ENSMUSG00000022209,Dhrs2,2124
ENSMUSG00000022210,Dhrs4,10644
ENSMUSG00000022211,Carmil3,34996
ENSMUSG00000022212,Cpne6,126511
ENSMUSG00000022214,Dcaf11,71042
ENSMUSG00000022215,Fitm1,2102
ENSMUSG00000022216,Psme1,55729
ENSMUSG00000022217,Emc9,9130
ENSMUSG00000022218,Tgm1,13857
ENSMUSG00000022219,Cideb,2772
ENSMUSG00000022220,Adcy4,24041
ENSMUSG00000022221,Ripk3,7599
ENSMUSG00000022223,Sdr39u1,19887
ENSMUSG00000022225,Cma1,6275
ENSMUSG00000022226,Mcpt2,1061
ENSMUSG00000022227,Mcpt1,1014
ENSMUSG00000022228,Zscan26,34100
ENSMUSG00000022229,Atp12a,8237
ENSMUSG00000022231,Sema5a,60171
ENSMUSG00000022234,Cct5,72150
ENSMUSG00000022235,Cmbl,28572
ENSMUSG00000022236,Ropn1l,3925
ENSMUSG00000022237,Ankrd33b,37560
ENSMUSG00000022240,Ctnnd2,55925
ENSMUSG00000022241,Tars1,29277
ENSMUSG00000022243,Slc45a2,2987
ENSMUSG00000022244,Amacr,22068
ENSMUSG00000022245,Skor1,10864
ENSMUSG00000022246,Rai14,95188
ENSMUSG00000022247,Brix1,23934
ENSMUSG00000022248,Rad1,12708
ENSMUSG00000022249,Ttc23l,4885
ENSMUSG00000022253,Nadk2,73358
ENSMUSG00000022255,Mtdh,172546
ENSMUSG00000022257,Laptm4b,13904
ENSMUSG00000022261,Sdc2,15868
ENSMUSG00000022262,Dnah5,15637
ENSMUSG00000022263,Trio,17870
ENSMUSG00000022265,Ank,31748
ENSMUSG00000022269,Marchf11,7350
ENSMUSG00000022270,Retreg1,21475
ENSMUSG00000022272,Myo10,21964
ENSMUSG00000022280,Rnf19a,35947
ENSMUSG00000022283,Pabpc1,35459
ENSMUSG00000022285,Ywhaz,59771
ENSMUSG00000022286,Grhl2,6943
ENSMUSG00000022292,Rrm2b,19186
ENSMUSG00000022295,Atp6v1c1,96177
ENSMUSG00000022296,Baalc,17472
ENSMUSG00000022297,Fzd6,42562
ENSMUSG00000022299,Slc25a32,36857
ENSMUSG00000022300,Dcaf13,12680
ENSMUSG00000022303,Dcstamp,15551
ENSMUSG00000022304,Dpys,6638
ENSMUSG00000022305,Lrp12,8573
ENSMUSG00000022306,Zfpm2,41920
ENSMUSG00000022307,Oxr1,83509
ENSMUSG00000022309,Angpt1,20520
ENSMUSG00000022311,Csmd3,53109
ENSMUSG00000022312,Eif3h,40621
ENSMUSG00000022313,Utp23,14077
ENSMUSG00000022314,Rad21,18315
ENSMUSG00000022315,Slc30a8,1971
ENSMUSG00000022321,Cdh10,76991
ENSMUSG00000022322,Shcbp1,25087
ENSMUSG00000022323,Rida,9873
ENSMUSG00000022324,Matn2,261405
ENSMUSG00000022325,Pop1,6702
ENSMUSG00000022329,Stk3,21564
ENSMUSG00000022330,Osr2,10831
ENSMUSG00000022332,Khdrbs3,27262
ENSMUSG00000022335,Zfat,31541
ENSMUSG00000022336,Eif3e,23959
ENSMUSG00000022337,Emc2,15962
ENSMUSG00000022338,Eny2,36631
ENSMUSG00000022339,Ebag9,71467
ENSMUSG00000022340,Sybu,114331
ENSMUSG00000022342,Kcnv1,14807
ENSMUSG00000022346,Myc,12543
ENSMUSG00000022347,A1bg,2144
ENSMUSG00000022350,Washc5,58341
ENSMUSG00000022351,Sqle,31869
ENSMUSG00000022353,Mtss1,43654
ENSMUSG00000022354,Ndufb9,23590
ENSMUSG00000022357,Klhl38,22173
ENSMUSG00000022358,Fbxo32,17753
ENSMUSG00000022359,Ntaq1,12438
ENSMUSG00000022360,Atad2,20992
ENSMUSG00000022361,Zhx1,31794
ENSMUSG00000022362,Gm29394,1774
ENSMUSG00000022364,Tbc1d31,27118
ENSMUSG00000022365,Derl1,42642
ENSMUSG00000022366,Slc22a22,4387
ENSMUSG00000022367,Has2,4982
ENSMUSG00000022369,Mtbp,26649
ENSMUSG00000022370,Mrpl13,13943
ENSMUSG00000022371,Col14a1,19367
ENSMUSG00000022372,Sla,18982
ENSMUSG00000022375,Dnaaf11,12135
ENSMUSG00000022376,Adcy8,124019
ENSMUSG00000022377,Asap1,80830
ENSMUSG00000022378,Cyrib,251672
ENSMUSG00000022382,Wnt7b,16664
ENSMUSG00000022383,Ppara,43869
ENSMUSG00000022385,Gtse1,8096
ENSMUSG00000022386,Trmu,29507
ENSMUSG00000022387,Brd1,91558
ENSMUSG00000022388,Ttll8,6048
ENSMUSG00000022389,Tef,16761
ENSMUSG00000022390,Zc3h7b,30696
ENSMUSG00000022391,Rangap1,137802
ENSMUSG00000022394,L3mbtl2,23114
ENSMUSG00000022400,Rbx1,33784
ENSMUSG00000022401,Xpnpep3,36692
ENSMUSG00000022403,St13,38443
ENSMUSG00000022404,Slc25a17,15462
ENSMUSG00000022407,Adsl,44006
ENSMUSG00000022408,Fam83f,22702
ENSMUSG00000022412,Mief1,113542
ENSMUSG00000022414,Tab1,49519
ENSMUSG00000022415,Syngr1,42360
ENSMUSG00000022416,Cacna1i,9786
ENSMUSG00000022419,Deptor,43121
ENSMUSG00000022420,Dnal4,15230
ENSMUSG00000022421,Nptxr,5006
ENSMUSG00000022422,Dscc1,8285
ENSMUSG00000022425,Enpp2,195010
ENSMUSG00000022426,Josd1,3448
ENSMUSG00000022427,Tomm22,11237
ENSMUSG00000022428,Cby1,20701
ENSMUSG00000022429,Dmc1,21700
ENSMUSG00000022431,Ribc2,1674
ENSMUSG00000022432,Smc1b,21146
ENSMUSG00000022433,Csnk1e,141751
ENSMUSG00000022434,Fam118a,123318
ENSMUSG00000022435,Upk3a,1113
ENSMUSG00000022436,Sh3bp1,21120
ENSMUSG00000022437,Samm50,55726
ENSMUSG00000022438,Parvb,7658
ENSMUSG00000022439,Parvg,17014
ENSMUSG00000022440,C1qtnf6,4636
ENSMUSG00000022441,Efcab6,7478
ENSMUSG00000022442,Ttll1,114646
ENSMUSG00000022443,Myh9,43895
ENSMUSG00000022445,Cyp2d26,12194
ENSMUSG00000022449,Adamts20,50723
ENSMUSG00000022450,Ndufa6,3922
ENSMUSG00000022451,Twf1,19707
ENSMUSG00000022452,Smdt1,14868
ENSMUSG00000022453,Naga,18583
ENSMUSG00000022454,Nell2,248429
ENSMUSG00000022455,Wbp2nl,1431
ENSMUSG00000022456,Septin3,23364
ENSMUSG00000022462,Slc38a2,52944
ENSMUSG00000022463,Srebf2,27999
ENSMUSG00000022464,Slc38a4,95949
ENSMUSG00000022466,Rpap3,23007
ENSMUSG00000022468,Endou,7579
ENSMUSG00000022469,Rapgef3,38356
ENSMUSG00000022471,Xrcc6,26848
ENSMUSG00000022472,Desi1,17660
ENSMUSG00000022474,Pmm1,28458
ENSMUSG00000022475,Hdac7,102404
ENSMUSG00000022476,Polr3h,12654
ENSMUSG00000022477,Aco2,90596
ENSMUSG00000022479,Vdr,12980
ENSMUSG00000022483,Col2a1,15450
ENSMUSG00000022484,Hoxc10,6059
ENSMUSG00000022485,Hoxc5,2923
ENSMUSG00000022487,Gtsf1,13098
ENSMUSG00000022488,Nckap1l,18927
ENSMUSG00000022489,Pde1b,69655
ENSMUSG00000022490,Ppp1r1a,8857
ENSMUSG00000022491,Glycam1,1937
ENSMUSG00000022494,Shisa9,7747
ENSMUSG00000022496,Tnfrsf17,1622
ENSMUSG00000022498,Txndc11,35688
ENSMUSG00000022500,Litaf,16382
ENSMUSG00000022501,Prm1,3646
ENSMUSG00000022503,Nubp1,28693
ENSMUSG00000022504,Ciita,39284
ENSMUSG00000022505,Emp2,21693
ENSMUSG00000022507,Hapstr1,25954
ENSMUSG00000022508,Bcl6,3525
ENSMUSG00000022510,Trp63,28563
ENSMUSG00000022512,Cldn1,3252
ENSMUSG00000022514,Il1rap,57929
ENSMUSG00000022515,Anks3,66043
ENSMUSG00000022516,Nudt16l1,15210
ENSMUSG00000022517,Mgrn1,231963
ENSMUSG00000022518,4930562C15Rik,5188
ENSMUSG00000022519,Srl,207364
ENSMUSG00000022521,Crebbp,21526
ENSMUSG00000022523,Fgf12,15945
ENSMUSG00000022525,Plaat1,65588
ENSMUSG00000022526,Zfp251,29891
ENSMUSG00000022528,Hes1,13021
ENSMUSG00000022529,Zfp263,31530
ENSMUSG00000022533,Atp13a3,63204
ENSMUSG00000022534,Mefv,8911
ENSMUSG00000022536,Glyr1,131910
ENSMUSG00000022537,Tmem44,57730
ENSMUSG00000022538,Lsg1,35185
ENSMUSG00000022540,Rogdi,27024
ENSMUSG00000022542,Septin12,13138
ENSMUSG00000022543,Dnaaf8,6728
ENSMUSG00000022544,Eef2kmt,32044
ENSMUSG00000022545,Ercc4,40358
ENSMUSG00000022546,Gpt,32753
ENSMUSG00000022548,Apod,21734
ENSMUSG00000022550,Adck5,26375
ENSMUSG00000022551,Cyc1,32255
ENSMUSG00000022552,Sharpin,22691
ENSMUSG00000022553,Maf1,45648
ENSMUSG00000022554,Hgh1,7180
ENSMUSG00000022555,Dgat1,24138
ENSMUSG00000022556,Hsf1,163709
ENSMUSG00000022557,Bop1,24915
ENSMUSG00000022558,Mroh1,170012
ENSMUSG00000022559,Fbxl6,8309
ENSMUSG00000022560,Slc52a2,30392
ENSMUSG00000022561,Gpaa1,16458
ENSMUSG00000022562,Oplah,77857
ENSMUSG00000022564,Grina,43618
ENSMUSG00000022565,Plec,195200
ENSMUSG00000022568,Scrib,66177
ENSMUSG00000022570,Gfus,81611
ENSMUSG00000022571,Pycr3,7852
ENSMUSG00000022574,Naprt,17084
ENSMUSG00000022575,Gsdmd,13643
ENSMUSG00000022577,Ly6h,13954
ENSMUSG00000022579,Gpihbp1,5951
ENSMUSG00000022580,Rhpn1,25188
ENSMUSG00000022582,Ly6g,4100
ENSMUSG00000022583,Ly6f,6168
ENSMUSG00000022584,Ly6c2,8945
ENSMUSG00000022586,Ly6i,2054
ENSMUSG00000022587,Ly6e,43055
ENSMUSG00000022589,Cyp11b2,36720
ENSMUSG00000022594,Lynx1,24172
ENSMUSG00000022595,Lypd2,551
ENSMUSG00000022596,Slurp1,6333
ENSMUSG00000022598,Psca,866
ENSMUSG00000022601,Zbtb11,29401
ENSMUSG00000022602,Arc,6111
ENSMUSG00000022603,Mroh4,6687
ENSMUSG00000022604,Cep97,44776
ENSMUSG00000022607,Ptk2,132084
ENSMUSG00000022610,Mapk12,7530
ENSMUSG00000022613,Miox,2251
ENSMUSG00000022614,Lmf2,30268
ENSMUSG00000022615,Tymp,6569
ENSMUSG00000022617,Chkb,1707
ENSMUSG00000022619,Mapk8ip2,37839
ENSMUSG00000022620,Arsa,18416
ENSMUSG00000022621,Rabl2,14344
ENSMUSG00000022622,Acr,4338
ENSMUSG00000022623,Shank3,11276
ENSMUSG00000022629,Kif21a,208803
ENSMUSG00000022634,Yaf2,21123
ENSMUSG00000022635,Zcrb1,9126
ENSMUSG00000022636,Alcam,34742
ENSMUSG00000022637,Cblb,79573
ENSMUSG00000022641,Bbx,143549
ENSMUSG00000022650,Retnlb,696
ENSMUSG00000022651,Retnlg,3170
ENSMUSG00000022652,Morc1,13739
ENSMUSG00000022656,Nectin3,66695
ENSMUSG00000022657,Cd96,2184
ENSMUSG00000022658,Tagln3,6099
ENSMUSG00000022659,Gcsam,8677
ENSMUSG00000022661,Cd200,22458
ENSMUSG00000022663,Atg3,10644
ENSMUSG00000022664,Slc35a5,55513
ENSMUSG00000022665,Ccdc80,28576
ENSMUSG00000022667,Cd200r1,3744
ENSMUSG00000022668,Gtpbp8,28756
ENSMUSG00000022671,Mzt2,6809
ENSMUSG00000022672,Prkdc,12647
ENSMUSG00000022673,Mcm4,17404
ENSMUSG00000022674,Ube2v2,18345
ENSMUSG00000022676,Snai2,3726
ENSMUSG00000022677,Cep20,40274
ENSMUSG00000022678,Nde1,30709
ENSMUSG00000022679,Mpv17l,47930
ENSMUSG00000022680,Pdxdc1,196426
ENSMUSG00000022681,Ntan1,6897
ENSMUSG00000022682,Rrn3,37706
ENSMUSG00000022683,Pla2g10,5381
ENSMUSG00000022684,Bfar,43884
ENSMUSG00000022685,Parn,65850
ENSMUSG00000022686,B3gnt5,41492
ENSMUSG00000022687,Boc,38068
ENSMUSG00000022696,Sidt1,56129
ENSMUSG00000022698,Naa50,68101
ENSMUSG00000022701,Ccdc191,9157
ENSMUSG00000022702,Hira,8593
ENSMUSG00000022704,Qtrt2,6899
ENSMUSG00000022705,Drd3,3167
ENSMUSG00000022706,Mrpl40,15711
ENSMUSG00000022707,Gbe1,18912
ENSMUSG00000022708,Zbtb20,3054858
ENSMUSG00000022710,Usp7,24808
ENSMUSG00000022711,Pmm2,18235
ENSMUSG00000022715,Tmem114,3705
ENSMUSG00000022718,Dgcr8,118154
ENSMUSG00000022721,Trmt2a,42279
ENSMUSG00000022722,Arl6,14269
ENSMUSG00000022723,Crybg3,45068
ENSMUSG00000022724,Riox2,35105
ENSMUSG00000022738,Gsc2,2344
ENSMUSG00000022742,Cpox,9984
ENSMUSG00000022744,Cldnd1,44242
ENSMUSG00000022747,St3gal6,122067
ENSMUSG00000022748,Cmss1,3395
ENSMUSG00000022749,Tbc1d23,25716
ENSMUSG00000022750,Klhl22,40002
ENSMUSG00000022751,Nit2,11838
ENSMUSG00000022752,Tomm70a,51304
ENSMUSG00000022753,Tmem30c,7847
ENSMUSG00000022754,Tmem45a,12949
ENSMUSG00000022755,Adgrg7,2698
ENSMUSG00000022756,Slc7a4,113422
ENSMUSG00000022757,Tfg,45090
ENSMUSG00000022758,P2rx6,6884
ENSMUSG00000022759,Lrrc74b,11232
ENSMUSG00000022760,Thap7,38339
ENSMUSG00000022761,Lztr1,104511
ENSMUSG00000022762,Ncam2,12815
ENSMUSG00000022763,Aifm3,143076
ENSMUSG00000022765,Snap29,8635
ENSMUSG00000022766,Serpind1,13912
ENSMUSG00000022768,Ccdc116,26664
ENSMUSG00000022769,Sdf2l1,3137
ENSMUSG00000022770,Dlg1,194065
ENSMUSG00000022771,Ppil2,117424
ENSMUSG00000022772,Senp5,76325
ENSMUSG00000022773,Ypel1,5020
ENSMUSG00000022774,Ncbp2,13039
ENSMUSG00000022779,Top3b,58530
ENSMUSG00000022780,Meltf,4133
ENSMUSG00000022781,Pak2,42473
ENSMUSG00000022783,Spag6l,26143
ENSMUSG00000022787,Wdr53,5608
ENSMUSG00000022788,Fgd4,52004
ENSMUSG00000022789,Dnm1l,211303
ENSMUSG00000022790,Igsf11,20769
ENSMUSG00000022791,Tnk2,55806
ENSMUSG00000022792,Yars2,17991
ENSMUSG00000022793,B4galt4,30508
ENSMUSG00000022797,Tfrc,51494
ENSMUSG00000022798,Tex55,4155
ENSMUSG00000022799,Arhgap31,21345
ENSMUSG00000022800,Fyttd1,55261
ENSMUSG00000022801,Lrch3,159656
ENSMUSG00000022802,Lmln,8304
ENSMUSG00000022803,Popdc2,15611
ENSMUSG00000022805,Cfap91,5908
ENSMUSG00000022807,Osbpl11,82661
ENSMUSG00000022808,Snx4,18276
ENSMUSG00000022809,Nr1i2,7508
ENSMUSG00000022811,Zfp148,153222
ENSMUSG00000022812,Gsk3b,33092
ENSMUSG00000022814,Umps,24022
ENSMUSG00000022816,Fstl1,45054
ENSMUSG00000022817,Itgb5,42794
ENSMUSG00000022818,Cyp2ab1,6952
ENSMUSG00000022820,Ndufb4,7082
ENSMUSG00000022821,Hgd,10661
ENSMUSG00000022822,Abcc5,62404
ENSMUSG00000022824,Muc13,5918
ENSMUSG00000022827,Rabl3,17220
ENSMUSG00000022828,Gtf2e1,30824
ENSMUSG00000022829,Stxbp5l,161091
ENSMUSG00000022831,Hcls1,5307
ENSMUSG00000022832,Ropn1,4551
ENSMUSG00000022833,Ccdc14,14817
ENSMUSG00000022836,Mylk,10501
ENSMUSG00000022837,Iqcb1,67638
ENSMUSG00000022838,Eaf2,13472
ENSMUSG00000022840,Adcy5,42978
ENSMUSG00000022841,Ap2m1,20078
ENSMUSG00000022842,Ece2,70696
ENSMUSG00000022843,Clcn2,58138
ENSMUSG00000022844,Pdia5,2945
ENSMUSG00000022847,Thpo,48804
ENSMUSG00000022848,Slc49a4,5395
ENSMUSG00000022849,Hspbap1,50682
ENSMUSG00000022853,Ehhadh,5871
ENSMUSG00000022855,Senp2,73538
ENSMUSG00000022856,Tmem41a,2673
ENSMUSG00000022857,Tmprss15,8319
ENSMUSG00000022858,Tra2b,82748
ENSMUSG00000022860,Chodl,27698
ENSMUSG00000022861,Dgkg,103755
ENSMUSG00000022863,Btg3,18212
ENSMUSG00000022864,D16Ertd472e,58494
ENSMUSG00000022865,Cxadr,13870
ENSMUSG00000022867,Usp25,54072
ENSMUSG00000022868,Ahsg,27427
ENSMUSG00000022871,Fetub,36090
ENSMUSG00000022875,Kng1,34908
ENSMUSG00000022876,Samsn1,1890
ENSMUSG00000022877,Hrg,11324
ENSMUSG00000022878,Adipoq,7193
ENSMUSG00000022881,Rfc4,11398
ENSMUSG00000022883,Robo1,36484
ENSMUSG00000022884,Eif4a2,90867
ENSMUSG00000022885,St6gal1,101257
ENSMUSG00000022886,Prl2a1,884
ENSMUSG00000022887,Masp1,19467
ENSMUSG00000022889,Mrpl39,28224
ENSMUSG00000022890,Atp5pf,242824
ENSMUSG00000022892,App,400871
ENSMUSG00000022893,Adamts1,9938
ENSMUSG00000022894,Adamts5,10791
ENSMUSG00000022895,Ets2,15483
ENSMUSG00000022897,Dyrk1a,117837
ENSMUSG00000022898,Vps26c,32144
ENSMUSG00000022899,Slc15a2,21518
ENSMUSG00000022900,Ildr1,18520
ENSMUSG00000022901,Cd86,2726
ENSMUSG00000022902,Stfa2,2078
ENSMUSG00000022905,Kpna1,58809
ENSMUSG00000022906,Parp9,32606
ENSMUSG00000022911,Arl13b,6741
ENSMUSG00000022912,Pros1,33113
ENSMUSG00000022913,Psmg1,11593
ENSMUSG00000022914,Brwd1,74948
ENSMUSG00000022931,Krtap15-1,1232
ENSMUSG00000022935,Grik1,24245
ENSMUSG00000022938,Fam3b,5937
ENSMUSG00000022940,Pigp,4734
ENSMUSG00000022941,Ripply3,5170
ENSMUSG00000022945,Chaf1b,9775
ENSMUSG00000022946,Dop1b,64985
ENSMUSG00000022947,Cbr3,4527
ENSMUSG00000022948,Setd4,10618
ENSMUSG00000022949,Clic6,8646
ENSMUSG00000022951,Rcan1,15654
ENSMUSG00000022952,Runx1,26255
ENSMUSG00000022956,Atp5po,44315
ENSMUSG00000022957,Itsn1,263070
ENSMUSG00000022960,Donson,38016
ENSMUSG00000022961,Son,61949
ENSMUSG00000022962,Gart,45174
ENSMUSG00000022964,Tmem50b,25977
ENSMUSG00000022965,Ifngr2,18740
ENSMUSG00000022967,Ifnar1,24318
ENSMUSG00000022969,Il10rb,27737
ENSMUSG00000022971,Ifnar2,17181
ENSMUSG00000022972,Cfap298,15403
ENSMUSG00000022973,Synj1,141505
ENSMUSG00000022974,Paxbp1,11883
ENSMUSG00000022978,Mis18a,4064
ENSMUSG00000022982,Sod1,16595
ENSMUSG00000022983,Scaf4,173966
ENSMUSG00000022986,Krt75,3266
ENSMUSG00000022987,Zfp641,130000
ENSMUSG00000022991,Lalba,771
ENSMUSG00000022992,Kansl2,100721
ENSMUSG00000022993,Spmip11,558
ENSMUSG00000022994,Adcy6,15728
ENSMUSG00000022995,Enah,120010
ENSMUSG00000022996,Wnt10b,26963
ENSMUSG00000022997,Wnt1,2378
ENSMUSG00000022999,Lmbr1l,6753
ENSMUSG00000023000,Dhh,9127
ENSMUSG00000023004,Tuba1b,20231
ENSMUSG00000023007,Prpf40b,42699
ENSMUSG00000023008,Fmnl3,38989
ENSMUSG00000023009,Nckap5l,29951
ENSMUSG00000023010,Tmbim6,92574
ENSMUSG00000023011,Faim2,82544
ENSMUSG00000023013,Aqp2,4007
ENSMUSG00000023015,Racgap1,50164
ENSMUSG00000023017,Asic1,28272
ENSMUSG00000023018,Smarcd1,19702
ENSMUSG00000023019,Gpd1,25641
ENSMUSG00000023020,Cox14,23020
ENSMUSG00000023021,Cers5,71141
ENSMUSG00000023022,Lima1,59353
ENSMUSG00000023025,Larp4,59656
ENSMUSG00000023026,Dip2b,117870
ENSMUSG00000023027,Atf1,30594
ENSMUSG00000023030,Slc11a2,62244
ENSMUSG00000023031,Cela1,3938
ENSMUSG00000023032,Slc4a8,49676
ENSMUSG00000023033,Scn8a,74021
ENSMUSG00000023034,Nr4a1,72756
ENSMUSG00000023036,Pcdhgc4,28372
ENSMUSG00000023039,Krt7,4094
ENSMUSG00000023041,Krt6b,2235
ENSMUSG00000023043,Krt18,2868
ENSMUSG00000023044,Csad,155368
ENSMUSG00000023045,Soat2,2372
ENSMUSG00000023046,Igfbp6,2181
ENSMUSG00000023047,Amhr2,7543
ENSMUSG00000023048,Prr13,47032
ENSMUSG00000023050,Map3k12,170287
ENSMUSG00000023051,Tarbp2,4602
ENSMUSG00000023052,Npff,446
ENSMUSG00000023055,Calcoco1,62033
ENSMUSG00000023057,Fabp2,2770
ENSMUSG00000023064,Sncg,23350
ENSMUSG00000023066,Rttn,9524
ENSMUSG00000023067,Cdkn1a,22365
ENSMUSG00000023068,Nus1,17410
ENSMUSG00000023070,Rgn,22400
ENSMUSG00000023072,Cep89,44942
ENSMUSG00000023073,Slc10a2,4152
ENSMUSG00000023074,Mospd1,68124
ENSMUSG00000023075,Akirin1,15212
ENSMUSG00000023078,Cxcl13,1150
ENSMUSG00000023079,Gtf2ird1,131104
ENSMUSG00000023083,H2-M10.2,1113
ENSMUSG00000023084,Lrrc71,12003
ENSMUSG00000023087,Noct,23525
ENSMUSG00000023088,Abcc1,40431
ENSMUSG00000023089,Ndufa5,9906
ENSMUSG00000023092,Fhl1,40376
ENSMUSG00000023093,Pate12,519
ENSMUSG00000023094,Msrb2,6180
ENSMUSG00000023104,Rfc2,35615
ENSMUSG00000023106,Denr,27536
ENSMUSG00000023110,Prmt5,28755
ENSMUSG00000023118,Sympk,64467
ENSMUSG00000023120,Ldc1,2314
ENSMUSG00000023122,Sult1c2,2411
ENSMUSG00000023132,Gzma,3816
ENSMUSG00000023140,Reg2,698
ENSMUSG00000023143,Nagpa,15347
ENSMUSG00000023147,Get1,49787
ENSMUSG00000023150,Ivns1abp,93864
ENSMUSG00000023151,Lrrc69,6152
ENSMUSG00000023153,Tmem52,6316
ENSMUSG00000023156,Rpp14,51112
ENSMUSG00000023159,Psg29,5445
ENSMUSG00000023165,Ssxb2,1677
ENSMUSG00000023169,Slc38a1,102811
ENSMUSG00000023170,Gps2,21687
ENSMUSG00000023175,Bsg,23496
ENSMUSG00000023176,Cpn2,4623
ENSMUSG00000023185,Ceacam14,1109
ENSMUSG00000023186,Vwa5a,12404
ENSMUSG00000023191,P3h3,14065
ENSMUSG00000023192,Grm2,39582
ENSMUSG00000023206,Il15ra,17058
ENSMUSG00000023210,Lcn9,839
ENSMUSG00000023216,Epb42,7047
ENSMUSG00000023224,Serping1,11486
ENSMUSG00000023232,Serinc2,10511
ENSMUSG00000023235,Ccl25,9773
ENSMUSG00000023236,Scg5,44574
ENSMUSG00000023243,Kcnk5,6739
ENSMUSG00000023247,Guca2a,1641
ENSMUSG00000023249,Parp3,35824
ENSMUSG00000023257,Cypt1,3352
ENSMUSG00000023259,Slc26a6,29010
ENSMUSG00000023262,Acy1,17375
ENSMUSG00000023263,9530002B09Rik,4001
ENSMUSG00000023266,Frs3,42288
ENSMUSG00000023267,Gabrr2,3866
ENSMUSG00000023272,Creld2,6885
ENSMUSG00000023274,Cd4,9660
ENSMUSG00000023277,Twf2,17866
ENSMUSG00000023279,Bmp15,3060
ENSMUSG00000023284,Zfp605,11933
ENSMUSG00000023286,Ube2j2,140595
ENSMUSG00000023289,Sva,1302
ENSMUSG00000023307,Marchf5,31804
ENSMUSG00000023328,Ache,25679
ENSMUSG00000023330,Dtwd1,97803
ENSMUSG00000023333,Gcm1,3210
ENSMUSG00000023336,Wfdc1,27879
ENSMUSG00000023341,Mx2,2421
ENSMUSG00000023345,Poc1a,39498
ENSMUSG00000023348,Trip6,14582
ENSMUSG00000023349,Clec4n,5698
ENSMUSG00000023353,Agap3,47484
ENSMUSG00000023367,Tmem176a,13113
ENSMUSG00000023387,Kcnk16,3043
ENSMUSG00000023391,Dlx2,2477
ENSMUSG00000023393,Slc17a9,19848
ENSMUSG00000023403,Stk31,24094
ENSMUSG00000023411,Nfatc4,21665
ENSMUSG00000023433,Cela3b,2625
ENSMUSG00000023439,Gnb3,11562
ENSMUSG00000023443,Esx1,3292
ENSMUSG00000023452,Pisd,49607
ENSMUSG00000023456,Tpi1,19385
ENSMUSG00000023460,Rab12,20970
ENSMUSG00000023467,Tulp2,42297
ENSMUSG00000023473,Celsr3,23118
ENSMUSG00000023484,Prph,15659
ENSMUSG00000023495,Pcbp4,92367
ENSMUSG00000023505,Cdca3,17784
ENSMUSG00000023571,C1qtnf12,15469
ENSMUSG00000023572,Ccndbp1,20363
ENSMUSG00000023707,Ogfod2,16227
ENSMUSG00000023723,Mrps23,9561
ENSMUSG00000023755,Rhebl1,7182
ENSMUSG00000023764,Sfi1,61573
ENSMUSG00000023781,Hes7,1809
ENSMUSG00000023791,Pigx,12067
ENSMUSG00000023800,Tiam2,34618
ENSMUSG00000023802,Nox3,2843
ENSMUSG00000023805,Synj2,43828
ENSMUSG00000023806,Rsph3b,13934
ENSMUSG00000023809,Rps6ka2,66913
ENSMUSG00000023826,Prkn,8890
ENSMUSG00000023827,Agpat4,25337
ENSMUSG00000023828,Slc22a3,8202
ENSMUSG00000023829,Slc22a1,5962
ENSMUSG00000023830,Igf2r,17735
ENSMUSG00000023832,Acat2,17036
ENSMUSG00000023845,Lnpep,12052
ENSMUSG00000023852,Chd1,38021
ENSMUSG00000023861,Mpc1,3846
ENSMUSG00000023868,Pde10a,83662
ENSMUSG00000023873,1700010I14Rik,14631
ENSMUSG00000023882,Zfp54,28800
ENSMUSG00000023883,Phf10,39781
ENSMUSG00000023885,Thbs2,35880
ENSMUSG00000023886,Smoc2,54842
ENSMUSG00000023892,Zfp51,23338
ENSMUSG00000023902,Zscan10,12360
ENSMUSG00000023903,Mmp25,4528
ENSMUSG00000023904,Hcfc1r1,23290
ENSMUSG00000023905,Tnfrsf12a,10234
ENSMUSG00000023906,Cldn6,4742
ENSMUSG00000023908,Pkmyt1,14362
ENSMUSG00000023909,Paqr4,37119
ENSMUSG00000023911,Flywch2,5675
ENSMUSG00000023912,Slc25a27,15538
ENSMUSG00000023913,Pla2g7,39374
ENSMUSG00000023914,Mep1a,5934
ENSMUSG00000023915,Tnfrsf21,10967
ENSMUSG00000023918,Adgrf4,9008
ENSMUSG00000023919,Cenpq,17074
ENSMUSG00000023921,Mmut,26585
ENSMUSG00000023923,Tbc1d5,57185
ENSMUSG00000023926,Rhag,4604
ENSMUSG00000023927,Satb1,253970
ENSMUSG00000023930,Crisp2,18968
ENSMUSG00000023931,Efhb,2661
ENSMUSG00000023932,Cdc5l,6864
ENSMUSG00000023935,Spats1,27149
ENSMUSG00000023938,Aars2,31380
ENSMUSG00000023939,Mrpl14,37923
ENSMUSG00000023940,Sgo1,13620
ENSMUSG00000023942,Slc29a1,205904
ENSMUSG00000023943,Sult1c1,1556
ENSMUSG00000023944,Hsp90ab1,77082
ENSMUSG00000023945,Slc5a7,17282
ENSMUSG00000023947,Nfkbie,9054
ENSMUSG00000023949,Tcte1,5987
ENSMUSG00000023951,Vegfa,11502
ENSMUSG00000023952,Gtpbp2,6281
ENSMUSG00000023953,Polh,18158
ENSMUSG00000023959,Clic5,13295
ENSMUSG00000023960,Enpp5,36547
ENSMUSG00000023961,Enpp4,88187
ENSMUSG00000023963,Cyp39a1,8484
ENSMUSG00000023964,Calcr,15390
ENSMUSG00000023965,Fbxl17,39562
ENSMUSG00000023966,Rsph9,15322
ENSMUSG00000023967,Mrps18a,9670
ENSMUSG00000023968,Crip3,2762
ENSMUSG00000023971,Rrp36,11827
ENSMUSG00000023972,Ptk7,24692
ENSMUSG00000023973,Cnpy3,27674
ENSMUSG00000023977,Ubr2,28614
ENSMUSG00000023978,Prph2,2665
ENSMUSG00000023979,Guca1b,4840
ENSMUSG00000023980,Taf8,25884
ENSMUSG00000023982,Guca1a,873
ENSMUSG00000023984,Gm20517,4807
ENSMUSG00000023987,Pgc,1395
ENSMUSG00000023988,Bysl,11655
ENSMUSG00000023990,Tfeb,51350
ENSMUSG00000023991,Foxp4,78068
ENSMUSG00000023992,Trem2,2231
ENSMUSG00000023993,Treml1,8442
ENSMUSG00000023994,Nfya,40868
ENSMUSG00000023995,Tspo2,30268
ENSMUSG00000023999,Kif6,17239
ENSMUSG00000024002,Brd4,66780
ENSMUSG00000024006,Stk38,53154
ENSMUSG00000024007,Ppil1,11167
ENSMUSG00000024008,Cpne5,28821
ENSMUSG00000024011,Pi16,38324
ENSMUSG00000024012,Mtch1,33936
ENSMUSG00000024013,Fgd2,27934
ENSMUSG00000024014,Pim1,12129
ENSMUSG00000024018,Ccdc167,11783
ENSMUSG00000024019,Cmtr1,14178
ENSMUSG00000024026,Glo1,32628
ENSMUSG00000024027,Glp1r,16885
ENSMUSG00000024028,Tff2,590
ENSMUSG00000024029,Tff3,1495
ENSMUSG00000024030,Abcg1,14788
ENSMUSG00000024032,Tff1,703
ENSMUSG00000024033,Rsph1,7377
ENSMUSG00000024034,Tmprss3,12233
ENSMUSG00000024036,Slc37a1,30920
ENSMUSG00000024037,Wdr4,21763
ENSMUSG00000024038,Ndufv3,7514
ENSMUSG00000024039,Cbs,100215
ENSMUSG00000024041,Cryaa,3918
ENSMUSG00000024042,Sik1,41042
ENSMUSG00000024043,Arhgap28,23374
ENSMUSG00000024044,Epb41l3,399979
ENSMUSG00000024045,Akap8,18749
ENSMUSG00000024048,Myl12a,85379
ENSMUSG00000024049,Myom1,112745
ENSMUSG00000024050,Wiz,79979
ENSMUSG00000024052,Lpin2,42628
ENSMUSG00000024053,Emilin2,43153
ENSMUSG00000024054,Smchd1,19916
ENSMUSG00000024055,Cyp4f13,15031
ENSMUSG00000024056,Ndc80,16374
ENSMUSG00000024059,Clip4,171897
ENSMUSG00000024063,Lbh,3075
ENSMUSG00000024064,Galnt14,18083
ENSMUSG00000024065,Ehd3,17930
ENSMUSG00000024066,Xdh,44853
ENSMUSG00000024067,Dpy30,11571
ENSMUSG00000024068,Spast,130688
ENSMUSG00000024069,Slc30a6,23608
ENSMUSG00000024070,Prkd3,41436
ENSMUSG00000024072,Yipf4,26993
ENSMUSG00000024073,Birc6,76029
ENSMUSG00000024074,Crim1,17121
ENSMUSG00000024076,Vit,9329
ENSMUSG00000024077,Strn,16307
ENSMUSG00000024078,Ttc27,54647
ENSMUSG00000024079,Eif2ak2,10331
ENSMUSG00000024081,Cebpz,12405
ENSMUSG00000024082,Ndufaf7,28673
ENSMUSG00000024083,Pja2,61027
ENSMUSG00000024084,Qpct,17568
ENSMUSG00000024085,Man2a1,6991
ENSMUSG00000024087,Cyp1b1,11444
ENSMUSG00000024088,4930583I09Rik,1241
ENSMUSG00000024091,Vapa,26597
ENSMUSG00000024095,Hnrnpll,35294
ENSMUSG00000024096,Ralbp1,86834
ENSMUSG00000024097,Srsf7,40402
ENSMUSG00000024098,Twsg1,18215
ENSMUSG00000024099,Ndufv2,28640
ENSMUSG00000024101,Washc1,11786
ENSMUSG00000024104,Washc2,228491
ENSMUSG00000024105,Themis3,3533
ENSMUSG00000024107,Lhcgr,13831
ENSMUSG00000024109,Nrxn1,78011
ENSMUSG00000024112,Cacna1h,75417
ENSMUSG00000024114,Prss41,8174
ENSMUSG00000024116,Prss21,3018
ENSMUSG00000024118,Tedc2,17282
ENSMUSG00000024120,Lrpprc,80618
ENSMUSG00000024121,Atp6v0c,18443
ENSMUSG00000024122,Pdpk1,33002
ENSMUSG00000024124,Prss30,4727
ENSMUSG00000024125,Sbpl,1777
ENSMUSG00000024127,Prepl,32996
ENSMUSG00000024128,Sbp,5620
ENSMUSG00000024130,Abca3,58833
ENSMUSG00000024131,Slc3a1,5401
ENSMUSG00000024132,Eci1,6242
ENSMUSG00000024134,Six2,6806
ENSMUSG00000024135,Srbd1,72303
ENSMUSG00000024136,Dnase1l2,4028
ENSMUSG00000024137,E4f1,58330
ENSMUSG00000024140,Epas1,27549
ENSMUSG00000024142,Mlst8,28023
ENSMUSG00000024143,Rhoq,19846
ENSMUSG00000024145,Pigf,19748
ENSMUSG00000024146,Cript,7151
ENSMUSG00000024150,Mcfd2,77897
ENSMUSG00000024151,Msh2,36410
ENSMUSG00000024154,Gtf2a1l,3013
ENSMUSG00000024155,Meiob,5281
ENSMUSG00000024158,Hagh,36152
ENSMUSG00000024160,Spsb3,95198
ENSMUSG00000024163,Mapk8ip3,307156
ENSMUSG00000024164,C3,30669
ENSMUSG00000024165,Jpt2,25289
ENSMUSG00000024168,Tmem204,4661
ENSMUSG00000024169,Ift140,77642
ENSMUSG00000024170,Telo2,46117
ENSMUSG00000024171,Prss28,2254
ENSMUSG00000024172,St6gal2,57897
ENSMUSG00000024173,Tpsab1,3546
ENSMUSG00000024174,Pot1b,7030
ENSMUSG00000024175,Tekt4,6818
ENSMUSG00000024176,Sox8,17699
ENSMUSG00000024177,Nme4,8123
ENSMUSG00000024180,Pgap6,49538
ENSMUSG00000024181,Mrpl28,10619
ENSMUSG00000024182,Axin1,32929
ENSMUSG00000024184,Pdia2,3433
ENSMUSG00000024186,Rgs11,9289
ENSMUSG00000024187,Fam234a,171697
ENSMUSG00000024188,Luc7l,34073
ENSMUSG00000024190,Dusp1,9350
ENSMUSG00000024191,Bnip1,9379
ENSMUSG00000024193,Phf1,19684
ENSMUSG00000024194,Cuta,17770
ENSMUSG00000024197,Plin3,66485
ENSMUSG00000024201,Kdm4b,261095
ENSMUSG00000024206,Rfx2,30456
ENSMUSG00000024207,Acsbg2,2609
ENSMUSG00000024208,Uqcc2,4090
ENSMUSG00000024209,Acsbg3,7608
ENSMUSG00000024210,Ip6k3,29101
ENSMUSG00000024211,Grm8,10478
ENSMUSG00000024212,Mllt1,44183
ENSMUSG00000024213,Nudt3,22236
ENSMUSG00000024215,Spdef,3798
ENSMUSG00000024217,Snrpc,8276
ENSMUSG00000024218,Taf11,6850
ENSMUSG00000024219,Anks1,36780
ENSMUSG00000024220,Zfp523,55622
ENSMUSG00000024222,Fkbp5,83533
ENSMUSG00000024223,Armc12,3725
ENSMUSG00000024224,Clpsl2,522
ENSMUSG00000024225,Clps,2344
ENSMUSG00000024227,Pdzph1,5286
ENSMUSG00000024228,Nudt12,40625
ENSMUSG00000024231,Cul2,181706
ENSMUSG00000024232,Bambi,10249
ENSMUSG00000024233,Lyzl1,2400
ENSMUSG00000024234,Mtpap,37359
ENSMUSG00000024235,Map3k8,5463
ENSMUSG00000024236,Svil,207312
ENSMUSG00000024238,Zeb1,17598
ENSMUSG00000024240,Epc1,14637
ENSMUSG00000024241,Sos1,30820
ENSMUSG00000024242,Map4k3,115664
ENSMUSG00000024245,Tmem178,18028
ENSMUSG00000024246,Thumpd2,21062
ENSMUSG00000024247,Pkdcc,17175
ENSMUSG00000024248,Cox7a2l,20022
ENSMUSG00000024251,Thada,43554
ENSMUSG00000024253,Dync2li1,7027
ENSMUSG00000024254,Abcg8,14585
ENSMUSG00000024256,Adcyap1,13946
ENSMUSG00000024258,Polr2d,4562
ENSMUSG00000024259,Slc25a46,56862
ENSMUSG00000024260,Sap130,44711
ENSMUSG00000024261,Syt4,11890
ENSMUSG00000024266,Adad2,4019
ENSMUSG00000024268,Celf4,501246
ENSMUSG00000024269,Tpgs2,36684
ENSMUSG00000024270,Slc39a6,33615
ENSMUSG00000024271,Elp2,98537
ENSMUSG00000024273,2700062C07Rik,10613
ENSMUSG00000024276,Zfp397,114186
ENSMUSG00000024277,Mapre2,46693
ENSMUSG00000024283,Wac,158494
ENSMUSG00000024286,Ccny,34019
ENSMUSG00000024287,Thoc1,28835
ENSMUSG00000024290,Rock1,7104
ENSMUSG00000024292,Cyp4f14,62465
ENSMUSG00000024293,Esco1,45449
ENSMUSG00000024294,Mib1,27565
ENSMUSG00000024298,Zfp871,21827
ENSMUSG00000024299,Adamts10,31577
ENSMUSG00000024300,Myo1f,22388
ENSMUSG00000024301,Kifc5b,11212
ENSMUSG00000024302,Dtna,266584
ENSMUSG00000024304,Cdh2,35046
ENSMUSG00000024306,Ccdc178,10284
ENSMUSG00000024308,Tapbp,28903
ENSMUSG00000024309,Pfdn6,7226
ENSMUSG00000024312,Wdr46,6675
ENSMUSG00000024313,Mep1b,2947
ENSMUSG00000024317,Rnf138,93979
ENSMUSG00000024319,Vps52,37868
ENSMUSG00000024325,Ring1,7727
ENSMUSG00000024327,Slc39a7,3870
ENSMUSG00000024330,Col11a2,82665
ENSMUSG00000024331,Dsc2,18986
ENSMUSG00000024334,H2-Oa,1208
ENSMUSG00000024335,Brd2,21761
ENSMUSG00000024338,Psmb8,3401
ENSMUSG00000024339,Tap2,7310
ENSMUSG00000024340,Btnl2,3387
ENSMUSG00000024346,Pfdn1,19898
ENSMUSG00000024347,Psd2,104878
ENSMUSG00000024349,Sting1,18294
ENSMUSG00000024350,Dnajc18,26612
ENSMUSG00000024352,Spata24,16830
ENSMUSG00000024353,Mzb1,1127
ENSMUSG00000024354,Slc23a1,9496
ENSMUSG00000024357,Sil1,51591
ENSMUSG00000024359,Hspa9,47002
ENSMUSG00000024360,Etf1,18095
ENSMUSG00000024365,Cyp21a1,50828
ENSMUSG00000024366,Gfra3,3984
ENSMUSG00000024369,Nelfe,56311
ENSMUSG00000024370,Cdc23,82878
ENSMUSG00000024371,C2,24047
ENSMUSG00000024376,Epb41l4a,76106
ENSMUSG00000024378,Stard4,21104
ENSMUSG00000024379,Tslp,1126
ENSMUSG00000024381,Bin1,325987
ENSMUSG00000024382,Ercc3,10677
ENSMUSG00000024383,Map3k2,34415
ENSMUSG00000024384,Iws1,57617
ENSMUSG00000024386,Proc,30885
ENSMUSG00000024387,Csnk2b,15221
ENSMUSG00000024388,Myo7b,6621
ENSMUSG00000024391,Apom,2020
ENSMUSG00000024392,Bag6,253239
ENSMUSG00000024393,Prrc2a,56861
ENSMUSG00000024395,Lims2,12583
ENSMUSG00000024397,Aif1,49132
ENSMUSG00000024399,Ltb,2116
ENSMUSG00000024400,Wdr33,102746
ENSMUSG00000024401,Tnf,3230
ENSMUSG00000024402,Lta,4189
ENSMUSG00000024403,Atp6v1g2,11120
ENSMUSG00000024404,Riok3,58536
ENSMUSG00000024406,Pou5f1,16145
ENSMUSG00000024409,Psors1c2,1102
ENSMUSG00000024410,Rmc1,23222
ENSMUSG00000024411,Aqp4,58610
ENSMUSG00000024413,Npc1,15885
ENSMUSG00000024414,Mrpl27,9014
ENSMUSG00000024420,Zfp521,62435
ENSMUSG00000024421,Lama3,20407
ENSMUSG00000024422,Dhx16,39979
ENSMUSG00000024423,Impact,22449
ENSMUSG00000024424,Ttc39c,55649
ENSMUSG00000024425,Ndfip1,62738
ENSMUSG00000024426,Atat1,30604
ENSMUSG00000024427,Spry4,31679
ENSMUSG00000024429,Gnl1,34822
ENSMUSG00000024430,Cabyr,21220
ENSMUSG00000024431,Nr3c1,25318
ENSMUSG00000024436,Mrps18b,23947
ENSMUSG00000024440,Pcdh12,8251
ENSMUSG00000024442,Dele1,35282
ENSMUSG00000024446,Rpp21,7118
ENSMUSG00000024448,H2-M10.1,1394
ENSMUSG00000024451,Arap3,25672
ENSMUSG00000024454,Hdac3,30223
ENSMUSG00000024456,Diaph1,17102
ENSMUSG00000024457,Trim26,26800
ENSMUSG00000024459,H2-M5,3572
ENSMUSG00000024462,Gabbr1,39800
ENSMUSG00000024471,Myot,51591
ENSMUSG00000024472,Dcp2,9083
ENSMUSG00000024474,Ik,466
ENSMUSG00000024477,Pggt1b,60881
ENSMUSG00000024479,Mal2,8723
ENSMUSG00000024480,Ap3s1,15023
ENSMUSG00000024481,Lvrn,11302
ENSMUSG00000024483,Ankhd1,21888
ENSMUSG00000024485,Slc4a9,20842
ENSMUSG00000024486,Hbegf,7019
ENSMUSG00000024487,Yipf5,18208
ENSMUSG00000024491,Rbm27,25222
ENSMUSG00000024493,Lars1,39760
ENSMUSG00000024497,Pou4f3,4746
ENSMUSG00000024498,Tcerg1,48600
ENSMUSG00000024500,Ppp2r2b,29007
ENSMUSG00000024501,Dpysl3,21504
ENSMUSG00000024502,Jakmip2,64781
ENSMUSG00000024503,Spink1,3403
ENSMUSG00000024505,Dtwd2,6002
ENSMUSG00000024507,Hsd17b4,50783
ENSMUSG00000024510,Ftmt,1448
ENSMUSG00000024511,Rab27b,65087
ENSMUSG00000024512,Dynap,1225
ENSMUSG00000024513,Mbd2,43608
ENSMUSG00000024515,Smad4,101678
ENSMUSG00000024516,Sec11c,4959
ENSMUSG00000024517,Grp,12683
ENSMUSG00000024518,Rax,4900
ENSMUSG00000024519,Cplx4,1815
ENSMUSG00000024521,Pmaip1,7805
ENSMUSG00000024524,Gnal,49174
ENSMUSG00000024525,Impa2,35717
ENSMUSG00000024526,Cidea,3046
ENSMUSG00000024527,Afg3l2,59729
ENSMUSG00000024528,Srfbp1,19051
ENSMUSG00000024529,Lox,23295
ENSMUSG00000024530,Prelid3a,11286
ENSMUSG00000024532,1700034E13Rik,7398
ENSMUSG00000024533,Spire1,121198
ENSMUSG00000024534,Sncaip,65338
ENSMUSG00000024535,Snx24,39622
ENSMUSG00000024537,Psmg2,12691
ENSMUSG00000024538,Ppic,7405
ENSMUSG00000024539,Ptpn2,22951
ENSMUSG00000024542,Cep192,26454
ENSMUSG00000024544,Ldlrad4,170915
ENSMUSG00000024548,Setbp1,10576
ENSMUSG00000024552,Slc14a2,13155
ENSMUSG00000024553,Galr1,6809
ENSMUSG00000024556,Me2,55282
ENSMUSG00000024558,Mapk4,46996
ENSMUSG00000024560,Cxxc1,99176
ENSMUSG00000024561,Mbd1,136214
ENSMUSG00000024563,Smad2,236698
ENSMUSG00000024565,Sall3,11938
ENSMUSG00000024566,Atp9b,175584
ENSMUSG00000024570,Rbfa,2822
ENSMUSG00000024571,Naa12,66769
ENSMUSG00000024575,Pde6a,4588
ENSMUSG00000024576,Csnk1a1,84117
ENSMUSG00000024578,Il17b,693
ENSMUSG00000024579,Pcyox1l,13370
ENSMUSG00000024580,Grpel2,26612
ENSMUSG00000024581,Napg,61823
ENSMUSG00000024583,Txnl1,25935
ENSMUSG00000024587,Nars1,63275
ENSMUSG00000024588,Fech,105027
ENSMUSG00000024589,Nedd4l,156832
ENSMUSG00000024590,Lmnb1,24676
ENSMUSG00000024592,C330018D20Rik,58961
ENSMUSG00000024593,Megf10,19757
ENSMUSG00000024594,Prrc1,75680
ENSMUSG00000024597,Slc12a2,46200
ENSMUSG00000024598,Fbn2,21468
ENSMUSG00000024600,Slc27a6,3504
ENSMUSG00000024601,Isoc1,26469
ENSMUSG00000024603,Dctn4,31451
ENSMUSG00000024604,Rbm22,8834
ENSMUSG00000024608,Rps14,14546
ENSMUSG00000024610,Cd74,11678
ENSMUSG00000024613,Tcof1,67479
ENSMUSG00000024614,Tmx3,52979
ENSMUSG00000024617,Camk2a,63681
ENSMUSG00000024619,Cdx1,3537
ENSMUSG00000024620,Pdgfrb,24824
ENSMUSG00000024621,Csf1r,31020
ENSMUSG00000024622,Hmgxb3,55569
ENSMUSG00000024639,Gnaq,6867
ENSMUSG00000024640,Psat1,27062
ENSMUSG00000024642,Tle4,90698
ENSMUSG00000024644,Cndp2,19034
ENSMUSG00000024645,Timm21,10739
ENSMUSG00000024646,Cyb5a,9491
ENSMUSG00000024647,Cbln2,20613
ENSMUSG00000024650,Slc22a6,9986
ENSMUSG00000024653,Scgb1a1,939
ENSMUSG00000024654,Asrgl1,37445
ENSMUSG00000024659,Anxa1,6935
ENSMUSG00000024660,Incenp,90739
ENSMUSG00000024661,Fth1,13589
ENSMUSG00000024663,Rab3il1,28882
ENSMUSG00000024664,Fads3,21856
ENSMUSG00000024665,Fads2,55801
ENSMUSG00000024666,Tmem138,23006
ENSMUSG00000024667,Tmem216,4198
ENSMUSG00000024668,Sdhaf2,22075
ENSMUSG00000024669,Cd5,6113
ENSMUSG00000024670,Cd6,5947
ENSMUSG00000024672,Ms4a7,5301
ENSMUSG00000024673,Ms4a1,9126
ENSMUSG00000024675,Ms4a4c,5071
ENSMUSG00000024677,Ms4a6b,5220
ENSMUSG00000024678,Ms4a4d,3618
ENSMUSG00000024679,Ms4a6d,2480
ENSMUSG00000024680,Ms4a2,11095
ENSMUSG00000024681,Ms4a3,3037
ENSMUSG00000024682,Cblif,1537
ENSMUSG00000024683,Mrpl16,1162
ENSMUSG00000024687,Osbp,23252
ENSMUSG00000024691,Fam111a,17757
ENSMUSG00000024694,Keg1,9610
ENSMUSG00000024695,Zfp91,15594
ENSMUSG00000024696,Lpxn,12944
ENSMUSG00000024697,Gna14,5813
ENSMUSG00000024712,Rfk,12328
ENSMUSG00000024713,Pcsk5,52147
ENSMUSG00000024725,Ostf1,17572
ENSMUSG00000024726,Carnmt1,23645
ENSMUSG00000024727,Trpm6,6767
ENSMUSG00000024728,Ms4a19,12913
ENSMUSG00000024729,Ms4a20,10023
ENSMUSG00000024730,Ms4a8a,1081
ENSMUSG00000024731,Ms4a10,1982
ENSMUSG00000024732,Ccdc86,7639
ENSMUSG00000024734,Zp1,1963
ENSMUSG00000024735,Prpf19,21140
ENSMUSG00000024736,Tmem132a,44452
ENSMUSG00000024737,Slc15a3,2357
ENSMUSG00000024738,Pga5,1417
ENSMUSG00000024740,Ddb1,60730
ENSMUSG00000024742,Fen1,26812
ENSMUSG00000024743,Syt7,40792
ENSMUSG00000024747,Aldh1a7,5282
ENSMUSG00000024749,Tmc1,6507
ENSMUSG00000024750,Zfand5,170680
ENSMUSG00000024754,Cemip2,43172
ENSMUSG00000024757,Slc22a19,1998
ENSMUSG00000024758,Rtn3,103426
ENSMUSG00000024759,Atl3,16175
ENSMUSG00000024764,Naa40,33183
ENSMUSG00000024766,Lipo3,69856
ENSMUSG00000024767,Otub1,39402
ENSMUSG00000024768,Lipf,1411
ENSMUSG00000024769,Cdc42bpg,5995
ENSMUSG00000024770,Lipn,2529
ENSMUSG00000024771,Lipk,4267
ENSMUSG00000024772,Ehd1,27712
ENSMUSG00000024773,Atg2a,63212
ENSMUSG00000024774,Ankrd22,2846
ENSMUSG00000024776,Stambpl1,38401
ENSMUSG00000024777,Ppp2r5b,58786
ENSMUSG00000024778,Fas,4848
ENSMUSG00000024780,Cdc37l1,99464
ENSMUSG00000024781,Lipa,55141
ENSMUSG00000024782,Ak3,24880
ENSMUSG00000024784,Gpha2,3294
ENSMUSG00000024785,Rcl1,9149
ENSMUSG00000024786,Majin,4365
ENSMUSG00000024787,Snx15,5694
ENSMUSG00000024789,Jak2,80354
ENSMUSG00000024790,Sac3d1,4324
ENSMUSG00000024791,Cdca5,4066
ENSMUSG00000024792,Zfpl1,19079
ENSMUSG00000024793,Tnfrsf25,4718
ENSMUSG00000024795,Kif20b,35414
ENSMUSG00000024797,Vps51,3546
ENSMUSG00000024798,Htr7,17370
ENSMUSG00000024799,Tm7sf2,15318
ENSMUSG00000024800,Rpp30,20754
ENSMUSG00000024803,Ankrd1,14632
ENSMUSG00000024805,Pcgf5,113348
ENSMUSG00000024806,Mlana,1853
ENSMUSG00000024807,Syvn1,23679
ENSMUSG00000024810,Il33,29607
ENSMUSG00000024811,Tnks2,13220
ENSMUSG00000024812,Tjp2,86931
ENSMUSG00000024815,Trpd52l3,2229
ENSMUSG00000024816,Frmd8,55678
ENSMUSG00000024817,Uhrf2,20034
ENSMUSG00000024818,Slc25a45,14371
ENSMUSG00000024824,Rad9a,4105
ENSMUSG00000024826,Dpf2,30540
ENSMUSG00000024827,Gldc,53185
ENSMUSG00000024829,Mrpl21,13226
ENSMUSG00000024830,Rps6kb2,43226
ENSMUSG00000024831,Ighmbp2,27492
ENSMUSG00000024833,Pola2,9952
ENSMUSG00000024835,Coro1b,25044
ENSMUSG00000024837,Dmrt1,8860
ENSMUSG00000024841,Eif1ad,27401
ENSMUSG00000024842,Cabp4,1433
ENSMUSG00000024843,Chka,12856
ENSMUSG00000024844,Banf1,17035
ENSMUSG00000024845,Tmem134,34251
ENSMUSG00000024846,Cst6,7933
ENSMUSG00000024847,Aip,32697
ENSMUSG00000024851,Pitpnm1,108378
ENSMUSG00000024853,Sf3b2,38866
ENSMUSG00000024854,Pold4,3742
ENSMUSG00000024855,Pacs1,31896
ENSMUSG00000024856,Cdk2ap2,3584
ENSMUSG00000024857,Cabp2,2726
ENSMUSG00000024858,Grk2,45391
ENSMUSG00000024862,Klc2,52120
ENSMUSG00000024863,Mbl2,15394
ENSMUSG00000024866,Acy3,6596
ENSMUSG00000024867,Pip5k1b,48729
ENSMUSG00000024868,Dkk1,2427
ENSMUSG00000024869,Gm49405,3904
ENSMUSG00000024870,Rab1b,17790
ENSMUSG00000024871,Doc2g,10641
ENSMUSG00000024873,Cnih2,17801
ENSMUSG00000024875,Yif1a,8196
ENSMUSG00000024878,Zng1,11078
ENSMUSG00000024883,Rin1,39040
ENSMUSG00000024885,Aldh3b1,23811
ENSMUSG00000024887,Asah2,79267
ENSMUSG00000024889,Rce1,17959
ENSMUSG00000024891,Slc29a2,39037
ENSMUSG00000024892,Pcx,67555
ENSMUSG00000024896,Minpp1,15593
ENSMUSG00000024897,Apba1,39234
ENSMUSG00000024899,Papss2,21253
ENSMUSG00000024900,Cpt1a,111969
ENSMUSG00000024901,Peli3,35215
ENSMUSG00000024902,Mrpl11,16561
ENSMUSG00000024903,Lao1,2349
ENSMUSG00000024905,Tesmin,8840
ENSMUSG00000024906,Mus81,6939
ENSMUSG00000024907,Gal,4117
ENSMUSG00000024908,Ppp6r3,136959
ENSMUSG00000024909,Efemp2,36229
ENSMUSG00000024910,Ctsw,2395
ENSMUSG00000024911,Fibp,11080
ENSMUSG00000024912,Fosl1,1864
ENSMUSG00000024913,Lrp5,18218
ENSMUSG00000024914,Drap1,44121
ENSMUSG00000024921,Smarca2,166314
ENSMUSG00000024922,Ovol1,2972
ENSMUSG00000024924,Vldlr,89510
ENSMUSG00000024925,Rnaseh2c,7188
ENSMUSG00000024926,Kat5,24132
ENSMUSG00000024927,Rela,16358
ENSMUSG00000024935,Slc1a1,18875
ENSMUSG00000024936,Kcnk7,2261
ENSMUSG00000024937,Ehbp1l1,171426
ENSMUSG00000024939,Fam89b,3709
ENSMUSG00000024940,Ltbp3,95714
ENSMUSG00000024941,Scyl1,102162
ENSMUSG00000024942,Capn1,33365
ENSMUSG00000024943,Smc5,77313
ENSMUSG00000024944,Arl2,14184
ENSMUSG00000024947,Men1,28563
ENSMUSG00000024948,Map4k2,33865
ENSMUSG00000024949,Sf1,71841
ENSMUSG00000024953,Prdx5,15839
ENSMUSG00000024955,Esrra,13572
ENSMUSG00000024957,Kcnk4,6076
ENSMUSG00000024958,Gpr137,21485
ENSMUSG00000024959,Bad,18571
ENSMUSG00000024960,Plcb3,55079
ENSMUSG00000024962,Vegfb,24816
ENSMUSG00000024963,Dnajc4,15651
ENSMUSG00000024965,Fermt3,17185
ENSMUSG00000024966,Stip1,23074
ENSMUSG00000024968,Rcor2,20609
ENSMUSG00000024969,Mark2,124056
ENSMUSG00000024970,Spindoc,33430
ENSMUSG00000024972,Lgals12,16159
ENSMUSG00000024973,Plaat5,3195
ENSMUSG00000024974,Smc3,23818
ENSMUSG00000024975,Pdcd4,40912
ENSMUSG00000024976,Shoc2,87224
ENSMUSG00000024978,Gpam,211522
ENSMUSG00000024979,Tectb,5603
ENSMUSG00000024981,Acsl5,56127
ENSMUSG00000024982,Zdhhc6,101961
ENSMUSG00000024983,Vti1a,89499
ENSMUSG00000024985,Tcf7l2,56954
ENSMUSG00000024986,Hhex,5087
ENSMUSG00000024987,Cyp26a1,1796
ENSMUSG00000024989,Cep55,75682
ENSMUSG00000024990,Rbp4,3528
ENSMUSG00000024991,Eif3a,20443
ENSMUSG00000024992,Pde6c,5481
ENSMUSG00000024993,Dennd10,17746
ENSMUSG00000024997,Prdx3,10595
ENSMUSG00000024998,Plce1,45234
ENSMUSG00000024999,Noc3l,15613
ENSMUSG00000025001,Hells,63866
ENSMUSG00000025002,Cyp2c55,3162
ENSMUSG00000025003,Cyp2c39,2855
ENSMUSG00000025004,Cyp2c40,14632
ENSMUSG00000025006,Sorbs1,1323851
ENSMUSG00000025007,Aldh18a1,30726
ENSMUSG00000025008,Tctn3,21297
ENSMUSG00000025010,Ccnj,27027
ENSMUSG00000025013,Tll2,13001
ENSMUSG00000025014,Dntt,4200
ENSMUSG00000025016,Tm9sf3,61974
ENSMUSG00000025017,Pik3ap1,4482
ENSMUSG00000025019,Lcor,64642
ENSMUSG00000025020,Slit1,53796
ENSMUSG00000025024,Smndc1,57017
ENSMUSG00000025025,Mxi1,43056
ENSMUSG00000025026,Add3,338158
ENSMUSG00000025027,Xpnpep1,104819
ENSMUSG00000025034,Trim8,46335
ENSMUSG00000025035,Arl3,7586
ENSMUSG00000025036,Sfxn2,26288
ENSMUSG00000025037,Maoa,8184
ENSMUSG00000025038,Efhc2,2554
ENSMUSG00000025040,Fundc1,12832
ENSMUSG00000025041,Nt5c2,141487
ENSMUSG00000025043,Dusp21,845
ENSMUSG00000025044,Msr1,5060
ENSMUSG00000025047,Pdcd11,54645
ENSMUSG00000025049,Taf5,15942
ENSMUSG00000025050,Pcgf6,13514
ENSMUSG00000025051,Samt4,2163
ENSMUSG00000025056,Nr0b1,4734
ENSMUSG00000025058,Tasl,3841
ENSMUSG00000025059,Gk,119559
ENSMUSG00000025060,Slk,60560
ENSMUSG00000025064,Col17a1,11065
ENSMUSG00000025066,Sfr1,6945
ENSMUSG00000025068,Gsto1,7439
ENSMUSG00000025069,Gsto2,14215
ENSMUSG00000025075,Habp2,11869
ENSMUSG00000025076,Casp7,5930
ENSMUSG00000025077,Dclre1a,37085
ENSMUSG00000025078,Nhlrc2,28747
ENSMUSG00000025081,Tdrd1,34282
ENSMUSG00000025082,Vwa2,4049
ENSMUSG00000025083,Afap1l2,38930
ENSMUSG00000025085,Ablim1,83639
ENSMUSG00000025086,Trub1,23378
ENSMUSG00000025089,Gfra1,21809
ENSMUSG00000025090,Ccdc172,54579
ENSMUSG00000025091,Pnliprp2,1605
ENSMUSG00000025092,Hspa12a,59091
ENSMUSG00000025094,Slc18a2,20585
ENSMUSG00000025102,3110040N11Rik,30300
ENSMUSG00000025103,Btbd1,23821
ENSMUSG00000025104,Hdgfl3,61699
ENSMUSG00000025105,Bnc1,4966
ENSMUSG00000025127,Gcgr,12632
ENSMUSG00000025128,Bhlhe22,3344
ENSMUSG00000025129,Ppp1r27,5060
ENSMUSG00000025130,P4hb,24998
ENSMUSG00000025132,Arhgdia,44339
ENSMUSG00000025133,Ints4,145981
ENSMUSG00000025134,Alyref,12215
ENSMUSG00000025135,Anapc11,61468
ENSMUSG00000025137,Pcyt2,46518
ENSMUSG00000025138,Sirt7,7147
ENSMUSG00000025139,Tollip,19239
ENSMUSG00000025140,Pycr1,51682
ENSMUSG00000025141,Myadml2,3011
ENSMUSG00000025142,Aspscr1,68124
ENSMUSG00000025144,Cenpx,14433
ENSMUSG00000025145,Lrrc45,24990
ENSMUSG00000025147,Mob2,20747
ENSMUSG00000025150,Cbr2,3325
ENSMUSG00000025151,Maged1,42118
ENSMUSG00000025153,Fasn,80769
ENSMUSG00000025154,Arhgap19,54248
ENSMUSG00000025155,Dus1l,113290
ENSMUSG00000025156,Gps1,8422
ENSMUSG00000025157,Zdhhc16,75923
ENSMUSG00000025158,Rfng,17890
ENSMUSG00000025159,Mms19,48920
ENSMUSG00000025161,Slc16a3,155929
ENSMUSG00000025162,Csnk1d,51066
ENSMUSG00000025163,Cd7,1922
ENSMUSG00000025165,Sectm1a,5459
ENSMUSG00000025169,Ogfod3,5875
ENSMUSG00000025170,Rab40b,14365
ENSMUSG00000025171,Ubtd1,4254
ENSMUSG00000025172,Ankrd2,7551
ENSMUSG00000025173,Wdr45b,27874
ENSMUSG00000025175,Fn3k,12471
ENSMUSG00000025176,Hoga1,12663
ENSMUSG00000025178,Pi4k2a,36040
ENSMUSG00000025184,R3hcc1l,49461
ENSMUSG00000025185,Loxl4,18681
ENSMUSG00000025188,Hps1,48167
ENSMUSG00000025189,Cnnm1,51266
ENSMUSG00000025190,Got1,25227
ENSMUSG00000025192,Entpd7,22465
ENSMUSG00000025193,Cutc,15975
ENSMUSG00000025194,Abcc2,10542
ENSMUSG00000025195,Dnmbp,27215
ENSMUSG00000025196,Cpn1,11207
ENSMUSG00000025197,Cyp2c23,8959
ENSMUSG00000025198,Erlin1,20153
ENSMUSG00000025199,Chuk,30395
ENSMUSG00000025200,Cwf19l1,9412
ENSMUSG00000025202,Scd3,6142
ENSMUSG00000025203,Scd2,54798
ENSMUSG00000025204,Ndufb8,11612
ENSMUSG00000025207,Sema4g,11827
ENSMUSG00000025208,Mrpl43,3623
ENSMUSG00000025209,Twnk,19877
ENSMUSG00000025212,Sfxn3,39903
ENSMUSG00000025213,Kazald1,27130
ENSMUSG00000025215,Tlx1,5556
ENSMUSG00000025216,Lbx1,12673
ENSMUSG00000025217,Btrc,138549
ENSMUSG00000025218,Poll,16389
ENSMUSG00000025219,Fgf8,6002
ENSMUSG00000025220,Oga,57654
ENSMUSG00000025221,Kcnip2,10786
ENSMUSG00000025223,Ldb1,31479
ENSMUSG00000025224,Gbf1,77373
ENSMUSG00000025225,Nfkb2,63977
ENSMUSG00000025226,Fbxl15,10574
ENSMUSG00000025227,Mfsd13a,63930
ENSMUSG00000025228,Actr1a,28624
ENSMUSG00000025229,Pitx3,13039
ENSMUSG00000025231,Sufu,35418
ENSMUSG00000025232,Hexa,21610
ENSMUSG00000025234,Arih1,53446
ENSMUSG00000025235,Bbs4,37255
ENSMUSG00000025236,Adpgk,9358
ENSMUSG00000025237,Parp6,278265
ENSMUSG00000025239,Limd1,43501
ENSMUSG00000025240,Sacm1l,39582
ENSMUSG00000025241,Fyco1,114919
ENSMUSG00000025243,Slc6a20b,6307
ENSMUSG00000025245,Lztfl1,20417
ENSMUSG00000025246,Tbl1x,76074
ENSMUSG00000025255,Zfhx4,41383
ENSMUSG00000025257,Ribc1,11185
ENSMUSG00000025260,Hsd17b10,7078
ENSMUSG00000025261,Huwe1,85199
ENSMUSG00000025262,Fam120c,7825
ENSMUSG00000025264,Tsr2,18743
ENSMUSG00000025265,Fgd1,52287
ENSMUSG00000025266,Gnl3l,38511
ENSMUSG00000025268,Maged2,10243
ENSMUSG00000025269,Apex2,20796
ENSMUSG00000025270,Alas2,39980
ENSMUSG00000025271,Pfkfb1,7368
ENSMUSG00000025272,Tro,90880
ENSMUSG00000025277,Abhd6,23690
ENSMUSG00000025278,Flnb,39218
ENSMUSG00000025279,Dnase1l3,4747
ENSMUSG00000025280,Polr3a,18820
ENSMUSG00000025283,Sat1,8974
ENSMUSG00000025287,Acot9,21858
ENSMUSG00000025288,4933436I01Rik,1426
ENSMUSG00000025289,Prdx4,5089
ENSMUSG00000025290,Rps24,30692
ENSMUSG00000025314,Ptprj,11831
ENSMUSG00000025316,Banp,129196
ENSMUSG00000025317,Car5a,3891
ENSMUSG00000025318,Jph3,13606
ENSMUSG00000025321,Itgb8,25251
ENSMUSG00000025323,Sp4,26802
ENSMUSG00000025324,Atp10a,32651
ENSMUSG00000025326,Ube3a,167509
ENSMUSG00000025328,Padi3,6395
ENSMUSG00000025329,Padi1,3757
ENSMUSG00000025330,Padi4,19624
ENSMUSG00000025332,Kdm5c,42339
ENSMUSG00000025333,Gpr143,3197
ENSMUSG00000025337,Sbds,14088
ENSMUSG00000025340,Rabgef1,41168
ENSMUSG00000025347,Tmt1b,1255
ENSMUSG00000025348,Itga7,50492
ENSMUSG00000025350,Rdh5,15452
ENSMUSG00000025351,Cd63,39382
ENSMUSG00000025352,Gdf11,4222
ENSMUSG00000025353,Ormdl2,32781
ENSMUSG00000025354,Dnajc14,69952
ENSMUSG00000025355,Mmp19,6738
ENSMUSG00000025357,Dgka,118210
ENSMUSG00000025358,Cdk2,13171
ENSMUSG00000025359,Pmel,2136
ENSMUSG00000025362,Rps26,2729
ENSMUSG00000025364,Pa2g4,8947
ENSMUSG00000025366,Esyt1,24141
ENSMUSG00000025369,Smarcc2,88296
ENSMUSG00000025370,Cdh9,24150
ENSMUSG00000025371,Chmp6,9094
ENSMUSG00000025372,Baiap2,83332
ENSMUSG00000025373,Rnf41,46196
ENSMUSG00000025374,Nabp2,15000
ENSMUSG00000025375,Aatk,65708
ENSMUSG00000025377,Tepsin,31186
ENSMUSG00000025380,Fscn2,2090
ENSMUSG00000025381,Cnpy2,19721
ENSMUSG00000025383,Il23a,2737
ENSMUSG00000025384,Faap100,26279
ENSMUSG00000025386,Pde6g,900
ENSMUSG00000025389,Mip,2151
ENSMUSG00000025393,Atp5f1b,42515
ENSMUSG00000025395,Prim1,4953
ENSMUSG00000025396,Hsd17b6,8944
ENSMUSG00000025400,Tac2,4541
ENSMUSG00000025401,Myo1a,3439
ENSMUSG00000025402,Nab2,17664
ENSMUSG00000025403,Shmt2,28714
ENSMUSG00000025404,R3hdm2,249450
ENSMUSG00000025405,Inhbc,3292
ENSMUSG00000025407,Gli1,8270
ENSMUSG00000025408,Ddit3,26516
ENSMUSG00000025409,Mbd6,21647
ENSMUSG00000025410,Dctn2,45809
ENSMUSG00000025413,Ttc4,12103
ENSMUSG00000025417,Pip4k2c,35164
ENSMUSG00000025418,Bsnd,2813
ENSMUSG00000025420,Katnal2,26337
ENSMUSG00000025421,Hdhd2,165919
ENSMUSG00000025422,Agap2,11206
ENSMUSG00000025423,Pias2,93124
ENSMUSG00000025425,St8sia5,76670
ENSMUSG00000025427,Ark2c,30110
ENSMUSG00000025428,Atp5f1a,51192
ENSMUSG00000025429,Pstpip2,35235
ENSMUSG00000025431,Crisp1,4557
ENSMUSG00000025432,Avil,6174
ENSMUSG00000025433,Crisp3,1417
ENSMUSG00000025436,Atp23,24365
ENSMUSG00000025437,Usp33,233873
ENSMUSG00000025439,Clns1a,9497
ENSMUSG00000025451,Paip1,15661
ENSMUSG00000025453,Nnt,110164
ENSMUSG00000025461,Scart1,10368
ENSMUSG00000025464,Paox,15024
ENSMUSG00000025465,Echs1,31678
ENSMUSG00000025466,Fuom,6592
ENSMUSG00000025467,Prap1,753
ENSMUSG00000025468,Caly,40604
ENSMUSG00000025469,Msx3,4648
ENSMUSG00000025470,Zfp511,19773
ENSMUSG00000025473,Adam8,6231
ENSMUSG00000025474,Tubgcp2,145477
ENSMUSG00000025475,Adgra1,23183
ENSMUSG00000025477,Inpp5a,53208
ENSMUSG00000025478,Dpysl4,18093
ENSMUSG00000025479,Cyp2e1,12793
ENSMUSG00000025480,Syce1,13413
ENSMUSG00000025481,Urah,7800
ENSMUSG00000025482,Cimap1a,3707
ENSMUSG00000025484,Bet1l,35936
ENSMUSG00000025485,Ric8a,36387
ENSMUSG00000025486,Sirt3,23997
ENSMUSG00000025487,Psmd13,23544
ENSMUSG00000025488,Cox8b,8555
ENSMUSG00000025489,Ifitm5,3613
ENSMUSG00000025491,Ifitm1,4416
ENSMUSG00000025492,Ifitm3,7657
ENSMUSG00000025494,Sigirr,42711
ENSMUSG00000025495,Ptdss2,30440
ENSMUSG00000025496,Drd4,2816
ENSMUSG00000025497,Cdhr5,6765
ENSMUSG00000025498,Irf7,13467
ENSMUSG00000025499,Hras,49183
ENSMUSG00000025500,Lmntd2,5020
ENSMUSG00000025503,Taldo1,19202
ENSMUSG00000025504,Eps8l2,22559
ENSMUSG00000025505,Tmem80,42054
ENSMUSG00000025507,Pidd1,13067
ENSMUSG00000025508,Rplp2,14955
ENSMUSG00000025509,Pnpla2,26780
ENSMUSG00000025510,Cd151,87065
ENSMUSG00000025511,Tspan4,9602
ENSMUSG00000025512,Chid1,107742
ENSMUSG00000025515,Muc2,13916
ENSMUSG00000025519,Tktl2,8289
ENSMUSG00000025521,Tmem192,14774
ENSMUSG00000025525,Apool,11594
ENSMUSG00000025527,Satl1,2412
ENSMUSG00000025528,2010106E10Rik,2544
ENSMUSG00000025529,Zfp711,32130
ENSMUSG00000025531,Chm,28125
ENSMUSG00000025532,Crcp,8939
ENSMUSG00000025533,Asl,16419
ENSMUSG00000025534,Gusb,26686
ENSMUSG00000025537,Phkg1,53320
ENSMUSG00000025538,Sumf2,24437
ENSMUSG00000025544,Tm9sf2,40313
ENSMUSG00000025545,Clybl,16008
ENSMUSG00000025551,Fgf14,23037
ENSMUSG00000025555,Farp1,110398
ENSMUSG00000025557,Slc15a1,3121
ENSMUSG00000025558,Dock9,74350
ENSMUSG00000025571,Tnrc6c,61835
ENSMUSG00000025572,Tmc6,56993
ENSMUSG00000025573,6030468B19Rik,4674
ENSMUSG00000025574,Tk1,5439
ENSMUSG00000025575,Cant1,125020
ENSMUSG00000025576,Rbfox3,316748
ENSMUSG00000025577,Cbx2,7797
ENSMUSG00000025578,Cbx8,10767
ENSMUSG00000025579,Gaa,156330
ENSMUSG00000025580,Eif4a3,11143
ENSMUSG00000025582,Nptx1,30214
ENSMUSG00000025583,Rptor,13188
ENSMUSG00000025584,Pde8a,40466
ENSMUSG00000025586,Cpeb1,27320
ENSMUSG00000025588,Nat1,2555
ENSMUSG00000025591,Tma16,26430
ENSMUSG00000025592,Dach2,34853
ENSMUSG00000025597,Klhl4,42644
ENSMUSG00000025602,Zfp202,10323
ENSMUSG00000025607,Copg2,10064
ENSMUSG00000025608,Podxl,5392
ENSMUSG00000025609,Mkln1,92879
ENSMUSG00000025610,Map3k7cl,9738
ENSMUSG00000025612,Bach1,20849
ENSMUSG00000025613,Cct8,54792
ENSMUSG00000025616,Usp16,52400
ENSMUSG00000025626,Phf6,31783
ENSMUSG00000025630,Hprt1,24992
ENSMUSG00000025645,Ccdc51,32587
ENSMUSG00000025646,Atrip,28555
ENSMUSG00000025647,Shisa5,19012
ENSMUSG00000025648,Pfkfb4,27325
ENSMUSG00000025650,Col7a1,18455
ENSMUSG00000025651,Uqcrc1,49106
ENSMUSG00000025652,Tmem89,2054
ENSMUSG00000025656,Arhgef9,65942
ENSMUSG00000025658,Cnksr2,102960
ENSMUSG00000025665,Rps6ka6,80566
ENSMUSG00000025666,Tmem47,18363
ENSMUSG00000025701,Alox5,9146
ENSMUSG00000025702,Marchf8,130110
ENSMUSG00000025716,Myo3a,10082
ENSMUSG00000025722,Wdr73,9739
ENSMUSG00000025723,Nmb,1409
ENSMUSG00000025724,Sec11a,14537
ENSMUSG00000025726,Slc28a1,8660
ENSMUSG00000025727,Prr35,10208
ENSMUSG00000025728,Pigq,232805
ENSMUSG00000025730,Rab40c,13579
ENSMUSG00000025731,Mettl26,6884
ENSMUSG00000025732,Mcrip2,4916
ENSMUSG00000025733,Rhot2,15869
ENSMUSG00000025735,Rhbdl1,5066
ENSMUSG00000025736,Jmjd8,25706
ENSMUSG00000025737,Wdr24,18527
ENSMUSG00000025738,Fbxl16,107061
ENSMUSG00000025739,Gng13,2443
ENSMUSG00000025742,Prps2,43821
ENSMUSG00000025743,Sdc3,22666
ENSMUSG00000025745,Hadha,59127
ENSMUSG00000025746,Il6,5318
ENSMUSG00000025747,Tyms,11321
ENSMUSG00000025754,Agbl1,9438
ENSMUSG00000025757,Hspa4l,141390
ENSMUSG00000025758,Plk4,21569
ENSMUSG00000025759,Mfsd8,20267
ENSMUSG00000025762,Larp1b,23009
ENSMUSG00000025764,Jade1,55068
ENSMUSG00000025766,D3Ertd751e,39526
ENSMUSG00000025774,Crisp4,3813
ENSMUSG00000025776,Crispld1,12209
ENSMUSG00000025777,Gdap1,11909
ENSMUSG00000025779,Ly96,2516
ENSMUSG00000025780,Itih5,46553
ENSMUSG00000025781,Atp5f1c,36301
ENSMUSG00000025782,Taf3,14019
ENSMUSG00000025784,Clec3b,1636
ENSMUSG00000025785,Exosc7,19700
ENSMUSG00000025786,Zdhhc3,95888
ENSMUSG00000025787,Tgm4,4516
ENSMUSG00000025789,St8sia2,5368
ENSMUSG00000025790,Slco3a1,49894
ENSMUSG00000025791,Pgm1,22263
ENSMUSG00000025792,Slc25a10,29747
ENSMUSG00000025793,Hgs,106692
ENSMUSG00000025794,Rpl14,7718
ENSMUSG00000025795,Rassf3,13307
ENSMUSG00000025804,Ccr1,2838
ENSMUSG00000025808,Ccdc7a,9622
ENSMUSG00000025809,Itgb1,78661
ENSMUSG00000025810,Nrp1,95003
ENSMUSG00000025812,Pard3,130292
ENSMUSG00000025813,Homer2,34841
ENSMUSG00000025815,Dhtkd1,5492
ENSMUSG00000025816,Sec61a2,56993
ENSMUSG00000025817,Nudt5,39981
ENSMUSG00000025821,Zfp282,50597
ENSMUSG00000025823,Pdia4,24628
ENSMUSG00000025825,Iscu,21455
ENSMUSG00000025838,Pramel6,3321
ENSMUSG00000025839,Pramel7,1861
ENSMUSG00000025854,Fam20c,14337
ENSMUSG00000025855,Prkar1b,133604
ENSMUSG00000025856,Pdgfa,31289
ENSMUSG00000025857,Dnaaf5,22406
ENSMUSG00000025858,Get4,12163
ENSMUSG00000025860,Xiap,78752
ENSMUSG00000025862,Stag2,106700
ENSMUSG00000025867,Cplx2,4936
ENSMUSG00000025868,Higd2a,2455
ENSMUSG00000025869,Nop16,8568
ENSMUSG00000025870,Arl10,4295
ENSMUSG00000025871,4833439L19Rik,57701
ENSMUSG00000025872,Thoc3,13959
ENSMUSG00000025873,Faf2,44665
ENSMUSG00000025875,Tspan17,11807
ENSMUSG00000025876,Unc5a,50774
ENSMUSG00000025877,Hk3,37362
ENSMUSG00000025878,Uimc1,36507
ENSMUSG00000025880,Smad7,9774
ENSMUSG00000025885,Myo5b,29400
ENSMUSG00000025887,Casp12,6432
ENSMUSG00000025888,Casp1,5710
ENSMUSG00000025889,Snca,26859
ENSMUSG00000025892,Gria4,70468
ENSMUSG00000025893,Kbtbd3,17137
ENSMUSG00000025894,Aasdhppt,32149
ENSMUSG00000025898,Cwf19l2,67630
ENSMUSG00000025899,Alkbh8,101963
ENSMUSG00000025900,Rp1,21635
ENSMUSG00000025902,Sox17,47749
ENSMUSG00000025903,Lypla1,27951
ENSMUSG00000025905,Oprk1,34749
ENSMUSG00000025907,Rb1cc1,99727
ENSMUSG00000025909,Sntg1,77689
ENSMUSG00000025911,Adhfe1,35033
ENSMUSG00000025912,Mybl1,9780
ENSMUSG00000025915,Sgk3,114739
ENSMUSG00000025916,Ppp1r42,3979
ENSMUSG00000025917,Cops5,8445
ENSMUSG00000025920,Stau2,211659
ENSMUSG00000025921,Rdh10,7928
ENSMUSG00000025925,Terf1,23603
ENSMUSG00000025927,Tfap2b,13633
ENSMUSG00000025929,Il17a,1171
ENSMUSG00000025930,Msc,9878
ENSMUSG00000025931,Paqr8,101903
ENSMUSG00000025932,Eya1,54633
ENSMUSG00000025933,Tmem14a,17495
ENSMUSG00000025934,Gsta3,16257
ENSMUSG00000025935,Tram1,18903
ENSMUSG00000025937,Lactb2,47444
ENSMUSG00000025938,Slco5a1,55335
ENSMUSG00000025939,Ube2w,56110
ENSMUSG00000025940,Tmem70,10265
ENSMUSG00000025945,Crygf,1239
ENSMUSG00000025946,Pth2r,6109
ENSMUSG00000025949,Pikfyve,99566
ENSMUSG00000025950,Idh1,114482
ENSMUSG00000025952,Crygc,2340
ENSMUSG00000025955,Akr1cl,35286
ENSMUSG00000025956,Mettl21a,6972
ENSMUSG00000025958,Creb1,76311
ENSMUSG00000025959,Klf7,33485
ENSMUSG00000025962,Fastkd2,44718
ENSMUSG00000025963,Mdh1b,3544
ENSMUSG00000025964,Adam23,61874
ENSMUSG00000025967,Eef1b2,19022
ENSMUSG00000025968,Ndufs1,299332
ENSMUSG00000025969,Nrp2,39730
ENSMUSG00000025971,Maip1,9766
ENSMUSG00000025977,Boll,19209
ENSMUSG00000025978,Rftn2,54554
ENSMUSG00000025979,Mob4,24780
ENSMUSG00000025980,Hspd1,57873
ENSMUSG00000025981,Coq10b,16336
ENSMUSG00000025982,Sf3b1,21343
ENSMUSG00000025983,Ccdc150,7423
ENSMUSG00000025986,Slc39a10,84773
ENSMUSG00000025991,Cps1,17794
ENSMUSG00000025993,Slc40a1,16861
ENSMUSG00000025995,Wdr75,16537
ENSMUSG00000025997,Ikzf2,101726
ENSMUSG00000026000,Lancl1,22021
ENSMUSG00000026003,Acadl,18594
ENSMUSG00000026004,Kansl1l,52953
ENSMUSG00000026005,Rpe,45210
ENSMUSG00000026009,Icos,4051
ENSMUSG00000026011,Ctla4,2547
ENSMUSG00000026012,Cd28,4347
ENSMUSG00000026014,Raph1,55158
ENSMUSG00000026017,Carf,49146
ENSMUSG00000026018,Ica1l,303315
ENSMUSG00000026019,Wdr12,82333
ENSMUSG00000026020,Nop58,68760
ENSMUSG00000026021,Sumo1,15161
ENSMUSG00000026023,Cdk15,6739
ENSMUSG00000026024,Als2,60572
ENSMUSG00000026027,Stradb,45756
ENSMUSG00000026028,Trak2,144805
ENSMUSG00000026029,Casp8,16300
ENSMUSG00000026031,Cflar,179243
ENSMUSG00000026032,Ndufb3,37346
ENSMUSG00000026034,Clk1,5298
ENSMUSG00000026035,Ppil3,43556
ENSMUSG00000026036,Nif3l1,67722
ENSMUSG00000026037,Orc2,41580
ENSMUSG00000026039,Sgo2a,33009
ENSMUSG00000026042,Col5a2,9734
ENSMUSG00000026043,Col3a1,215296
ENSMUSG00000026047,Poglut2,11265
ENSMUSG00000026048,Ercc5,18168
ENSMUSG00000026049,Tex30,18882
ENSMUSG00000026051,Ecrg4,1782
ENSMUSG00000026058,Khdrbs2,21620
ENSMUSG00000026062,Slc9a2,13721
ENSMUSG00000026063,Dnaaf6rt,1451
ENSMUSG00000026064,Ptp4a1,53391
ENSMUSG00000026065,Slc9a4,24993
ENSMUSG00000026068,Il18rap,4889
ENSMUSG00000026069,Il1rl1,14400
ENSMUSG00000026070,Il18r1,13407
ENSMUSG00000026072,Il1r1,48233
ENSMUSG00000026073,Il1r2,9297
ENSMUSG00000026074,Map4k4,48573
ENSMUSG00000026077,Npas2,57838
ENSMUSG00000026078,Pdcl3,15142
ENSMUSG00000026080,Chst10,23997
ENSMUSG00000026082,Rev1,103866
ENSMUSG00000026083,Eif5b,64102
ENSMUSG00000026085,Lyg1,2488
ENSMUSG00000026087,Mrpl30,67432
ENSMUSG00000026088,Mitd1,19034
ENSMUSG00000026090,Cracdl,130779
ENSMUSG00000026094,Stk17b,11005
ENSMUSG00000026095,Asnsd1,40097
ENSMUSG00000026096,Osgepl1,20983
ENSMUSG00000026097,Ormdl1,13498
ENSMUSG00000026098,Pms1,35828
ENSMUSG00000026100,Mstn,5217
ENSMUSG00000026102,Inpp1,72721
ENSMUSG00000026103,Gls,24574
ENSMUSG00000026104,Stat1,149378
ENSMUSG00000026107,Nabp1,15620
ENSMUSG00000026109,Tmeff2,75524
ENSMUSG00000026110,Mgat4a,31889
ENSMUSG00000026111,Unc50,26049
ENSMUSG00000026112,Coa5,19219
ENSMUSG00000026113,Inpp4a,112643
ENSMUSG00000026114,Cnga3,47065
ENSMUSG00000026116,Tmem131,53247
ENSMUSG00000026117,Zap70,7027
ENSMUSG00000026121,Sema4c,77391
ENSMUSG00000026123,Plekhb2,133996
ENSMUSG00000026124,Cfc1,1061
ENSMUSG00000026125,Prss39,5064
ENSMUSG00000026126,Ptpn18,3494
ENSMUSG00000026127,Imp4,20373
ENSMUSG00000026131,Dst,99916
ENSMUSG00000026134,Prim2,17470
ENSMUSG00000026135,Zfp142,49329
ENSMUSG00000026141,Col19a1,113978
ENSMUSG00000026142,Rhbdd1,59239
ENSMUSG00000026147,Col9a1,6893
ENSMUSG00000026149,Tm4sf20,1508
ENSMUSG00000026150,Mff,143435
ENSMUSG00000026153,Fam135a,82072
ENSMUSG00000026154,Sdhaf4,4742
ENSMUSG00000026155,Smap1,26740
ENSMUSG00000026156,B3gat2,14822
ENSMUSG00000026158,Ogfrl1,41136
ENSMUSG00000026159,Agfg1,515085
ENSMUSG00000026162,Nhej1,8557
ENSMUSG00000026163,Sphkap,16250
ENSMUSG00000026166,Ccl20,3018
ENSMUSG00000026167,Wnt10a,2468
ENSMUSG00000026170,Cyp27a1,4362
ENSMUSG00000026171,Rnf25,14245
ENSMUSG00000026172,Bcs1l,33949
ENSMUSG00000026173,Plcd4,124265
ENSMUSG00000026174,Cnot9,12903
ENSMUSG00000026175,Vil1,8703
ENSMUSG00000026176,Ctdsp1,10303
ENSMUSG00000026177,Slc11a1,7526
ENSMUSG00000026179,Pnkd,41039
ENSMUSG00000026180,Cxcr2,3046
ENSMUSG00000026181,Ppm1f,39673
ENSMUSG00000026182,Tnp1,2005
ENSMUSG00000026185,Igfbp5,6006
ENSMUSG00000026187,Xrcc5,19998
ENSMUSG00000026188,Tmem169,34786
ENSMUSG00000026189,Pecr,14509
ENSMUSG00000026192,Atic,17502
ENSMUSG00000026193,Fn1,188024
ENSMUSG00000026196,Bard1,20800
ENSMUSG00000026197,Zfand2b,3738
ENSMUSG00000026198,Abcb6,3075
ENSMUSG00000026199,Ankzf1,29987
ENSMUSG00000026200,Glb1l,36479
ENSMUSG00000026201,Stk16,35937
ENSMUSG00000026202,Tuba4a,17812
ENSMUSG00000026203,Dnajb2,13020
ENSMUSG00000026204,Ptprn,39478
ENSMUSG00000026205,Slc23a3,2059
ENSMUSG00000026207,Speg,44869
ENSMUSG00000026208,Des,41193
ENSMUSG00000026209,Dnpep,39608
ENSMUSG00000026211,Obsl1,39569
ENSMUSG00000026213,Stk11ip,24815
ENSMUSG00000026219,Trip12,280284
ENSMUSG00000026220,Slc16a14,30413
ENSMUSG00000026222,Sp100,47123
ENSMUSG00000026223,Itm2c,31134
ENSMUSG00000026224,4933407L21Rik,7164
ENSMUSG00000026226,Spata3,12575
ENSMUSG00000026227,2810459M11Rik,8833
ENSMUSG00000026228,Htr2b,6421
ENSMUSG00000026229,Psmd1,55133
ENSMUSG00000026234,Ncl,76049
ENSMUSG00000026235,Epha4,13624
ENSMUSG00000026237,Nmur1,4780
ENSMUSG00000026238,Ptma,39507
ENSMUSG00000026239,Pde6d,8985
ENSMUSG00000026240,Cops7b,35786
ENSMUSG00000026241,Nppc,1050
ENSMUSG00000026245,Farsb,22799
ENSMUSG00000026246,Alppl2,4109
ENSMUSG00000026247,Ecel1,31910
ENSMUSG00000026248,Mrpl44,5077
ENSMUSG00000026249,Serpine2,55320
ENSMUSG00000026251,Chrnd,9827
ENSMUSG00000026253,Chrng,5640
ENSMUSG00000026254,Eif4e2,47679
ENSMUSG00000026255,Efhd1,12066
ENSMUSG00000026258,Snorc,1742
ENSMUSG00000026259,Ngef,53175
ENSMUSG00000026260,Ndufa10,78363
ENSMUSG00000026269,Rnpepl1,34703
ENSMUSG00000026270,Capn10,83275
ENSMUSG00000026271,Gpr35,19400
ENSMUSG00000026272,Agxt,3219
ENSMUSG00000026273,Mterf4,13478
ENSMUSG00000026274,Pask,39122
ENSMUSG00000026275,Ppp1r7,54247
ENSMUSG00000026276,Septin2,48754
ENSMUSG00000026277,Stk25,84149
ENSMUSG00000026278,Bok,6232
ENSMUSG00000026279,Thap4,26000
ENSMUSG00000026280,Atg4b,38767
ENSMUSG00000026281,Dtymk,19450
ENSMUSG00000026283,Ing5,32157
ENSMUSG00000026285,Pdcd1,5894
ENSMUSG00000026288,Inpp5d,23988
ENSMUSG00000026289,Atg16l1,28830
ENSMUSG00000026295,Spp2,8724
ENSMUSG00000026301,Iqca1,10693
ENSMUSG00000026303,Mlph,4667
ENSMUSG00000026304,Rab17,3390
ENSMUSG00000026305,Lrrfip1,255874
ENSMUSG00000026307,Scly,10553
ENSMUSG00000026308,Klhl30,21863
ENSMUSG00000026309,Ilkap,40262
ENSMUSG00000026311,Asb1,24465
ENSMUSG00000026312,Cdh7,33619
ENSMUSG00000026313,Hdac4,34649
ENSMUSG00000026315,Serpinb8,20196
ENSMUSG00000026317,Cln8,33297
ENSMUSG00000026319,Relch,129602
ENSMUSG00000026321,Tnfrsf11a,6490
ENSMUSG00000026322,Htr4,44394
ENSMUSG00000026327,Serpinb11,2087
ENSMUSG00000026331,Slco6c1,5633
ENSMUSG00000026333,Gin1,13436
ENSMUSG00000026335,Pam,130497
ENSMUSG00000026336,Slco6d1,4523
ENSMUSG00000026339,Ccdc93,69354
ENSMUSG00000026341,Actr3,48551
ENSMUSG00000026342,Slc35f5,27643
ENSMUSG00000026343,Gpr39,2800
ENSMUSG00000026344,Lypd1,44433
ENSMUSG00000026347,Tmem163,23064
ENSMUSG00000026348,Acmsd,7839
ENSMUSG00000026349,Ccnt2,22226
ENSMUSG00000026353,Ubxn4,71052
ENSMUSG00000026354,Lct,6174
ENSMUSG00000026355,Mcm6,34578
ENSMUSG00000026356,Dars1,34317
ENSMUSG00000026357,Rgs18,3992
ENSMUSG00000026358,Rgs1,3841
ENSMUSG00000026360,Rgs2,5445
ENSMUSG00000026361,Cdc73,34625
ENSMUSG00000026365,Cfh,70574
ENSMUSG00000026368,F13b,13915
ENSMUSG00000026374,Tsn,35212
ENSMUSG00000026377,Nifk,8419
ENSMUSG00000026380,Tfcp2l1,55431
ENSMUSG00000026383,Epb41l5,65895
ENSMUSG00000026384,Ptpn4,119824
ENSMUSG00000026385,Dbi,1741
ENSMUSG00000026387,Sctr,18066
ENSMUSG00000026388,3110009E18Rik,22107
ENSMUSG00000026389,Steap3,58242
ENSMUSG00000026390,Marco,1925
ENSMUSG00000026393,Nek7,156634
ENSMUSG00000026394,Atp6v1g3,1902
ENSMUSG00000026395,Ptprc,24418
ENSMUSG00000026398,Nr5a2,24784
ENSMUSG00000026399,Cd55,17770
ENSMUSG00000026401,Cd55b,6363
ENSMUSG00000026404,Ddx59,48448
ENSMUSG00000026405,C4bp,37526
ENSMUSG00000026407,Cacna1s,100958
ENSMUSG00000026409,Pfkfb2,185309
ENSMUSG00000026411,Tmem9,51999
ENSMUSG00000026413,Pkp1,7779
ENSMUSG00000026414,Tnnt2,63635
ENSMUSG00000026415,Fcamr,4834
ENSMUSG00000026416,Il20,1651
ENSMUSG00000026417,Pigr,3873
ENSMUSG00000026418,Tnni1,5001
ENSMUSG00000026420,Il24,2341
ENSMUSG00000026421,Csrp1,21002
ENSMUSG00000026424,Gpr37l1,2269
ENSMUSG00000026425,Srgap2,106115
ENSMUSG00000026426,Arl8a,5571
ENSMUSG00000026427,Eif2d,39067
ENSMUSG00000026429,Ube2t,25982
ENSMUSG00000026430,Rassf5,14305
ENSMUSG00000026432,Avpr1b,6892
ENSMUSG00000026433,Rab29,15711
ENSMUSG00000026434,Nucks1,42870
ENSMUSG00000026435,Slc45a3,31982
ENSMUSG00000026436,Elk4,50058
ENSMUSG00000026437,Cdk18,34794
ENSMUSG00000026439,Rbbp5,54163
ENSMUSG00000026442,Nfasc,437511
ENSMUSG00000026443,Lrrn2,98669
ENSMUSG00000026447,Pik3c2b,17938
ENSMUSG00000026450,Chit1,5099
ENSMUSG00000026452,Syt2,56649
ENSMUSG00000026455,Klhl12,67538
ENSMUSG00000026456,Cyb5r1,19761
ENSMUSG00000026457,Adipor1,72069
ENSMUSG00000026458,Ppfia4,13375
ENSMUSG00000026459,Myog,3006
ENSMUSG00000026463,Atp2b4,58378
ENSMUSG00000026466,Tor1aip1,32715
ENSMUSG00000026468,Lhx4,5623
ENSMUSG00000026469,Xpr1,17854
ENSMUSG00000026470,Stx6,38042
ENSMUSG00000026471,Mr1,8589
ENSMUSG00000026473,Glul,8679
ENSMUSG00000026475,Rgs16,4711
ENSMUSG00000026478,Lamc1,27942
ENSMUSG00000026479,Lamc2,15179
ENSMUSG00000026480,Ncf2,11770
ENSMUSG00000026482,Rgl1,28647
ENSMUSG00000026483,Niban1,52292
ENSMUSG00000026484,Rnf2,26111
ENSMUSG00000026489,Coq8a,311532
ENSMUSG00000026490,Cdc42bpa,115635
ENSMUSG00000026491,Ahctf1,16922
ENSMUSG00000026492,Tfb2m,26490
ENSMUSG00000026494,Kif26b,26310
ENSMUSG00000026495,Efcab2,7396
ENSMUSG00000026496,Parp1,36774
ENSMUSG00000026497,Mixl1,2294
ENSMUSG00000026499,Acbd3,36216
ENSMUSG00000026500,Cox20,34516
ENSMUSG00000026502,Desi2,53647
ENSMUSG00000026504,Sdccag8,72121
ENSMUSG00000026509,Capn2,12798
ENSMUSG00000026510,Trp53bp2,17529
ENSMUSG00000026511,Srp9,18109
ENSMUSG00000026514,Cnih3,28119
ENSMUSG00000026516,Nvl,31773
ENSMUSG00000026519,Tmem63a,52112
ENSMUSG00000026520,Pycr2,15868
ENSMUSG00000026523,Wdr64,10865
ENSMUSG00000026525,Opn3,2811
ENSMUSG00000026526,Fh1,42647
ENSMUSG00000026527,Rgs7,10310
ENSMUSG00000026531,Mptx1,799
ENSMUSG00000026532,Spta1,8443
ENSMUSG00000026535,Ifi202b,1801
ENSMUSG00000026536,Ifi211,5442
ENSMUSG00000026542,Apcs,974
ENSMUSG00000026544,Dusp23,4142
ENSMUSG00000026546,Cfap45,3669
ENSMUSG00000026547,Tagln2,21601
ENSMUSG00000026548,Slamf9,8315
ENSMUSG00000026553,Copa,69162
ENSMUSG00000026554,Dcaf8,79932
ENSMUSG00000026556,Vangl2,23796
ENSMUSG00000026558,Uck2,18853
ENSMUSG00000026560,Fmo9,5859
ENSMUSG00000026563,Tada1,8714
ENSMUSG00000026564,Styxl2,60520
ENSMUSG00000026565,Pou2f1,43534
ENSMUSG00000026566,Mpzl1,26830
ENSMUSG00000026567,Adcy10,15488
ENSMUSG00000026568,Mpc2,19495
ENSMUSG00000026571,Dcaf6,48164
ENSMUSG00000026572,Tbx19,2682
ENSMUSG00000026573,Xcl1,523
ENSMUSG00000026574,Dpt,4459
ENSMUSG00000026575,Nme7,21013
ENSMUSG00000026576,Atp1b1,14916
ENSMUSG00000026577,Blzf1,19804
ENSMUSG00000026578,Ccdc181,27818
ENSMUSG00000026579,F5,8867
ENSMUSG00000026580,Selp,3438
ENSMUSG00000026581,Sell,19429
ENSMUSG00000026582,Sele,7583
ENSMUSG00000026584,Scyl3,55846
ENSMUSG00000026585,Kifap3,80995
ENSMUSG00000026586,Prrx1,30856
ENSMUSG00000026587,Astn1,73597
ENSMUSG00000026589,Sec16b,13579
ENSMUSG00000026592,Tex35,7106
ENSMUSG00000026594,Ralgps2,157268
ENSMUSG00000026596,Abl2,26228
ENSMUSG00000026600,Soat1,71835
ENSMUSG00000026601,Axdnd1,8560
ENSMUSG00000026602,Nphs2,6246
ENSMUSG00000026603,Smyd2,25514
ENSMUSG00000026604,Ptpn14,33033
ENSMUSG00000026605,Cenpf,26713
ENSMUSG00000026608,Kctd3,19956
ENSMUSG00000026609,Ush2a,15695
ENSMUSG00000026610,Esrrg,15999
ENSMUSG00000026611,Spata17,6909
ENSMUSG00000026614,Slc30a10,13679
ENSMUSG00000026615,Eprs1,146234
ENSMUSG00000026616,Cr2,21044
ENSMUSG00000026617,Bpnt1,65782
ENSMUSG00000026618,Iars2,79518
ENSMUSG00000026620,Mark1,86168
ENSMUSG00000026621,Mtarc1,8103
ENSMUSG00000026622,Nek2,9676
ENSMUSG00000026623,Lpgat1,59127
ENSMUSG00000026626,Ppp2r5a,31530
ENSMUSG00000026627,Pacc1,17023
ENSMUSG00000026628,Atf3,8072
ENSMUSG00000026630,Batf3,1497
ENSMUSG00000026632,Tatdn3,20338
ENSMUSG00000026634,Angel2,22488
ENSMUSG00000026637,Traf5,19001
ENSMUSG00000026638,Irf6,16970
ENSMUSG00000026639,Lamb3,28566
ENSMUSG00000026640,Plxna2,33045
ENSMUSG00000026641,Usf1,35967
ENSMUSG00000026643,Nmt2,24905
ENSMUSG00000026644,Acbd7,2803
ENSMUSG00000026645,Olah,4838
ENSMUSG00000026646,Suv39h2,18305
ENSMUSG00000026648,Dclre1c,45135
ENSMUSG00000026649,Cfap126,1938
ENSMUSG00000026650,Meig1,14868
ENSMUSG00000026655,Fam107b,14595
ENSMUSG00000026656,Fcgr2b,34275
ENSMUSG00000026657,Frmd4a,25422
ENSMUSG00000026659,Dusp12,4863
ENSMUSG00000026662,Sephs1,102073
ENSMUSG00000026663,Atf6,59879
ENSMUSG00000026664,Phyh,19225
ENSMUSG00000026667,Uhmk1,31208
ENSMUSG00000026668,Ucma,3238
ENSMUSG00000026669,Mcm10,41000
ENSMUSG00000026670,Uap1,53211
ENSMUSG00000026672,Optn,87769
ENSMUSG00000026674,Ddr2,33944
ENSMUSG00000026675,Hsd17b7,24167
ENSMUSG00000026676,Ccdc3,15838
ENSMUSG00000026678,Rgs5,25211
ENSMUSG00000026679,Enkur,3105
ENSMUSG00000026683,Nuf2,27417
ENSMUSG00000026686,Lmx1a,10152
ENSMUSG00000026687,Aldh9a1,28163
ENSMUSG00000026688,Mgst3,21163
ENSMUSG00000026691,Fmo3,2049
ENSMUSG00000026692,Fmo4,5165
ENSMUSG00000026694,Mettl13,17046
ENSMUSG00000026696,Vamp4,49923
ENSMUSG00000026697,Myoc,2080
ENSMUSG00000026698,Pigc,12665
ENSMUSG00000026700,Tnfsf4,1842
ENSMUSG00000026701,Prdx6,23432
ENSMUSG00000026705,Klhl20,21037
ENSMUSG00000026707,Nsun6,20860
ENSMUSG00000026708,Cenpl,12432
ENSMUSG00000026709,Dars2,74490
ENSMUSG00000026712,Mrc1,21198
ENSMUSG00000026715,Serpinc1,15866
ENSMUSG00000026718,Stam,46824
ENSMUSG00000026721,Rabgap1l,24465
ENSMUSG00000026723,Trdmt1,15949
ENSMUSG00000026725,Tnn,10743
ENSMUSG00000026726,Cubn,11262
ENSMUSG00000026727,Rsu1,22635
ENSMUSG00000026728,Vim,9207
ENSMUSG00000026730,Pter,44759
ENSMUSG00000026734,4921504E06Rik,2008
ENSMUSG00000026735,Ptf1a,1508
ENSMUSG00000026737,Pip4k2a,31535
ENSMUSG00000026739,Bmi1,27060
ENSMUSG00000026740,Dnajc1,31504
ENSMUSG00000026743,Mllt10,94824
ENSMUSG00000026748,Plxdc2,148243
ENSMUSG00000026749,Nek6,187268
ENSMUSG00000026750,Psmb7,9711
ENSMUSG00000026751,Nr5a1,154311
ENSMUSG00000026753,Ppp6c,24791
ENSMUSG00000026754,Golga1,95959
ENSMUSG00000026755,Arpc5l,2426
ENSMUSG00000026761,Orc4,99629
ENSMUSG00000026764,Kif5c,98281
ENSMUSG00000026765,Lypd6b,55328
ENSMUSG00000026766,Mmadhc,8654
ENSMUSG00000026767,Mindy3,34292
ENSMUSG00000026768,Itga8,53786
ENSMUSG00000026770,Il2ra,5467
ENSMUSG00000026771,Spopl,41794
ENSMUSG00000026773,Pfkfb3,59371
ENSMUSG00000026774,Ankrd68,5790
ENSMUSG00000026775,Yme1l1,79985
ENSMUSG00000026778,Prkcq,45632
ENSMUSG00000026779,Mastl,30393
ENSMUSG00000026781,Acbd5,103847
ENSMUSG00000026782,Abi2,113486
ENSMUSG00000026784,Pdss1,20536
ENSMUSG00000026785,Pkn3,6180
ENSMUSG00000026786,Apbb1ip,2773
ENSMUSG00000026787,Gad2,28752
ENSMUSG00000026788,Zbtb43,76994
ENSMUSG00000026790,Odf2,240886
ENSMUSG00000026791,Slc2a8,33253
ENSMUSG00000026792,Lrsam1,189844
ENSMUSG00000026796,Niban2,7425
ENSMUSG00000026797,Stxbp1,68533
ENSMUSG00000026798,Coq4,7334
ENSMUSG00000026799,Med27,10106
ENSMUSG00000026803,Ttf1,12603
ENSMUSG00000026805,Barhl1,10508
ENSMUSG00000026806,Ddx31,6644
ENSMUSG00000026807,Ak8,15028
ENSMUSG00000026809,Spaca9,7287
ENSMUSG00000026810,Dpm2,3620
ENSMUSG00000026811,St6galnac6,34527
ENSMUSG00000026812,Tsc1,83633
ENSMUSG00000026814,Eng,87355
ENSMUSG00000026815,Gfi1b,3545
ENSMUSG00000026816,Gtf3c5,8253
ENSMUSG00000026817,Ak1,88477
ENSMUSG00000026818,Cel,2063
ENSMUSG00000026819,Slc25a25,25240
ENSMUSG00000026820,Ptges2,38193
ENSMUSG00000026821,Ralgds,122555
ENSMUSG00000026822,Lcn2,915
ENSMUSG00000026824,Kcnj3,16511
ENSMUSG00000026825,Dnm1,161751
ENSMUSG00000026826,Nr4a2,93398
ENSMUSG00000026827,Gpd2,112058
ENSMUSG00000026828,Galnt5,9172
ENSMUSG00000026829,Gbgt1,3659
ENSMUSG00000026830,Ermn,17443
ENSMUSG00000026831,Pierce1,3677
ENSMUSG00000026832,Cytip,6110
ENSMUSG00000026833,Olfm1,22109
ENSMUSG00000026834,Acvr1c,45255
ENSMUSG00000026835,Fcnb,2043
ENSMUSG00000026836,Acvr1,57613
ENSMUSG00000026837,Col5a1,11954
ENSMUSG00000026839,Upp2,20101
ENSMUSG00000026840,Lamc3,25131
ENSMUSG00000026841,Fibcd1,23537
ENSMUSG00000026842,Abl1,29491
ENSMUSG00000026843,Fubp3,50216
ENSMUSG00000026848,Tor1b,10116
ENSMUSG00000026849,Tor1a,27786
ENSMUSG00000026851,BC005624,40529
ENSMUSG00000026853,Crat,71007
ENSMUSG00000026854,Usp20,99400
ENSMUSG00000026856,Dolpp1,28172
ENSMUSG00000026857,Ntmt1,39303
ENSMUSG00000026858,Miga2,65867
ENSMUSG00000026860,Sh3glb2,239158
ENSMUSG00000026864,Hspa5,59115
ENSMUSG00000026866,Kynu,20898
ENSMUSG00000026867,Gapvd1,60154
ENSMUSG00000026869,Psmd5,15341
ENSMUSG00000026870,Cutal,4678
ENSMUSG00000026872,Zeb2,71250
ENSMUSG00000026873,Phf19,11557
ENSMUSG00000026874,Hc,5994
ENSMUSG00000026875,Traf1,36114
ENSMUSG00000026878,Rab14,100857
ENSMUSG00000026879,Gsn,143633
ENSMUSG00000026880,Stom,5559
ENSMUSG00000026882,4930568D16Rik,1227
ENSMUSG00000026883,Dab2ip,53529
ENSMUSG00000026885,Ttll11,26816
ENSMUSG00000026887,Mrrf,22165
ENSMUSG00000026888,Grb14,13515
ENSMUSG00000026889,Rbm18,64535
ENSMUSG00000026890,Lhx6,23863
ENSMUSG00000026893,Gca,32783
ENSMUSG00000026894,Morn5,3224
ENSMUSG00000026895,Ndufa8,13974
ENSMUSG00000026896,Ifih1,26166
ENSMUSG00000026904,Slc4a10,112542
ENSMUSG00000026914,Psmd14,60006
ENSMUSG00000026915,Strbp,55336
ENSMUSG00000026917,Wdr5,44665
ENSMUSG00000026918,Brd3,60577
ENSMUSG00000026919,Lcn4,774
ENSMUSG00000026921,Egfl7,85114
ENSMUSG00000026922,Agpat2,14145
ENSMUSG00000026923,Notch1,9488
ENSMUSG00000026924,Sec16a,73386
ENSMUSG00000026925,Inpp5e,35236
ENSMUSG00000026926,Pmpca,35582
ENSMUSG00000026927,Entr1,71295
ENSMUSG00000026928,Card9,11038
ENSMUSG00000026930,Gpsm1,40218
ENSMUSG00000026931,Spmip5,17813
ENSMUSG00000026932,Nacc2,110182
ENSMUSG00000026933,Camsap1,27266
ENSMUSG00000026934,Lhx3,4411
ENSMUSG00000026936,Lcn3,1368
ENSMUSG00000026937,Lcn5,2022
ENSMUSG00000026938,Fcna,16330
ENSMUSG00000026939,Tmem141,795
ENSMUSG00000026940,Ccdc183,1719
ENSMUSG00000026941,Mamdc4,14498
ENSMUSG00000026942,Traf2,24758
ENSMUSG00000026943,Lcn12,1337
ENSMUSG00000026944,Abca2,24282
ENSMUSG00000026946,Nmi,9847
ENSMUSG00000026950,Neb,102674
ENSMUSG00000026955,Sapcd2,8610
ENSMUSG00000026956,Uap1l1,14645
ENSMUSG00000026958,Dpp7,16199
ENSMUSG00000026959,Grin1,182901
ENSMUSG00000026960,Arl6ip6,22854
ENSMUSG00000026961,Lrrc26,1205
ENSMUSG00000026963,Tmem210,1016
ENSMUSG00000026965,Anapc2,29237
ENSMUSG00000026966,Ssna1,4942
ENSMUSG00000026969,Cimip2a,5232
ENSMUSG00000026970,Rbms1,36843
ENSMUSG00000026971,Itgb6,37813
ENSMUSG00000026972,Arrdc1,19702
ENSMUSG00000026974,Zmynd19,7815
ENSMUSG00000026975,Dph7,19285
ENSMUSG00000026976,Pax8,21614
ENSMUSG00000026977,Marchf7,46995
ENSMUSG00000026979,Psd4,55638
ENSMUSG00000026980,Ly75,52693
ENSMUSG00000026981,Il1rn,10399
ENSMUSG00000026983,Il36rn,9704
ENSMUSG00000026984,Il36a,1885
ENSMUSG00000026985,Il36b,1229
ENSMUSG00000026986,Hnmt,24083
ENSMUSG00000026987,Baz2b,40132
ENSMUSG00000026988,Wdsub1,21829
ENSMUSG00000026989,Dapl1,1635
ENSMUSG00000026991,Pkp4,70289
ENSMUSG00000026994,Galnt3,7418
ENSMUSG00000026999,Nup35,7714
ENSMUSG00000027001,Dusp19,19476
ENSMUSG00000027002,Nckap1,81719
ENSMUSG00000027004,Frzb,23453
ENSMUSG00000027006,Dnajc10,48199
ENSMUSG00000027007,Itprid2,32142
ENSMUSG00000027009,Itga4,25121
ENSMUSG00000027010,Slc25a12,32038
ENSMUSG00000027011,Ube2e3,25429
ENSMUSG00000027012,Dync1i2,100824
ENSMUSG00000027014,Cwc22,112724
ENSMUSG00000027015,Cybrd1,5339
ENSMUSG00000027016,Zfp385b,18417
ENSMUSG00000027018,Hat1,33061
ENSMUSG00000027022,Xirp2,54732
ENSMUSG00000027030,Stk39,56222
ENSMUSG00000027035,Cers6,29679
ENSMUSG00000027048,Abcb11,16224
ENSMUSG00000027067,Ssrp1,61601
ENSMUSG00000027068,Dhrs9,4294
ENSMUSG00000027070,Lrp2,22121
ENSMUSG00000027071,P2rx3,7243
ENSMUSG00000027072,Prg3,949
ENSMUSG00000027073,Prg2,2703
ENSMUSG00000027074,Slc43a3,39922
ENSMUSG00000027075,Slc43a1,32998
ENSMUSG00000027076,Timm10,38195
ENSMUSG00000027077,Smtnl1,18438
ENSMUSG00000027078,Ube2l6,7518
ENSMUSG00000027079,Clp1,18238
ENSMUSG00000027080,Med19,11629
ENSMUSG00000027082,Tfpi,99751
ENSMUSG00000027086,Fastkd1,12658
ENSMUSG00000027087,Itgav,23468
ENSMUSG00000027088,Phospho2,29739
ENSMUSG00000027091,Zc3h15,30762
ENSMUSG00000027099,Mtx2,35494
ENSMUSG00000027102,Hoxd8,5780
ENSMUSG00000027104,Atf2,304878
ENSMUSG00000027107,Chrna1,13476
ENSMUSG00000027108,Ola1,28478
ENSMUSG00000027109,Sp3,12817
ENSMUSG00000027111,Itga6,61627
ENSMUSG00000027115,Kif18a,12719
ENSMUSG00000027120,Fshb,1600
ENSMUSG00000027122,Arl14ep,33243
ENSMUSG00000027130,Slc12a6,34105
ENSMUSG00000027131,Emc4,9045
ENSMUSG00000027132,Katnbl1,43637
ENSMUSG00000027133,Nop10,1765
ENSMUSG00000027134,Lpcat4,12226
ENSMUSG00000027157,Potefam1,19955
ENSMUSG00000027160,Ccdc34,29684
ENSMUSG00000027162,Lin7c,23931
ENSMUSG00000027163,Commd9,8619
ENSMUSG00000027164,Traf6,28110
ENSMUSG00000027165,Iftap,36531
ENSMUSG00000027166,Dnajc24,93543
ENSMUSG00000027167,Elp4,55595
ENSMUSG00000027168,Pax6,121358
ENSMUSG00000027170,Eif3m,35106
ENSMUSG00000027171,Prrg4,5079
ENSMUSG00000027173,Depdc7,5497
ENSMUSG00000027175,Tcp11l1,31002
ENSMUSG00000027176,Cstf3,33929
ENSMUSG00000027177,Hipk3,119293
ENSMUSG00000027180,Fbxo3,76242
ENSMUSG00000027184,Caprin1,203000
ENSMUSG00000027185,Nat10,42837
ENSMUSG00000027186,Elf5,7292
ENSMUSG00000027187,Cat,23094
ENSMUSG00000027188,Pamr1,27594
ENSMUSG00000027189,Trim44,33727
ENSMUSG00000027193,Api5,83135
ENSMUSG00000027194,Ttc17,40721
ENSMUSG00000027195,Hsd17b12,13766
ENSMUSG00000027198,Ext2,72924
ENSMUSG00000027199,Gatm,19108
ENSMUSG00000027200,Sema6d,225640
ENSMUSG00000027201,Myef2,11016
ENSMUSG00000027202,Slc12a1,14220
ENSMUSG00000027203,Dut,4706
ENSMUSG00000027204,Fbn1,21911
ENSMUSG00000027206,Cops2,50889
ENSMUSG00000027207,Galk2,19338
ENSMUSG00000027208,Fgf7,13035
ENSMUSG00000027209,Fam227b,3457
ENSMUSG00000027210,Meis2,42598
ENSMUSG00000027215,Cd82,14408
ENSMUSG00000027217,Tspan18,42084
ENSMUSG00000027219,Slc28a2,19533
ENSMUSG00000027220,Syt13,69710
ENSMUSG00000027221,Chst1,130362
ENSMUSG00000027222,Pex16,13164
ENSMUSG00000027223,Mapk8ip1,21356
ENSMUSG00000027224,Duoxa1,6400
ENSMUSG00000027225,Duoxa2,1593
ENSMUSG00000027227,Sord,17882
ENSMUSG00000027229,Terb2,9414
ENSMUSG00000027230,Creb3l1,10491
ENSMUSG00000027233,Patl2,4712
ENSMUSG00000027236,Eif3j1,21528
ENSMUSG00000027238,Frmd5,10665
ENSMUSG00000027239,Mdk,9494
ENSMUSG00000027242,Wdr76,43098
ENSMUSG00000027243,Harbi1,49353
ENSMUSG00000027244,Atg13,227668
ENSMUSG00000027245,Hypk,23292
ENSMUSG00000027246,Ell3,12381
ENSMUSG00000027247,Arhgap1,245411
ENSMUSG00000027248,Pdia3,31951
ENSMUSG00000027249,F2,10868
ENSMUSG00000027253,Lrp4,26979
ENSMUSG00000027254,Map1a,46299
ENSMUSG00000027255,Arfgap2,55448
ENSMUSG00000027257,Pacsin3,103712
ENSMUSG00000027259,Adal,25037
ENSMUSG00000027261,Hao1,12577
ENSMUSG00000027263,Tubgcp4,53121
ENSMUSG00000027270,Lamp5,12301
ENSMUSG00000027272,Ubr1,27445
ENSMUSG00000027273,Snap25,75542
ENSMUSG00000027274,Mkks,34598
ENSMUSG00000027276,Jag1,16812
ENSMUSG00000027281,Slx4ip,48245
ENSMUSG00000027282,Mtch2,54449
ENSMUSG00000027284,Cdan1,31876
ENSMUSG00000027285,Haus2,11225
ENSMUSG00000027286,Lrrc57,23930
ENSMUSG00000027287,Snap23,64208
ENSMUSG00000027288,Zfp106,180381
ENSMUSG00000027291,Vps39,51726
ENSMUSG00000027293,Ehd4,25936
ENSMUSG00000027296,Itpka,36427
ENSMUSG00000027297,Ltk,10469
ENSMUSG00000027298,Tyro3,48547
ENSMUSG00000027300,Ubox5,144722
ENSMUSG00000027301,Oxt,539
ENSMUSG00000027303,Ptpra,213382
ENSMUSG00000027304,Rtf1,4664
ENSMUSG00000027305,Ndufaf1,55338
ENSMUSG00000027306,Nusap1,28969
ENSMUSG00000027309,Dnaaf9,90497
ENSMUSG00000027312,Atrn,24587
ENSMUSG00000027313,Chac1,4074
ENSMUSG00000027314,Dll4,7681
ENSMUSG00000027315,Spint1,44838
ENSMUSG00000027316,Gfra4,5101
ENSMUSG00000027317,Ppp1r14d,4196
ENSMUSG00000027318,Adam33,6252
ENSMUSG00000027322,Siglec1,14038
ENSMUSG00000027323,Rad51,53995
ENSMUSG00000027324,Rpusd2,10452
ENSMUSG00000027326,Knl1,21265
ENSMUSG00000027327,Adissp,31045
ENSMUSG00000027329,Spef1,20110
ENSMUSG00000027330,Cdc25b,38267
ENSMUSG00000027331,Knstrn,10495
ENSMUSG00000027332,Ivd,70998
ENSMUSG00000027333,Smox,211879
ENSMUSG00000027335,Adra1d,14894
ENSMUSG00000027338,Prnd,12526
ENSMUSG00000027339,Rassf2,82011
ENSMUSG00000027340,Slc23a2,51005
ENSMUSG00000027341,Tmem230,15540
ENSMUSG00000027342,Pcna,8891
ENSMUSG00000027344,Fsip1,12158
ENSMUSG00000027346,Gpcpd1,158307
ENSMUSG00000027347,Rasgrp1,31942
ENSMUSG00000027349,Fam98b,4782
ENSMUSG00000027350,Chgb,32136
ENSMUSG00000027351,Spred1,16517
ENSMUSG00000027353,Mcm8,26077
ENSMUSG00000027355,Tmco5,13167
ENSMUSG00000027356,Fermt1,5075
ENSMUSG00000027357,Crls1,12519
ENSMUSG00000027358,Bmp2,15521
ENSMUSG00000027359,Slc27a2,10150
ENSMUSG00000027360,Hdc,15460
ENSMUSG00000027361,Gabpb1,198351
ENSMUSG00000027363,Usp8,45615
ENSMUSG00000027364,Usp50,12324
ENSMUSG00000027365,Trpm7,28412
ENSMUSG00000027366,Sppl2a,19939
ENSMUSG00000027367,Stard7,31289
ENSMUSG00000027368,Dusp2,3258
ENSMUSG00000027371,Fahd2a,8630
ENSMUSG00000027374,Mrps5,19837
ENSMUSG00000027375,Mal,16217
ENSMUSG00000027376,Prom2,9550
ENSMUSG00000027377,Mall,3852
ENSMUSG00000027378,Nphp1,113248
ENSMUSG00000027379,Bub1,37519
ENSMUSG00000027380,Acoxl,4864
ENSMUSG00000027381,Bcl2l11,27686
ENSMUSG00000027384,Ndufaf5,26543
ENSMUSG00000027386,Fbln7,24723
ENSMUSG00000027387,Zc3h8,13700
ENSMUSG00000027394,Ttl,29042
ENSMUSG00000027395,Polr1b,36099
ENSMUSG00000027397,Slc20a1,19472
ENSMUSG00000027398,Il1b,3334
ENSMUSG00000027399,Il1a,6647
ENSMUSG00000027400,Pdyn,14665
ENSMUSG00000027401,Tgm3,4147
ENSMUSG00000027403,Tgm6,3327
ENSMUSG00000027404,Snrpb,3035
ENSMUSG00000027405,Nop56,38813
ENSMUSG00000027406,Idh3b,33810
ENSMUSG00000027408,Cpxm1,19145
ENSMUSG00000027409,1700020A23Rik,2528
ENSMUSG00000027411,Vps16,30177
ENSMUSG00000027412,Lpin3,46835
ENSMUSG00000027416,Otor,954
ENSMUSG00000027419,Pcsk2,43605
ENSMUSG00000027420,Bfsp1,4762
ENSMUSG00000027422,Rrbp1,59452
ENSMUSG00000027423,Snx5,60854
ENSMUSG00000027424,Mgme1,50610
ENSMUSG00000027425,Kat14,21189
ENSMUSG00000027427,Polr3f,8916
ENSMUSG00000027428,Rbbp9,4337
ENSMUSG00000027429,Sec23b,32362
ENSMUSG00000027430,Dtd1,10413
ENSMUSG00000027431,Scp2d1,760
ENSMUSG00000027433,Xrn2,53392
ENSMUSG00000027434,Nkx2-2,3476
ENSMUSG00000027435,Cd93,10152
ENSMUSG00000027438,Napb,61548
ENSMUSG00000027439,Gzf1,66609
ENSMUSG00000027442,Cst8,8812
ENSMUSG00000027443,Cst12,2164
ENSMUSG00000027444,Cstdc1,1095
ENSMUSG00000027445,Cst9,2187
ENSMUSG00000027446,Cstdc2,5892
ENSMUSG00000027447,Cst3,8729
ENSMUSG00000027452,Acss1,38076
ENSMUSG00000027454,Gins1,6327
ENSMUSG00000027455,Nsfl1c,36063
ENSMUSG00000027456,Sdcbp2,19432
ENSMUSG00000027457,Snph,103344
ENSMUSG00000027459,Fam110a,20758
ENSMUSG00000027460,Angpt4,2335
ENSMUSG00000027463,Slc52a3,18405
ENSMUSG00000027465,Tbc1d20,43815
ENSMUSG00000027466,Rbck1,135689
ENSMUSG00000027468,Defb22,628
ENSMUSG00000027469,Tpx2,97005
ENSMUSG00000027470,Mylk2,9129
ENSMUSG00000027472,Pdrg1,10007
ENSMUSG00000027474,Ccm2l,11321
ENSMUSG00000027475,Kif3b,11278
ENSMUSG00000027478,Dnmt3b,114768
ENSMUSG00000027479,Mapre1,159282
ENSMUSG00000027480,Sun5,2302
ENSMUSG00000027481,Bpifb2,1730
ENSMUSG00000027482,Bpifa3,2209
ENSMUSG00000027483,Bpifa1,2323
ENSMUSG00000027484,Bpifa5,1089
ENSMUSG00000027485,Bpifb1,5719
ENSMUSG00000027487,Cdk5rap1,16072
ENSMUSG00000027488,Snta1,21045
ENSMUSG00000027489,Necab3,14005
ENSMUSG00000027490,E2f1,18986
ENSMUSG00000027495,Fam210b,25583
ENSMUSG00000027496,Aurka,20351
ENSMUSG00000027498,Cstf1,42286
ENSMUSG00000027499,Pkia,142864
ENSMUSG00000027500,Stmn2,14581
ENSMUSG00000027502,Rtf2,26472
ENSMUSG00000027505,Fam209,2146
ENSMUSG00000027506,Tpd52,118420
ENSMUSG00000027508,Pag1,32942
ENSMUSG00000027509,Rae1,23877
ENSMUSG00000027510,Rbm38,11328
ENSMUSG00000027513,Pck1,15658
ENSMUSG00000027514,Zbp1,6375
ENSMUSG00000027517,Ankrd60,2935
ENSMUSG00000027518,Cimip1,1388
ENSMUSG00000027519,Rab22a,25209
ENSMUSG00000027520,Zdbf2,37325
ENSMUSG00000027522,Stx16,26742
ENSMUSG00000027523,Gnas,44010
ENSMUSG00000027524,Edn3,23181
ENSMUSG00000027525,Phactr3,68302
ENSMUSG00000027528,Fabp9,5201
ENSMUSG00000027530,Fabp12,21216
ENSMUSG00000027531,Impa1,17618
ENSMUSG00000027533,Fabp5,6697
ENSMUSG00000027534,Snx16,34114
ENSMUSG00000027536,Chmp4c,13473
ENSMUSG00000027540,Ptpn1,35524
ENSMUSG00000027544,Nfatc2,21002
ENSMUSG00000027546,Atp9a,96971
ENSMUSG00000027547,Sall4,11540
ENSMUSG00000027550,Lrrcc1,17360
ENSMUSG00000027551,Zfp64,44575
ENSMUSG00000027552,E2f5,8784
ENSMUSG00000027555,Car13,2318
ENSMUSG00000027556,Car1,6548
ENSMUSG00000027559,Car3,39810
ENSMUSG00000027560,Dok5,11992
ENSMUSG00000027562,Car2,5832
ENSMUSG00000027564,Cypt12,550
ENSMUSG00000027566,Psma7,11076
ENSMUSG00000027568,Ntsr1,7686
ENSMUSG00000027569,Mrgbp,11389
ENSMUSG00000027570,Col9a3,8863
ENSMUSG00000027573,Gid8,38795
ENSMUSG00000027574,Nkain4,2621
ENSMUSG00000027575,Arfgap1,156651
ENSMUSG00000027577,Chrna4,11478
ENSMUSG00000027579,Srms,2562
ENSMUSG00000027580,Helz2,31214
ENSMUSG00000027581,Stmn3,9925
ENSMUSG00000027582,Zgpat,35647
ENSMUSG00000027583,Zbtb46,43518
ENSMUSG00000027584,Oprl1,42464
ENSMUSG00000027589,Pcmtd2,72538
ENSMUSG00000027593,Raly,38795
ENSMUSG00000027596,a,2285
ENSMUSG00000027597,Ahcy,12292
ENSMUSG00000027598,Itch,53956
ENSMUSG00000027599,Armc1,111458
ENSMUSG00000027601,Mtfr1,52428
ENSMUSG00000027602,Map1lc3a,6209
ENSMUSG00000027603,Ggt7,53451
ENSMUSG00000027605,Acss2,94842
ENSMUSG00000027606,Dnajc5b,13588
ENSMUSG00000027610,Gss,32729
ENSMUSG00000027611,Procr,1609
ENSMUSG00000027612,Mmp24,13957
ENSMUSG00000027613,Eif6,14931
ENSMUSG00000027615,Hps3,33370
ENSMUSG00000027618,Nfs1,36183
ENSMUSG00000027620,Rbm39,51443
ENSMUSG00000027624,Epb41l1,489296
ENSMUSG00000027628,Aar2,49104
ENSMUSG00000027630,Tbl1xr1,175780
ENSMUSG00000027634,Ndrg3,242655
ENSMUSG00000027635,Dsn1,56672
ENSMUSG00000027636,Sla2,12794
ENSMUSG00000027637,Rab5if,5341
ENSMUSG00000027639,Samhd1,17094
ENSMUSG00000027641,Rbl1,30297
ENSMUSG00000027642,Rpn2,82701
ENSMUSG00000027643,Ghrh,3827
ENSMUSG00000027646,Src,110461
ENSMUSG00000027649,Ctnnbl1,57228
ENSMUSG00000027650,Tti1,41776
ENSMUSG00000027651,Rprd1b,51073
ENSMUSG00000027652,Ralgapb,87927
ENSMUSG00000027654,Fam83d,2266
ENSMUSG00000027655,Dhx35,32687
ENSMUSG00000027656,Ccn5,3758
ENSMUSG00000027660,Skil,40960
ENSMUSG00000027661,Slc2a10,12307
ENSMUSG00000027663,Zmat3,47064
ENSMUSG00000027665,Pik3ca,26535
ENSMUSG00000027667,Zfp639,10931
ENSMUSG00000027668,Mfn1,175431
ENSMUSG00000027669,Gnb4,117778
ENSMUSG00000027670,Ocstamp,6336
ENSMUSG00000027671,Actl6a,19651
ENSMUSG00000027673,Ndufb5,18238
ENSMUSG00000027674,Pex5l,48648
ENSMUSG00000027676,Ccdc39,43139
ENSMUSG00000027677,Ttc14,81555
ENSMUSG00000027678,Ncoa3,78443
ENSMUSG00000027679,Dnajc19,7674
ENSMUSG00000027680,Fxr1,99814
ENSMUSG00000027684,Mecom,98111
ENSMUSG00000027690,Slc2a2,8024
ENSMUSG00000027692,Tnik,122741
ENSMUSG00000027695,Pld1,30931
ENSMUSG00000027698,Nceh1,17638
ENSMUSG00000027699,Ect2,72359
ENSMUSG00000027702,Lrrc34,33692
ENSMUSG00000027703,Lrriq4,8448
ENSMUSG00000027706,Sec62,25855
ENSMUSG00000027708,Dcun1d1,32411
ENSMUSG00000027709,Mccc1,38236
ENSMUSG00000027710,Acad9,34294
ENSMUSG00000027712,Anxa5,20527
ENSMUSG00000027713,1810062G17Rik,11081
ENSMUSG00000027714,Exosc9,8091
ENSMUSG00000027715,Ccna2,11761
ENSMUSG00000027716,Trpc3,16974
ENSMUSG00000027718,Il21,3601
ENSMUSG00000027719,Adad1,6097
ENSMUSG00000027720,Il2,1144
ENSMUSG00000027722,Afg2a,85015
ENSMUSG00000027737,Slc7a11,29078
ENSMUSG00000027739,Rab33b,6649
ENSMUSG00000027742,Cog6,53792
ENSMUSG00000027744,Stoml3,3418
ENSMUSG00000027746,Ufm1,46420
ENSMUSG00000027748,Trpc4,6690
ENSMUSG00000027750,Postn,21934
ENSMUSG00000027751,Supt20,421651
ENSMUSG00000027752,Exosc8,12405
ENSMUSG00000027761,Aadac,6130
ENSMUSG00000027762,Sucnr1,1578
ENSMUSG00000027763,Mbnl1,141804
ENSMUSG00000027765,P2ry1,21248
ENSMUSG00000027770,Dhx36,17409
ENSMUSG00000027774,Gfm1,47176
ENSMUSG00000027775,Mfsd1,35941
ENSMUSG00000027776,Il12a,2647
ENSMUSG00000027777,Schip1,37470
ENSMUSG00000027778,Ift80,47698
ENSMUSG00000027782,Kpna4,32986
ENSMUSG00000027784,Ppm1l,18702
ENSMUSG00000027787,Nmd3,29246
ENSMUSG00000027788,Otol1,2161
ENSMUSG00000027790,Sis,11840
ENSMUSG00000027792,Bche,6210
ENSMUSG00000027793,Ccna1,14709
ENSMUSG00000027794,Sohlh2,9765
ENSMUSG00000027796,Smad9,26945
ENSMUSG00000027797,Dclk1,169239
ENSMUSG00000027799,Nbea,52576
ENSMUSG00000027800,Tm4sf1,16203
ENSMUSG00000027801,Tm4sf4,3342
ENSMUSG00000027803,Wwtr1,33328
ENSMUSG00000027804,Ppid,41134
ENSMUSG00000027805,Pfn2,26645
ENSMUSG00000027806,Tsc22d2,19526
ENSMUSG00000027808,Serp1,14429
ENSMUSG00000027809,Etfdh,49516
ENSMUSG00000027810,Eif2a,17236
ENSMUSG00000027811,4930579G24Rik,4395
ENSMUSG00000027820,Mme,66340
ENSMUSG00000027822,Slc33a1,31410
ENSMUSG00000027823,Gmps,109818
ENSMUSG00000027824,Vmn2r1,13489
ENSMUSG00000027827,Kcnab1,37936
ENSMUSG00000027828,Ssr3,19177
ENSMUSG00000027829,Ccnl1,6462
ENSMUSG00000027831,Veph1,6431
ENSMUSG00000027832,Ptx3,1898
ENSMUSG00000027833,Shox2,8523
ENSMUSG00000027834,Serpini1,74100
ENSMUSG00000027835,Pdcd10,37761
ENSMUSG00000027840,Wnt2b,4617
ENSMUSG00000027843,Ptpn22,5664
ENSMUSG00000027845,Dclre1b,26356
ENSMUSG00000027848,Olfml3,5470
ENSMUSG00000027849,Syt6,54425
ENSMUSG00000027852,Nras,32534
ENSMUSG00000027854,Sike1,14172
ENSMUSG00000027855,Sycp1,33813
ENSMUSG00000027857,Tshb,3459
ENSMUSG00000027858,Tspan2,19227
ENSMUSG00000027859,Ngf,14083
ENSMUSG00000027860,Vangl1,28148
ENSMUSG00000027861,Casq2,27266
ENSMUSG00000027863,Cd2,5116
ENSMUSG00000027864,Ptgfrn,5902
ENSMUSG00000027865,Gdap2,63658
ENSMUSG00000027867,Spag17,9621
ENSMUSG00000027868,Tbx15,21335
ENSMUSG00000027869,Hsd3b6,3348
ENSMUSG00000027870,Hao2,63677
ENSMUSG00000027871,Hsd3b1,68744
ENSMUSG00000027875,Hmgcs2,12590
ENSMUSG00000027876,Reg4,4071
ENSMUSG00000027878,Notch2,11281
ENSMUSG00000027879,Sec22b,17220
ENSMUSG00000027880,Slc25a54,1673
ENSMUSG00000027881,Prpf38b,8781
ENSMUSG00000027882,Stxbp3,22773
ENSMUSG00000027883,Gpsm2,20298
ENSMUSG00000027884,Clcc1,48218
ENSMUSG00000027886,Cfap276,2511
ENSMUSG00000027887,Sypl2,26445
ENSMUSG00000027889,Ampd2,25182
ENSMUSG00000027890,Gstm4,9801
ENSMUSG00000027893,Ahcyl1,63886
ENSMUSG00000027894,Slc6a17,47488
ENSMUSG00000027895,Kcnc4,41029
ENSMUSG00000027896,Slc16a4,6335
ENSMUSG00000027900,Dram2,127764
ENSMUSG00000027901,Dennd2d,8770
ENSMUSG00000027902,Chil6,3378
ENSMUSG00000027905,Ddx20,17884
ENSMUSG00000027907,S100a11,10874
ENSMUSG00000027908,Tchhl1,2068
ENSMUSG00000027912,Lce1m,874
ENSMUSG00000027913,Crct1,2941
ENSMUSG00000027919,Lce1g,925
ENSMUSG00000027923,Lce1b,647
ENSMUSG00000027925,Sprr2j-ps,678
ENSMUSG00000027927,Lelp1,4772
ENSMUSG00000027931,Npr1,117306
ENSMUSG00000027932,Slc27a3,18274
ENSMUSG00000027933,Ints3,52919
ENSMUSG00000027935,Rab13,7451
ENSMUSG00000027936,Crtc2,13162
ENSMUSG00000027937,Jtb,8888
ENSMUSG00000027938,Creb3l4,11015
ENSMUSG00000027939,Nup210l,15301
ENSMUSG00000027940,Tpm3,48546
ENSMUSG00000027942,4933434E20Rik,41801
ENSMUSG00000027944,Hax1,16272
ENSMUSG00000027947,Il6ra,17281
ENSMUSG00000027950,Chrnb2,28811
ENSMUSG00000027951,Adar,26397
ENSMUSG00000027952,Pmvk,12331
ENSMUSG00000027953,Slc50a1,2977
ENSMUSG00000027954,Efna1,8084
ENSMUSG00000027955,Gask1b,35104
ENSMUSG00000027956,Tmem144,58753
ENSMUSG00000027957,Slc35a3,23468
ENSMUSG00000027959,Sass6,34134
ENSMUSG00000027961,Lrrc39,22945
ENSMUSG00000027962,Vcam1,19548
ENSMUSG00000027963,Extl2,112441
ENSMUSG00000027965,Olfm3,18940
ENSMUSG00000027966,Col11a1,15189
ENSMUSG00000027967,Neurog2,2563
ENSMUSG00000027968,Larp7,23601
ENSMUSG00000027971,Ndst4,20156
ENSMUSG00000027973,1700006A11Rik,2993
ENSMUSG00000027977,Ndst3,30648
ENSMUSG00000027978,Prss12,12705
ENSMUSG00000027981,Rnpc3,29760
ENSMUSG00000027983,Cyp2u1,9738
ENSMUSG00000027984,Hadh,6841
ENSMUSG00000027985,Lef1,37304
ENSMUSG00000027993,Trim2,269088
ENSMUSG00000027994,Mcub,11908
ENSMUSG00000027995,Tlr2,19938
ENSMUSG00000027996,Sfrp2,2150
ENSMUSG00000027997,Casp6,4562
ENSMUSG00000027998,Plrg1,12351
ENSMUSG00000027999,Pla2g12a,12979
ENSMUSG00000028001,Fga,7329
ENSMUSG00000028003,Lrat,5359
ENSMUSG00000028004,Npy2r,17330
ENSMUSG00000028005,Gucy1b1,13829
ENSMUSG00000028007,Snx7,5606
ENSMUSG00000028008,Asic5,3368
ENSMUSG00000028010,Gar1,13448
ENSMUSG00000028011,Tdo2,10951
ENSMUSG00000028012,Rrh,6125
ENSMUSG00000028013,Ppa2,34843
ENSMUSG00000028015,Ctso,66515
ENSMUSG00000028016,Ints12,9969
ENSMUSG00000028017,Egf,36166
ENSMUSG00000028018,Gstcd,35591
ENSMUSG00000028019,Pdgfc,6258
ENSMUSG00000028020,Glrb,92071
ENSMUSG00000028023,Pitx2,10167
ENSMUSG00000028024,Enpep,8337
ENSMUSG00000028028,Alpk1,13941
ENSMUSG00000028029,Aimp1,12243
ENSMUSG00000028030,Tbck,35144
ENSMUSG00000028031,Dkk2,14510
ENSMUSG00000028032,Papss1,25433
ENSMUSG00000028033,Kcnq5,18784
ENSMUSG00000028034,Fubp1,90136
ENSMUSG00000028035,Dnajb4,121328
ENSMUSG00000028036,Ptgfr,13001
ENSMUSG00000028037,Ifi44,5775
ENSMUSG00000028039,Efna3,13935
ENSMUSG00000028040,Efna4,1639
ENSMUSG00000028041,Adam15,127730
ENSMUSG00000028042,Zbtb7b,60399
ENSMUSG00000028044,Cks1b,6589
ENSMUSG00000028047,Thbs3,28149
ENSMUSG00000028048,Gba1,26874
ENSMUSG00000028049,Scamp3,20781
ENSMUSG00000028051,Hcn3,21465
ENSMUSG00000028053,Ash1l,22914
ENSMUSG00000028057,Rit1,63909
ENSMUSG00000028059,Arhgef2,104666
ENSMUSG00000028060,Khdc4,25027
ENSMUSG00000028062,Lamtor2,8165
ENSMUSG00000028063,Lmna,28721
ENSMUSG00000028064,Sema4a,81500
ENSMUSG00000028066,Pmf1,19490
ENSMUSG00000028068,Iqgap3,20361
ENSMUSG00000028069,Gpatch4,25630
ENSMUSG00000028070,Naxe,14889
ENSMUSG00000028071,Sh2d2a,9656
ENSMUSG00000028072,Ntrk1,18175
ENSMUSG00000028073,Pear1,31812
ENSMUSG00000028076,Cd1d1,10563
ENSMUSG00000028078,Dclk2,235896
ENSMUSG00000028080,Lrba,75617
ENSMUSG00000028081,Rps3a1,7968
ENSMUSG00000028082,Sh3d19,63420
ENSMUSG00000028085,Gatb,62627
ENSMUSG00000028086,Fbxw7,17632
ENSMUSG00000028088,Fmo5,19945
ENSMUSG00000028089,Chd1l,55376
ENSMUSG00000028093,Acp6,19419
ENSMUSG00000028096,Gpr89,10860
ENSMUSG00000028098,Rnf115,13608
ENSMUSG00000028099,Polr3c,50626
ENSMUSG00000028100,Nudt17,16613
ENSMUSG00000028101,Pias3,20377
ENSMUSG00000028102,Pex11b,12827
ENSMUSG00000028104,Polr3gl,12723
ENSMUSG00000028106,Rprd2,38965
ENSMUSG00000028107,Tars2,66020
ENSMUSG00000028108,Ecm1,52644
ENSMUSG00000028109,Hormad1,26661
ENSMUSG00000028111,Ctsk,13068
ENSMUSG00000028114,Mettl14,31319
ENSMUSG00000028115,Bnipl,4643
ENSMUSG00000028116,Myoz2,29918
ENSMUSG00000028121,Bcar3,36338
ENSMUSG00000028124,Gclm,29710
ENSMUSG00000028125,Abca4,10871
ENSMUSG00000028126,Pip5k1a,50561
ENSMUSG00000028127,Abcd3,25879
ENSMUSG00000028128,F3,8384
ENSMUSG00000028132,Tlcd4,88533
ENSMUSG00000028133,Rwdd3,20322
ENSMUSG00000028134,Ptbp2,18638
ENSMUSG00000028136,Snx27,55599
ENSMUSG00000028137,Celf3,22267
ENSMUSG00000028138,Adh5,6932
ENSMUSG00000028139,Riiad1,630
ENSMUSG00000028140,Mrpl9,15233
ENSMUSG00000028141,Oaz3,3374
ENSMUSG00000028145,Them4,3958
ENSMUSG00000028148,Them5,2635
ENSMUSG00000028149,Rap1gds1,112389
ENSMUSG00000028150,Rorc,25455
ENSMUSG00000028152,Tspan5,63497
ENSMUSG00000028156,Eif4e,33628
ENSMUSG00000028158,Mttp,75336
ENSMUSG00000028159,Dapp1,16512
ENSMUSG00000028161,Ppp3ca,135178
ENSMUSG00000028163,Nfkb1,22549
ENSMUSG00000028164,Manba,38607
ENSMUSG00000028165,Cisd2,26130
ENSMUSG00000028167,Bdh2,8320
ENSMUSG00000028172,Tacr3,3775
ENSMUSG00000028173,Wls,33598
ENSMUSG00000028174,Rpe65,5185
ENSMUSG00000028175,Depdc1a,13063
ENSMUSG00000028176,Lrrc7,65607
ENSMUSG00000028179,Cth,12026
ENSMUSG00000028180,Zranb2,56696
ENSMUSG00000028182,Lrriq3,18944
ENSMUSG00000028184,Adgrl2,440121
ENSMUSG00000028185,Dnase2b,10465
ENSMUSG00000028186,Uox,12389
ENSMUSG00000028187,Rpf1,12343
ENSMUSG00000028188,Spata1,21345
ENSMUSG00000028189,Ctbs,16812
ENSMUSG00000028191,Bcl10,5552
ENSMUSG00000028194,Ddah1,20780
ENSMUSG00000028195,Ccn1,4056
ENSMUSG00000028197,Col24a1,7143
ENSMUSG00000028199,Cryz,33218
ENSMUSG00000028207,Asph,337743
ENSMUSG00000028211,Trp53inp1,17599
ENSMUSG00000028212,Ccne2,46860
ENSMUSG00000028214,Gem,13825
ENSMUSG00000028217,Cdh17,10189
ENSMUSG00000028218,Cibar1,9396
ENSMUSG00000028221,Pip4p2,12404
ENSMUSG00000028222,Calb1,37628
ENSMUSG00000028223,Decr1,19784
ENSMUSG00000028224,Nbn,7590
ENSMUSG00000028226,Mmp16,47806
ENSMUSG00000028228,Cpne3,36415
ENSMUSG00000028229,Rmdn1,34865
ENSMUSG00000028232,Tmem68,43726
ENSMUSG00000028233,Tgs1,25587
ENSMUSG00000028234,Rps20,16487
ENSMUSG00000028236,Sdr16c5,1385
ENSMUSG00000028238,Atp6v0d2,5096
ENSMUSG00000028240,Cyp7a1,4172
ENSMUSG00000028243,Ubxn2b,28124
ENSMUSG00000028245,Nsmaf,34909
ENSMUSG00000028246,Faxc,2627
ENSMUSG00000028247,Coq3,13046
ENSMUSG00000028248,Pnisr,55745
ENSMUSG00000028249,Sdcbp,69596
ENSMUSG00000028251,Tstd3,16605
ENSMUSG00000028252,Ccnc,50581
ENSMUSG00000028255,Clca1,3655
ENSMUSG00000028256,Odf2l,91540
ENSMUSG00000028259,Fhl5,15322
ENSMUSG00000028261,Ndufaf4,13093
ENSMUSG00000028262,Clca3a2,3654
ENSMUSG00000028264,Spaca1,4412
ENSMUSG00000028266,Lmo4,19829
ENSMUSG00000028268,Gbp3,27026
ENSMUSG00000028270,Gbp2,10176
ENSMUSG00000028271,Gtf2b,1455
ENSMUSG00000028273,Pdlim5,195978
ENSMUSG00000028274,Rngtt,32477
ENSMUSG00000028277,Ube2j1,31875
ENSMUSG00000028278,Rragd,24074
ENSMUSG00000028280,Gabrr1,4654
ENSMUSG00000028282,Casp8ap2,27714
ENSMUSG00000028284,Map3k7,41112
ENSMUSG00000028287,1700009N14Rik,2551
ENSMUSG00000028289,Epha7,111056
ENSMUSG00000028291,Akirin2,7873
ENSMUSG00000028292,Rars2,33037
ENSMUSG00000028293,Slc35a1,12065
ENSMUSG00000028294,Cfap206,12643
ENSMUSG00000028295,Smim8,23445
ENSMUSG00000028298,Cga,3010
ENSMUSG00000028300,C9orf72,61145
ENSMUSG00000028307,Aldob,18497
ENSMUSG00000028309,Rnf20,23292
ENSMUSG00000028310,Ppp3r2,9446
ENSMUSG00000028312,Smc2,16156
ENSMUSG00000028314,Toporsl,8036
ENSMUSG00000028318,Polr1e,17920
ENSMUSG00000028322,Exosc3,10212
ENSMUSG00000028327,Stra6l,16207
ENSMUSG00000028328,Tmod1,47205
ENSMUSG00000028329,Xpa,16367
ENSMUSG00000028330,Ncbp1,30727
ENSMUSG00000028331,Trmo,3095
ENSMUSG00000028332,Hemgn,6834
ENSMUSG00000028333,Anp32b,22233
ENSMUSG00000028334,Nans,10386
ENSMUSG00000028337,Coro2a,12402
ENSMUSG00000028339,Col15a1,22167
ENSMUSG00000028341,Nr4a3,5722
ENSMUSG00000028343,Erp44,24029
ENSMUSG00000028344,Invs,10649
ENSMUSG00000028345,Tex10,64495
ENSMUSG00000028347,Tmeff1,19558
ENSMUSG00000028348,Cavin4,2608
ENSMUSG00000028351,Brinp1,62132
ENSMUSG00000028354,Fmn2,17508
ENSMUSG00000028356,Ambp,2478
ENSMUSG00000028357,Kif12,4533
ENSMUSG00000028358,Zfp618,84202
ENSMUSG00000028359,Orm3,2490
ENSMUSG00000028360,Slc44a5,49594
ENSMUSG00000028362,Tnfsf8,7564
ENSMUSG00000028364,Tnc,94333
ENSMUSG00000028367,Txn1,11435
ENSMUSG00000028369,Svep1,11629
ENSMUSG00000028370,Pappa,11027
ENSMUSG00000028373,Astn2,22020
ENSMUSG00000028378,Ptgr1,12031
ENSMUSG00000028381,Ugcg,20548
ENSMUSG00000028382,Ptbp3,82946
ENSMUSG00000028383,Hsdl2,66363
ENSMUSG00000028385,Snx30,32839
ENSMUSG00000028386,Slc46a2,3085
ENSMUSG00000028389,Zfp37,32940
ENSMUSG00000028391,Wdr31,61512
ENSMUSG00000028392,Bspry,6327
ENSMUSG00000028393,Alad,35469
ENSMUSG00000028394,Pole3,9580
ENSMUSG00000028396,2310002L09Rik,10907
ENSMUSG00000028397,Kdm4c,59497
ENSMUSG00000028398,Dmac1,8145
ENSMUSG00000028399,Ptprd,293414
ENSMUSG00000028402,Mpdz,204757
ENSMUSG00000028403,Zdhhc21,102174
ENSMUSG00000028405,Aco1,84039
ENSMUSG00000028407,Smim27,1646
ENSMUSG00000028409,Smu1,131595
ENSMUSG00000028410,Dnaja1,103472
ENSMUSG00000028411,Aptx,68721
ENSMUSG00000028412,Slc44a1,47501
ENSMUSG00000028413,B4galt1,19340
ENSMUSG00000028414,Fktn,87847
ENSMUSG00000028415,Spink4,3147
ENSMUSG00000028416,Bag1,7238
ENSMUSG00000028417,Tal2,2971
ENSMUSG00000028419,Chmp5,6058
ENSMUSG00000028420,Tmem38b,29850
ENSMUSG00000028423,Nfx1,100346
ENSMUSG00000028426,Rad23b,21374
ENSMUSG00000028427,Aqp7,50202
ENSMUSG00000028430,Nol6,32192
ENSMUSG00000028431,Elp1,67272
ENSMUSG00000028433,Ubap2,119638
ENSMUSG00000028434,Epb41l4b,38724
ENSMUSG00000028435,Aqp3,5231
ENSMUSG00000028436,Dcaf12,31671
ENSMUSG00000028437,Ubap1,46909
ENSMUSG00000028438,Kif24,16628
ENSMUSG00000028439,Fam219a,27220
ENSMUSG00000028441,Spmip6,1998
ENSMUSG00000028443,Nudt2,18950
ENSMUSG00000028444,Cntfr,21001
ENSMUSG00000028445,Enho,1321
ENSMUSG00000028447,Dctn3,15031
ENSMUSG00000028451,Spata31g1,3727
ENSMUSG00000028452,Vcp,50807
ENSMUSG00000028453,Fancg,18927
ENSMUSG00000028454,Pigo,39352
ENSMUSG00000028455,Stoml2,43426
ENSMUSG00000028456,Unc13b,64777
ENSMUSG00000028457,Atp8b5,12382
ENSMUSG00000028458,Tesk1,27209
ENSMUSG00000028459,Cd72,25813
ENSMUSG00000028460,Sit1,1228
ENSMUSG00000028461,Ccdc107,3820
ENSMUSG00000028463,Car9,4181
ENSMUSG00000028464,Tpm2,70816
ENSMUSG00000028465,Tln1,25161
ENSMUSG00000028466,Creb3,20374
ENSMUSG00000028467,Gba2,29670
ENSMUSG00000028468,Rgp1,9093
ENSMUSG00000028469,Npr2,44249
ENSMUSG00000028470,Hint2,5906
ENSMUSG00000028475,Spaar,8659
ENSMUSG00000028476,Reck,17832
ENSMUSG00000028478,Clta,67264
ENSMUSG00000028479,Gne,81207
ENSMUSG00000028480,Glipr2,9142
ENSMUSG00000028483,Snapc3,18495
ENSMUSG00000028484,Psip1,78069
ENSMUSG00000028487,Bnc2,16716
ENSMUSG00000028488,Sh3gl2,25081
ENSMUSG00000028492,Saxo1,1892
ENSMUSG00000028494,Plin2,34154
ENSMUSG00000028495,Rps6,21437
ENSMUSG00000028496,Mllt3,27648
ENSMUSG00000028497,Hacd4,15842
ENSMUSG00000028514,Usp24,101958
ENSMUSG00000028517,Plpp3,24543
ENSMUSG00000028518,Prkaa2,7969
ENSMUSG00000028519,Dab1,242000
ENSMUSG00000028520,4921539E11Rik,6487
ENSMUSG00000028521,Slc35d1,14377
ENSMUSG00000028522,Mier1,37103
ENSMUSG00000028523,Dynlt5,10103
ENSMUSG00000028524,Sgip1,697782
ENSMUSG00000028525,Pde4b,36299
ENSMUSG00000028527,Ak4,30708
ENSMUSG00000028528,Dnajc6,53823
ENSMUSG00000028530,Jak1,172860
ENSMUSG00000028532,Cachd1,28486
ENSMUSG00000028533,Izumo3,2693
ENSMUSG00000028536,2610528J11Rik,2276
ENSMUSG00000028538,St3gal3,42990
ENSMUSG00000028539,Artn,12680
ENSMUSG00000028540,Dph2,19351
ENSMUSG00000028541,B4galt2,21574
ENSMUSG00000028542,Slc6a9,35730
ENSMUSG00000028544,Slc5a9,13106
ENSMUSG00000028545,Bend5,9113
ENSMUSG00000028546,Elavl4,50251
ENSMUSG00000028549,Itgb3bp,30886
ENSMUSG00000028550,Atg4c,177215
ENSMUSG00000028551,Cdkn2c,18275
ENSMUSG00000028552,Eps15,71621
ENSMUSG00000028553,Angptl3,3293
ENSMUSG00000028555,Ttc39a,27773
ENSMUSG00000028556,Dock7,47880
ENSMUSG00000028557,Rnf11,41260
ENSMUSG00000028558,Calr4,5984
ENSMUSG00000028559,Osbpl9,84538
ENSMUSG00000028560,Usp1,16945
ENSMUSG00000028563,Tm2d1,6927
ENSMUSG00000028565,Nfia,96023
ENSMUSG00000028567,Txndc12,12068
ENSMUSG00000028568,Btf3l4,67248
ENSMUSG00000028571,Cyp2j13,21156
ENSMUSG00000028572,Hook1,29112
ENSMUSG00000028573,Fggy,118942
ENSMUSG00000028575,Eqtn,4195
ENSMUSG00000028576,Ift74,62084
ENSMUSG00000028577,Plaa,103980
ENSMUSG00000028578,Caap1,25024
ENSMUSG00000028580,Pum1,883306
ENSMUSG00000028581,Laptm5,13169
ENSMUSG00000028582,Cc2d1b,55464
ENSMUSG00000028583,Pdpn,14820
ENSMUSG00000028584,Lrrc38,4335
ENSMUSG00000028587,Orc1,24184
ENSMUSG00000028589,Cfap107,2927
ENSMUSG00000028591,Pramel13,24421
ENSMUSG00000028593,Aadacl4fm1,1406
ENSMUSG00000028597,Gpx7,5612
ENSMUSG00000028599,Tnfrsf1b,4913
ENSMUSG00000028600,Podn,6314
ENSMUSG00000028601,Echdc2,20342
ENSMUSG00000028602,Tnfrsf8,3414
ENSMUSG00000028603,Scp2,31899
ENSMUSG00000028607,Cpt2,15296
ENSMUSG00000028608,Czib,26976
ENSMUSG00000028609,Magoh,3343
ENSMUSG00000028610,Dmrtb1,3869
ENSMUSG00000028613,Lrp8,213244
ENSMUSG00000028614,Ndc1,65965
ENSMUSG00000028617,Lrrc42,21605
ENSMUSG00000028618,Tmem59,17643
ENSMUSG00000028619,Tceanc2,49753
ENSMUSG00000028621,Cyb5rl,72008
ENSMUSG00000028622,Mrpl37,7829
ENSMUSG00000028626,Col9a2,8655
ENSMUSG00000028629,Exo5,4357
ENSMUSG00000028630,Dyrk2,34430
ENSMUSG00000028631,Kcnq4,49480
ENSMUSG00000028633,Ctps1,76738
ENSMUSG00000028634,Hivep3,22064
ENSMUSG00000028635,Edn2,1462
ENSMUSG00000028636,Ppcs,4992
ENSMUSG00000028637,Ccdc30,102210
ENSMUSG00000028639,Ybx1,19728
ENSMUSG00000028640,Tfap2c,23686
ENSMUSG00000028641,P3h1,21444
ENSMUSG00000028642,Tmem269,8076
ENSMUSG00000028643,Svbp,3441
ENSMUSG00000028644,Ermap,14987
ENSMUSG00000028645,Slc2a1,17764
ENSMUSG00000028646,Rragc,13803
ENSMUSG00000028647,Mycbp,12880
ENSMUSG00000028648,Ndufs5,6855
ENSMUSG00000028649,Macf1,75991
ENSMUSG00000028651,Ppie,8058
ENSMUSG00000028653,Trit1,7010
ENSMUSG00000028654,Mycl,17974
ENSMUSG00000028655,Mfsd2a,12725
ENSMUSG00000028656,Cap1,55860
ENSMUSG00000028657,Ppt1,24999
ENSMUSG00000028661,Epha8,9570
ENSMUSG00000028664,Ephb2,43729
ENSMUSG00000028668,Eloa,20690
ENSMUSG00000028669,Pithd1,9623
ENSMUSG00000028670,Lypla2,29766
ENSMUSG00000028671,Gale,13573
ENSMUSG00000028672,Hmgcl,24873
ENSMUSG00000028673,Fuca1,15194
ENSMUSG00000028675,Pnrc2,2814
ENSMUSG00000028676,Srsf10,33593
ENSMUSG00000028677,Rnf220,38411
ENSMUSG00000028678,Kif2c,14144
ENSMUSG00000028680,Plk3,12013
ENSMUSG00000028681,Ptch2,8775
ENSMUSG00000028683,Eif2b3,52903
ENSMUSG00000028684,Urod,36308
ENSMUSG00000028687,Mutyh,14732
ENSMUSG00000028688,Toe1,10034
ENSMUSG00000028689,Ccdc163,7213
ENSMUSG00000028690,Mmachc,17036
ENSMUSG00000028691,Prdx1,49204
ENSMUSG00000028692,Akr1a1,19493
ENSMUSG00000028693,Nasp,33644
ENSMUSG00000028696,Ipp,65647
ENSMUSG00000028698,Pik3r3,47909
ENSMUSG00000028699,Tspan1,3903
ENSMUSG00000028700,Pomgnt1,80466
ENSMUSG00000028701,Lurap1,9442
ENSMUSG00000028702,Rad54l,25626
ENSMUSG00000028703,Lrrc41,11534
ENSMUSG00000028706,Nsun4,6359
ENSMUSG00000028707,Dmbx1,13852
ENSMUSG00000028708,Mknk1,152567
ENSMUSG00000028709,Mob3c,16046
ENSMUSG00000028710,Atpaf1,32743
ENSMUSG00000028712,Cyp4a31,5012
ENSMUSG00000028713,Cyp4b1,12687
ENSMUSG00000028715,Cyp4a14,4762
ENSMUSG00000028716,Pdzk1ip1,3986
ENSMUSG00000028717,Tal1,21647
ENSMUSG00000028718,Stil,21275
ENSMUSG00000028719,Cmpk1,5112
ENSMUSG00000028729,Ebna1bp2,46863
ENSMUSG00000028730,Cfap57,7770
ENSMUSG00000028736,Pax7,17565
ENSMUSG00000028737,Aldh4a1,32733
ENSMUSG00000028738,Tas1r2,6007
ENSMUSG00000028741,Mrto4,7935
ENSMUSG00000028743,Akr7a5,3300
ENSMUSG00000028744,Slc66a1,18095
ENSMUSG00000028745,Capzb,39703
ENSMUSG00000028747,Htr6,6860
ENSMUSG00000028749,Pla2g2f,4996
ENSMUSG00000028750,Pla2g2c,16138
ENSMUSG00000028751,Pla2g2e,2355
ENSMUSG00000028753,Vwa5b1,26419
ENSMUSG00000028755,Cda,2455
ENSMUSG00000028756,Pink1,10186
ENSMUSG00000028757,Ddost,37094
ENSMUSG00000028758,Kif17,361791
ENSMUSG00000028759,Hp1bp3,233813
ENSMUSG00000028760,Eif4g3,42063
ENSMUSG00000028763,Hspg2,35429
ENSMUSG00000028766,Alpl,50912
ENSMUSG00000028771,Ptpn12,16834
ENSMUSG00000028772,Zcchc17,22979
ENSMUSG00000028773,Fabp3,7057
ENSMUSG00000028776,Tinagl1,35122
ENSMUSG00000028777,Gnat3,2002
ENSMUSG00000028778,Hcrtr1,8038
ENSMUSG00000028779,Pef1,13792
ENSMUSG00000028780,Sema3c,35024
ENSMUSG00000028782,Adgrb2,156106
ENSMUSG00000028784,Spocd1,3577
ENSMUSG00000028785,Hpca,71820
ENSMUSG00000028786,Tmem54,4209
ENSMUSG00000028788,Ptp4a2,140938
ENSMUSG00000028789,Azin2,85975
ENSMUSG00000028790,Khdrbs1,25935
ENSMUSG00000028792,Ak2,8901
ENSMUSG00000028793,Rnf19b,9629
ENSMUSG00000028794,A3galt2,6218
ENSMUSG00000028795,Ccdc28b,13081
ENSMUSG00000028796,Phc2,65222
ENSMUSG00000028797,Tmem234,9354
ENSMUSG00000028798,Eif3i,14032
ENSMUSG00000028799,Zfp362,7392
ENSMUSG00000028800,Hdac1,7531
ENSMUSG00000028801,Stpg1,2649
ENSMUSG00000028803,Nipal3,26110
ENSMUSG00000028804,Csmd2,13555
ENSMUSG00000028807,Zbtb8a,21231
ENSMUSG00000028809,Srrm1,188397
ENSMUSG00000028811,Yars1,38586
ENSMUSG00000028813,CK137956,3091
ENSMUSG00000028820,Sfpq,8346
ENSMUSG00000028821,Syf2,6798
ENSMUSG00000028822,Tmem50a,32090
ENSMUSG00000028825,Rhd,2977
ENSMUSG00000028826,Maco1,15214
ENSMUSG00000028830,AU040320,66867
ENSMUSG00000028832,Stmn1,34565
ENSMUSG00000028833,Ncdn,35069
ENSMUSG00000028834,Trim63,12558
ENSMUSG00000028836,Slc30a2,23427
ENSMUSG00000028837,Psmb2,34982
ENSMUSG00000028838,Extl1,45218
ENSMUSG00000028840,Zfp593,5989
ENSMUSG00000028841,Cnksr1,22962
ENSMUSG00000028842,Ago3,25543
ENSMUSG00000028843,Sh3bgrl3,4956
ENSMUSG00000028845,Tekt2,4551
ENSMUSG00000028847,Trappc3,7969
ENSMUSG00000028848,Gpn2,8804
ENSMUSG00000028849,Map7d1,212637
ENSMUSG00000028850,Gpatch3,2020
ENSMUSG00000028851,Nudc,16138
ENSMUSG00000028854,Slc9a1,5842
ENSMUSG00000028857,Tmem222,4404
ENSMUSG00000028859,Csf3r,38762
ENSMUSG00000028860,Sytl1,11885
ENSMUSG00000028861,Mrps15,4360
ENSMUSG00000028862,Map3k6,8712
ENSMUSG00000028863,Meaf6,32238
ENSMUSG00000028864,Hgf,22739
ENSMUSG00000028865,Cd164l2,7855
ENSMUSG00000028868,Wasf2,42391
ENSMUSG00000028869,Gnl2,14608
ENSMUSG00000028871,Rspo1,6321
ENSMUSG00000028873,Cdca8,7578
ENSMUSG00000028874,Fgr,16905
ENSMUSG00000028876,Epha10,42315
ENSMUSG00000028878,Fam76a,18777
ENSMUSG00000028879,Stx12,31722
ENSMUSG00000028882,Ppp1r8,12411
ENSMUSG00000028883,Sema3a,47684
ENSMUSG00000028884,Rpa2,1813
ENSMUSG00000028885,Smpdl3b,14117
ENSMUSG00000028886,Eya3,40592
ENSMUSG00000028889,Yrdc,3265
ENSMUSG00000028890,Mtf1,80042
ENSMUSG00000028893,Sesn2,16016
ENSMUSG00000028894,Inpp5b,31251
ENSMUSG00000028896,Rcc1,45066
ENSMUSG00000028898,Trnau1ap,11267
ENSMUSG00000028899,Taf12,98671
ENSMUSG00000028901,Gmeb1,61223
ENSMUSG00000028902,Sf3a3,21538
ENSMUSG00000028906,Epb41,135960
ENSMUSG00000028907,Utp11,6629
ENSMUSG00000028909,Ptpru,51830
ENSMUSG00000028910,Mecr,7467
ENSMUSG00000028911,Srsf4,14065
ENSMUSG00000028914,Casp9,13467
ENSMUSG00000028917,Plekhm2,68637
ENSMUSG00000028919,Arhgef19,91067
ENSMUSG00000028920,Fbxo42,35898
ENSMUSG00000028923,Necap2,10952
ENSMUSG00000028926,Cdk14,35082
ENSMUSG00000028927,Padi2,9630
ENSMUSG00000028931,Kcnab2,122889
ENSMUSG00000028932,Psmc2,40757
ENSMUSG00000028933,Xrcc2,17008
ENSMUSG00000028936,Rpl22,28197
ENSMUSG00000028937,Acot7,23747
ENSMUSG00000028938,Galntl5,7408
ENSMUSG00000028940,Hes2,5453
ENSMUSG00000028943,Espn,53923
ENSMUSG00000028944,Prkag2,44100
ENSMUSG00000028945,Rheb,11127
ENSMUSG00000028946,Hes3,4370
ENSMUSG00000028948,Nol9,18577
ENSMUSG00000028949,Smarcd3,22913
ENSMUSG00000028950,Tas1r1,2863
ENSMUSG00000028952,Zbtb48,20210
ENSMUSG00000028953,Abcf2,115440
ENSMUSG00000028954,Nub1,92278
ENSMUSG00000028955,Vamp3,8161
ENSMUSG00000028957,Per3,43767
ENSMUSG00000028958,Tmub1,6973
ENSMUSG00000028959,Fastk,54149
ENSMUSG00000028960,Ube4b,63979
ENSMUSG00000028961,Pgd,23342
ENSMUSG00000028962,Slc4a2,92319
ENSMUSG00000028963,Uts2,553
ENSMUSG00000028964,Park7,25266
ENSMUSG00000028965,Tnfrsf9,10434
ENSMUSG00000028967,Errfi1,59743
ENSMUSG00000028969,Cdk5,21483
ENSMUSG00000028970,Abcb1b,173977
ENSMUSG00000028971,Cort,1443
ENSMUSG00000028972,Car6,3027
ENSMUSG00000028973,Abcb8,15553
ENSMUSG00000028974,Dffa,12796
ENSMUSG00000028975,Pex14,25445
ENSMUSG00000028976,Slc2a5,16719
ENSMUSG00000028977,Casz1,16980
ENSMUSG00000028978,Nos3,24621
ENSMUSG00000028979,Masp2,18215
ENSMUSG00000028980,H6pd,102354
ENSMUSG00000028982,Slc25a33,16156
ENSMUSG00000028986,Klhl7,9297
ENSMUSG00000028988,Ctnnbip1,64249
ENSMUSG00000028989,Angptl7,2164
ENSMUSG00000028990,Lzic,43681
ENSMUSG00000028991,Mtor,19357
ENSMUSG00000028992,Nmnat1,17486
ENSMUSG00000028995,Hycc1,105922
ENSMUSG00000028996,Rbp7,1187
ENSMUSG00000028998,Tomm7,6205
ENSMUSG00000028999,Rint1,33317
ENSMUSG00000029001,Fbxo44,50943
ENSMUSG00000029003,Mad2l2,43674
ENSMUSG00000029004,Kmt2e,41176
ENSMUSG00000029005,Draxin,5200
ENSMUSG00000029007,Agtrap,11796
ENSMUSG00000029009,Mthfr,46423
ENSMUSG00000029012,Orc5,22690
ENSMUSG00000029014,Dnajc2,7823
ENSMUSG00000029015,Slc26a5,5743
ENSMUSG00000029016,Clcn6,31447
ENSMUSG00000029017,Pmpcb,19007
ENSMUSG00000029019,Nppb,5916
ENSMUSG00000029020,Mfn2,467153
ENSMUSG00000029022,Miip,44949
ENSMUSG00000029026,Trp73,23972
ENSMUSG00000029027,Dffb,4175
ENSMUSG00000029028,Lrrc47,6936
ENSMUSG00000029029,Wrap73,16107
ENSMUSG00000029030,Tprg1l,21695
ENSMUSG00000029032,Arhgef16,12081
ENSMUSG00000029033,Acap3,66875
ENSMUSG00000029034,Ints11,19958
ENSMUSG00000029036,Atad3a,27909
ENSMUSG00000029038,Ssu72,27003
ENSMUSG00000029047,Pex10,9439
ENSMUSG00000029048,Rer1,68458
ENSMUSG00000029049,Morn1,21330
ENSMUSG00000029050,Ski,11325
ENSMUSG00000029053,Prkcz,22309
ENSMUSG00000029054,Gabrd,22853
ENSMUSG00000029055,Plch2,59610
ENSMUSG00000029056,Pank4,25574
ENSMUSG00000029059,Prxl2b,24262
ENSMUSG00000029060,Mib2,170190
ENSMUSG00000029061,Mmp23,15662
ENSMUSG00000029062,Cdk11b,8438
ENSMUSG00000029063,Nadk,106733
ENSMUSG00000029064,Gnb1,150227
ENSMUSG00000029066,Mrpl20,7583
ENSMUSG00000029068,Ccnl2,26242
ENSMUSG00000029070,Mxra8,28077
ENSMUSG00000029071,Dvl1,87681
ENSMUSG00000029072,Tas1r3,3523
ENSMUSG00000029073,Cptp,7369
ENSMUSG00000029074,Ttll10,6034
ENSMUSG00000029075,Tnfrsf4,1037
ENSMUSG00000029076,Sdf4,83708
ENSMUSG00000029082,Bst1,2856
ENSMUSG00000029084,Cd38,16183
ENSMUSG00000029086,Prom1,72300
ENSMUSG00000029088,Kcnip4,11480
ENSMUSG00000029089,5730480H06Rik,4916
ENSMUSG00000029090,Adgra3,21985
ENSMUSG00000029093,Sorcs2,25209
ENSMUSG00000029094,Afap1,26960
ENSMUSG00000029095,Ablim2,42457
ENSMUSG00000029096,Htra3,22772
ENSMUSG00000029097,Trmt44,17160
ENSMUSG00000029098,Acox3,38786
ENSMUSG00000029101,Rgs12,46973
ENSMUSG00000029102,Hgfac,15322
ENSMUSG00000029103,Lrpap1,50468
ENSMUSG00000029104,Htt,39384
ENSMUSG00000029106,Add1,146862
ENSMUSG00000029108,Pcdh7,58234
ENSMUSG00000029110,Rnf4,41933
ENSMUSG00000029111,Nelfa,45767
ENSMUSG00000029112,Nkx1-1,1209
ENSMUSG00000029119,Man2b2,18221
ENSMUSG00000029120,Ppp2r2c,51313
ENSMUSG00000029121,Crmp1,17238
ENSMUSG00000029122,Evc,38922
ENSMUSG00000029123,Stk32b,3492
ENSMUSG00000029125,Stx18,21557
ENSMUSG00000029126,Nsg1,15214
ENSMUSG00000029127,Zbtb49,26937
ENSMUSG00000029128,Rab28,57308
ENSMUSG00000029130,Rnf32,24549
ENSMUSG00000029131,Dnajb6,84345
ENSMUSG00000029134,Plb1,13466
ENSMUSG00000029135,Fosl2,15669
ENSMUSG00000029136,Rbks,9060
ENSMUSG00000029138,Ccdc121,2502
ENSMUSG00000029141,Slc4a1ap,29748
ENSMUSG00000029145,Eif2b4,19532
ENSMUSG00000029146,Snx17,27711
ENSMUSG00000029147,Ppm1g,20221
ENSMUSG00000029148,Nrbp1,53630
ENSMUSG00000029149,Krtcap3,6688
ENSMUSG00000029151,Slc30a3,20607
ENSMUSG00000029152,Ociad1,68350
ENSMUSG00000029153,Ociad2,49848
ENSMUSG00000029154,Cwh43,7776
ENSMUSG00000029155,Spata18,9390
ENSMUSG00000029156,Sgcb,32553
ENSMUSG00000029158,Yipf7,2456
ENSMUSG00000029161,Cgref1,4229
ENSMUSG00000029162,Khk,37155
ENSMUSG00000029163,Emilin1,18765
ENSMUSG00000029165,Agbl5,54848
ENSMUSG00000029166,Mapre3,59140
ENSMUSG00000029167,Ppargc1a,38280
ENSMUSG00000029168,Dpysl5,27255
ENSMUSG00000029169,Dhx15,35935
ENSMUSG00000029171,Pgm2,5556
ENSMUSG00000029173,Sepsecs,10564
ENSMUSG00000029174,Tbc1d1,71800
ENSMUSG00000029175,Slc35f6,15658
ENSMUSG00000029176,Anapc4,62579
ENSMUSG00000029177,Cenpa,12514
ENSMUSG00000029178,Klf3,55781
ENSMUSG00000029179,Zcchc4,19494
ENSMUSG00000029182,Cimip2c,3554
ENSMUSG00000029184,Or12d17,17907
ENSMUSG00000029185,Fam114a1,29816
ENSMUSG00000029186,Pi4k2b,11095
ENSMUSG00000029188,Slc34a2,4176
ENSMUSG00000029189,Sel1l3,39883
ENSMUSG00000029190,D5Ertd579e,142664
ENSMUSG00000029191,Rfc1,79244
ENSMUSG00000029192,Tbc1d14,97321
ENSMUSG00000029193,Cckar,6869
ENSMUSG00000029195,Klb,9969
ENSMUSG00000029196,Tada2b,14542
ENSMUSG00000029198,Grpel1,13918
ENSMUSG00000029199,Lias,12121
ENSMUSG00000029201,Ugdh,24665
ENSMUSG00000029202,Pds5a,171209
ENSMUSG00000029203,Ube2k,41613
ENSMUSG00000029204,Rhoh,36406
ENSMUSG00000029205,Chrna9,1843
ENSMUSG00000029206,Nsun7,15582
ENSMUSG00000029207,Apbb2,123671
ENSMUSG00000029208,Guf1,26797
ENSMUSG00000029209,Gnpda2,17674
ENSMUSG00000029211,Gabra4,81730
ENSMUSG00000029212,Gabrb1,54755
ENSMUSG00000029213,Commd8,11466
ENSMUSG00000029217,Tec,43303
ENSMUSG00000029219,Slc10a4,3525
ENSMUSG00000029221,Slc30a9,100370
ENSMUSG00000029223,Uchl1,14430
ENSMUSG00000029227,Fip1l1,169027
ENSMUSG00000029228,Lnx1,85339
ENSMUSG00000029229,Chic2,44010
ENSMUSG00000029231,Pdgfra,53843
ENSMUSG00000029233,Srd5a3,7216
ENSMUSG00000029234,Tmem165,13199
ENSMUSG00000029235,Pdcl2,13443
ENSMUSG00000029236,Nmu,2384
ENSMUSG00000029238,Clock,135720
ENSMUSG00000029245,Epha5,169317
ENSMUSG00000029246,Ppat,15968
ENSMUSG00000029247,Paics,57523
ENSMUSG00000029248,Spmap2l,9394
ENSMUSG00000029249,Rest,95804
ENSMUSG00000029250,Polr2b,35876
ENSMUSG00000029253,Cenpc1,51525
ENSMUSG00000029254,Stap1,9807
ENSMUSG00000029255,Gnrhr,8559
ENSMUSG00000029260,Ugt2b34,7399
ENSMUSG00000029263,Pigg,39625
ENSMUSG00000029265,Dr1,6182
ENSMUSG00000029267,Mtf2,7949
ENSMUSG00000029268,Ugt2a2,9295
ENSMUSG00000029269,Sult1b1,15662
ENSMUSG00000029270,Dipk1a,25809
ENSMUSG00000029272,Sult1e1,1250
ENSMUSG00000029273,Sult1d1,2467
ENSMUSG00000029275,Gfi1,8156
ENSMUSG00000029276,Glmn,92415
ENSMUSG00000029279,Brdt,9518
ENSMUSG00000029280,Smr3a,1106
ENSMUSG00000029281,Smr2,2845
ENSMUSG00000029282,Amtn,1022
ENSMUSG00000029283,Cdc7,68376
ENSMUSG00000029286,Enam,10973
ENSMUSG00000029287,Tgfbr3,16792
ENSMUSG00000029288,Ambn,3793
ENSMUSG00000029290,Zfp326,7065
ENSMUSG00000029291,Rufy3,55367
ENSMUSG00000029298,Gbp9,29226
ENSMUSG00000029299,Abcg3,9253
ENSMUSG00000029304,Spp1,13493
ENSMUSG00000029306,Ibsp,8227
ENSMUSG00000029307,Dmp1,5878
ENSMUSG00000029309,Sparcl1,96977
ENSMUSG00000029310,Nudt9,8155
ENSMUSG00000029311,Hsd17b11,4140
ENSMUSG00000029312,Klhl8,104699
ENSMUSG00000029313,Aff1,17234
ENSMUSG00000029314,Gpat3,9158
ENSMUSG00000029319,Coq2,18888
ENSMUSG00000029320,1700016H13Rik,24474
ENSMUSG00000029321,Slc10a6,2124
ENSMUSG00000029322,Plac8,14438
ENSMUSG00000029326,Enoph1,18914
ENSMUSG00000029328,Hnrnpdl,37897
ENSMUSG00000029330,Cds1,43907
ENSMUSG00000029334,Prkg2,29369
ENSMUSG00000029335,Bmp3,15974
ENSMUSG00000029337,Fgf5,8467
ENSMUSG00000029338,Antxr2,67949
ENSMUSG00000029343,Crybb1,16279
ENSMUSG00000029344,Tpst2,73391
ENSMUSG00000029345,Tfip11,29659
ENSMUSG00000029346,Srrd,4161
ENSMUSG00000029348,Asphd2,11280
ENSMUSG00000029352,Crybb3,4102
ENSMUSG00000029359,Tesc,15204
ENSMUSG00000029361,Nos1,54654
ENSMUSG00000029363,Rfc5,22607
ENSMUSG00000029364,Wsb2,44020
ENSMUSG00000029366,Dck,15597
ENSMUSG00000029368,Alb,43811
ENSMUSG00000029369,Afm,16414
ENSMUSG00000029370,Rassf6,24323
ENSMUSG00000029371,Cxcl5,1575
ENSMUSG00000029372,Ppbp,9540
ENSMUSG00000029373,Pf4,9148
ENSMUSG00000029375,Cxcl15,2127
ENSMUSG00000029376,Mthfd2l,14477
ENSMUSG00000029377,Ereg,4452
ENSMUSG00000029378,Areg,1222
ENSMUSG00000029379,Cxcl3,1016
ENSMUSG00000029380,Cxcl1,959
ENSMUSG00000029381,Shroom3,32853
ENSMUSG00000029384,2010109A12Rik,1262
ENSMUSG00000029385,Ccng2,19635
ENSMUSG00000029387,Gtf2h3,37089
ENSMUSG00000029388,Eif2b1,13433
ENSMUSG00000029389,Ddx55,16247
ENSMUSG00000029390,Tmed2,4757
ENSMUSG00000029392,Rilpl1,55676
ENSMUSG00000029394,Cdk2ap1,38192
ENSMUSG00000029397,Rchy1,15652
ENSMUSG00000029401,Rilpl2,6121
ENSMUSG00000029402,Snrnp35,25714
ENSMUSG00000029403,Cdkl2,47291
ENSMUSG00000029404,Arl6ip4,8795
ENSMUSG00000029405,G3bp2,170758
ENSMUSG00000029406,Pitpnm2,141538
ENSMUSG00000029407,Uso1,118170
ENSMUSG00000029408,Abcb9,33129
ENSMUSG00000029409,U90926,1007
ENSMUSG00000029410,Ppef2,5214
ENSMUSG00000029413,Naaa,19420
ENSMUSG00000029414,Kntc1,27786
ENSMUSG00000029415,Sdad1,10037
ENSMUSG00000029416,Slc15a4,56378
ENSMUSG00000029417,Cxcl9,4148
ENSMUSG00000029419,Ajm1,12661
ENSMUSG00000029420,Rimbp2,118631
ENSMUSG00000029422,Rsrc2,28772
ENSMUSG00000029423,Piwil1,23369
ENSMUSG00000029426,Scarb2,9357
ENSMUSG00000029427,Zcchc8,23747
ENSMUSG00000029428,Stx2,40957
ENSMUSG00000029430,Ran,14572
ENSMUSG00000029431,B3gnt4,1423
ENSMUSG00000029432,Nipsnap2,26257
ENSMUSG00000029433,Diablo,24843
ENSMUSG00000029434,Vps33a,82902
ENSMUSG00000029436,Mmp17,48120
ENSMUSG00000029437,Il31,1791
ENSMUSG00000029438,Bcl7a,19342
ENSMUSG00000029439,Sfswap,25650
ENSMUSG00000029440,Psmd9,8409
ENSMUSG00000029442,Cfap251,9531
ENSMUSG00000029445,Hpd,24370
ENSMUSG00000029446,Psph,101526
ENSMUSG00000029447,Cct6a,26431
ENSMUSG00000029449,Rhof,8843
ENSMUSG00000029451,Pramel27,3241
ENSMUSG00000029452,Tmem116,11097
ENSMUSG00000029454,Mapkapk5,8514
ENSMUSG00000029455,Aldh2,30045
ENSMUSG00000029456,Acad10,25319
ENSMUSG00000029458,Brap,42819
ENSMUSG00000029461,Fam168a,80318
ENSMUSG00000029462,Vps29,23578
ENSMUSG00000029463,Fam216a,9833
ENSMUSG00000029464,Gpn3,6518
ENSMUSG00000029465,Arpc3,8844
ENSMUSG00000029466,Anapc7,41356
ENSMUSG00000029467,Atp2a2,94247
ENSMUSG00000029468,P2rx7,21409
ENSMUSG00000029469,Ift81,49940
ENSMUSG00000029470,P2rx4,18470
ENSMUSG00000029471,Camkk2,68107
ENSMUSG00000029472,Anapc5,89796
ENSMUSG00000029474,Rnf34,23088
ENSMUSG00000029475,Kdm2b,24759
ENSMUSG00000029477,Morn3,6877
ENSMUSG00000029478,Ncor2,82096
ENSMUSG00000029480,Dhx37,43056
ENSMUSG00000029482,Aacs,37239
ENSMUSG00000029484,Anxa3,22713
ENSMUSG00000029486,Mrpl1,31979
ENSMUSG00000029490,Slc49a3,5987
ENSMUSG00000029491,Pde6b,2813
ENSMUSG00000029499,Pxmp2,10697
ENSMUSG00000029500,Pgam5,6240
ENSMUSG00000029501,Ankle2,51283
ENSMUSG00000029502,Golga3,115154
ENSMUSG00000029503,P2rx2,11170
ENSMUSG00000029504,Ddx51,17015
ENSMUSG00000029505,Ep400,41894
ENSMUSG00000029507,Pus1,69008
ENSMUSG00000029510,Gpc2,5145
ENSMUSG00000029512,Ulk1,48447
ENSMUSG00000029513,Prkab1,6015
ENSMUSG00000029516,Cit,33331
ENSMUSG00000029517,Ankrd7,5860
ENSMUSG00000029518,Rab35,4472
ENSMUSG00000029521,Chek2,17613
ENSMUSG00000029522,Pla2g1b,3824
ENSMUSG00000029524,Sirt4,12041
ENSMUSG00000029526,1700123K08Rik,1939
ENSMUSG00000029528,Pxn,69548
ENSMUSG00000029530,Ccr9,32204
ENSMUSG00000029534,St7,42570
ENSMUSG00000029535,Triap1,3743
ENSMUSG00000029536,Gatc,5310
ENSMUSG00000029538,Srsf9,3041
ENSMUSG00000029541,Cyp2w1,1512
ENSMUSG00000029544,Cabp1,3994
ENSMUSG00000029545,Acads,14637
ENSMUSG00000029546,Uncx,4098
ENSMUSG00000029547,Ints1,56741
ENSMUSG00000029550,Sppl3,46071
ENSMUSG00000029551,Psmg3,6372
ENSMUSG00000029552,Tes,13827
ENSMUSG00000029553,Tfec,1787
ENSMUSG00000029554,Mad1l1,83429
ENSMUSG00000029556,Hnf1a,3203
ENSMUSG00000029557,Mrm2,2944
ENSMUSG00000029559,2210016L21Rik,14477
ENSMUSG00000029560,Snx8,45915
ENSMUSG00000029561,Oasl2,9312
ENSMUSG00000029563,Foxp2,85498
ENSMUSG00000029564,4930519G04Rik,5769
ENSMUSG00000029569,Tmem168,28841
ENSMUSG00000029570,Lfng,6981
ENSMUSG00000029571,Tmem106b,46333
ENSMUSG00000029575,Mmab,35846
ENSMUSG00000029576,Radil,33993
ENSMUSG00000029577,Ube3b,84778
ENSMUSG00000029578,Wipi2,72239
ENSMUSG00000029580,Actb,18803
ENSMUSG00000029581,Fscn1,4860
ENSMUSG00000029586,Spdye4b,3962
ENSMUSG00000029587,Zfp12,47437
ENSMUSG00000029591,Ung,15658
ENSMUSG00000029592,Usp30,31642
ENSMUSG00000029594,Rbm19,16719
ENSMUSG00000029595,Lhx5,2693
ENSMUSG00000029596,Sdsl,15864
ENSMUSG00000029597,Sds,6009
ENSMUSG00000029598,Plbd2,32910
ENSMUSG00000029599,Ddx54,40206
ENSMUSG00000029600,Rita1,29952
ENSMUSG00000029601,Iqcd,5180
ENSMUSG00000029602,Rasal1,72123
ENSMUSG00000029603,Dtx1,40673
ENSMUSG00000029605,Oas1b,1837
ENSMUSG00000029607,Ankrd61,8154
ENSMUSG00000029608,Rph3a,238993
ENSMUSG00000029610,Aimp2,16041
ENSMUSG00000029613,Eif2ak1,54722
ENSMUSG00000029614,Rpl6,11095
ENSMUSG00000029616,Erp29,16443
ENSMUSG00000029617,Ccz1,17975
ENSMUSG00000029618,Ocm,988
ENSMUSG00000029620,1700018F24Rik,2240
ENSMUSG00000029621,Arpc1a,23404
ENSMUSG00000029622,Arpc1b,34252
ENSMUSG00000029623,Pdap1,11935
ENSMUSG00000029624,Ptcd1,33889
ENSMUSG00000029625,Cpsf4,20785
ENSMUSG00000029627,Zkscan14,13401
ENSMUSG00000029629,Phf14,18476
ENSMUSG00000029630,Cyp3a25,21371
ENSMUSG00000029632,Ndufa4,15406
ENSMUSG00000029634,Rnf6,54034
ENSMUSG00000029635,Cdk8,69666
ENSMUSG00000029636,Wasf3,26244
ENSMUSG00000029638,Glcci1,33446
ENSMUSG00000029640,Usp12,12875
ENSMUSG00000029641,Rasl11a,1126
ENSMUSG00000029642,Polr1d,29976
ENSMUSG00000029644,Pdx1,2158
ENSMUSG00000029646,Cdx2,2272
ENSMUSG00000029647,Pan3,28215
ENSMUSG00000029648,Flt1,37729
ENSMUSG00000029649,Pomp,15628
ENSMUSG00000029650,Slc46a3,16954
ENSMUSG00000029651,Mtus2,40772
ENSMUSG00000029655,N4bp2l2,67635
ENSMUSG00000029656,C8b,12167
ENSMUSG00000029657,Hsph1,98514
ENSMUSG00000029658,Wdr95,5719
ENSMUSG00000029659,Medag,8443
ENSMUSG00000029660,Tex26,4757
ENSMUSG00000029661,Col1a2,36625
ENSMUSG00000029663,Gngt1,12313
ENSMUSG00000029664,Tfpi2,3355
ENSMUSG00000029669,Tspan12,85077
ENSMUSG00000029670,Ing3,11292
ENSMUSG00000029671,Wnt16,6195
ENSMUSG00000029672,Fam3c,57161
ENSMUSG00000029673,Auts2,34191
ENSMUSG00000029674,Limk1,13169
ENSMUSG00000029675,Eln,111128
ENSMUSG00000029676,Pot1a,21437
ENSMUSG00000029678,Hyal5,6073
ENSMUSG00000029679,Hyal6,3452
ENSMUSG00000029680,Hyal4,3269
ENSMUSG00000029681,Bcl7b,9910
ENSMUSG00000029682,Spam1,10980
ENSMUSG00000029683,Lmod2,2392
ENSMUSG00000029684,Wasl,10290
ENSMUSG00000029685,Asb15,47167
ENSMUSG00000029686,Cul1,95349
ENSMUSG00000029687,Ezh2,57871
ENSMUSG00000029695,Aass,7207
ENSMUSG00000029697,Fezf1,4689
ENSMUSG00000029699,Ssc4d,10766
ENSMUSG00000029700,Slc13a1,3554
ENSMUSG00000029701,Rbm28,25093
ENSMUSG00000029703,Lrwd1,35011
ENSMUSG00000029705,Cux1,149730
ENSMUSG00000029706,Pax4,5044
ENSMUSG00000029707,Fscn3,3799
ENSMUSG00000029708,Gcc1,24666
ENSMUSG00000029710,Ephb4,44884
ENSMUSG00000029711,Epo,2544
ENSMUSG00000029712,Actl6b,15181
ENSMUSG00000029713,Gnb2,48815
ENSMUSG00000029714,Gigyf1,5440
ENSMUSG00000029715,Pop7,1869
ENSMUSG00000029716,Tfr2,24817
ENSMUSG00000029718,Pcolce,11596
ENSMUSG00000029720,Gm20605,4464
ENSMUSG00000029722,Agfg2,29201
ENSMUSG00000029723,Tsc22d4,2202
ENSMUSG00000029725,Ppp1r35,2798
ENSMUSG00000029726,Mepce,3644
ENSMUSG00000029727,Cyp3a13,3594
ENSMUSG00000029729,Zkscan1,50641
ENSMUSG00000029730,Mcm7,27127
ENSMUSG00000029735,Tpk1,46436
ENSMUSG00000029736,Nobox,1893
ENSMUSG00000029752,Asns,129945
ENSMUSG00000029754,Dlx6,4568
ENSMUSG00000029755,Dlx5,2778
ENSMUSG00000029757,Dync1i1,163824
ENSMUSG00000029759,Pon3,10854
ENSMUSG00000029761,Cald1,52470
ENSMUSG00000029762,Akr1b8,3999
ENSMUSG00000029763,Exoc4,31421
ENSMUSG00000029765,Plxna4,15774
ENSMUSG00000029766,1700012A03Rik,2086
ENSMUSG00000029767,Calu,27452
ENSMUSG00000029769,Ccdc136,228676
ENSMUSG00000029771,Irf5,25030
ENSMUSG00000029772,Ahcyl2,72201
ENSMUSG00000029775,Klhdc10,18574
ENSMUSG00000029776,Hibadh,23052
ENSMUSG00000029777,Gars1,31130
ENSMUSG00000029778,Adcyap1r1,62915
ENSMUSG00000029780,Nt5c3,10118
ENSMUSG00000029781,Fkbp9,32056
ENSMUSG00000029782,Tmem209,34529
ENSMUSG00000029784,Ssmem1,3385
ENSMUSG00000029787,Avl9,33146
ENSMUSG00000029788,Cpa5,11203
ENSMUSG00000029790,Cep41,29273
ENSMUSG00000029797,Sspo,30979
ENSMUSG00000029798,Herc6,34020
ENSMUSG00000029802,Abcg2,167187
ENSMUSG00000029804,Herc3,24375
ENSMUSG00000029810,Tmem176b,59216
ENSMUSG00000029811,Aoc1,8242
ENSMUSG00000029813,Aoc1l2,2485
ENSMUSG00000029814,Igf2bp3,21232
ENSMUSG00000029815,Malsu1,15199
ENSMUSG00000029816,Gpnmb,11409
ENSMUSG00000029817,Tra2a,21124
ENSMUSG00000029819,Npy,7464
ENSMUSG00000029821,Gsdme,28461
ENSMUSG00000029822,Osbpl3,95444
ENSMUSG00000029823,Luc7l2,27204
ENSMUSG00000029826,Zc3hav1,59817
ENSMUSG00000029828,Spmip4,7982
ENSMUSG00000029829,Tmem213,631
ENSMUSG00000029830,Svopl,2366
ENSMUSG00000029831,Npvf,812
ENSMUSG00000029832,Nfe2l3,22902
ENSMUSG00000029833,Trim24,86922
ENSMUSG00000029836,Cbx3,29622
ENSMUSG00000029838,Ptn,48791
ENSMUSG00000029840,Mtpn,32653
ENSMUSG00000029843,Slc13a4,6770
ENSMUSG00000029844,Hoxa1,4308
ENSMUSG00000029847,Slc23a4,4229
ENSMUSG00000029848,Stra8,4514
ENSMUSG00000029851,Tcaf2,10506
ENSMUSG00000029859,Epha1,6492
ENSMUSG00000029860,Zyx,38729
ENSMUSG00000029861,Fam131b,12221
ENSMUSG00000029862,Clcn1,30277
ENSMUSG00000029863,Casp2,14027
ENSMUSG00000029864,Gstk1,4764
ENSMUSG00000029865,Sval1,1235
ENSMUSG00000029866,Kel,2530
ENSMUSG00000029867,Llcfc1,3996
ENSMUSG00000029868,Trpv6,2927
ENSMUSG00000029869,Ephb6,76908
ENSMUSG00000029875,Ccdc184,2977
ENSMUSG00000029882,Prss3b,2142
ENSMUSG00000029883,Prss59,3272
ENSMUSG00000029885,Moxd2,1860
ENSMUSG00000029909,Prss37,8386
ENSMUSG00000029910,Mad2l1,16028
ENSMUSG00000029911,Ssbp1,98609
ENSMUSG00000029913,Prdm5,32686
ENSMUSG00000029915,Clec5a,26473
ENSMUSG00000029916,Agk,33401
ENSMUSG00000029917,Qrfprl,2953
ENSMUSG00000029918,Mrps33,35480
ENSMUSG00000029919,Hpgds,20295
ENSMUSG00000029920,Smarcad1,54815
ENSMUSG00000029922,Mkrn1,54876
ENSMUSG00000029923,Rab19,3144
ENSMUSG00000029924,Slc37a3,194550
ENSMUSG00000029925,Tbxas1,19150
ENSMUSG00000029992,Gfpt1,21098
ENSMUSG00000029993,Nfu1,30010
ENSMUSG00000029994,Anxa4,28240
ENSMUSG00000029998,Pcyox1,30807
ENSMUSG00000029999,Tgfa,18699
ENSMUSG00000030000,Add2,108092
ENSMUSG00000030001,Figla,759
ENSMUSG00000030002,Dusp11,6435
ENSMUSG00000030004,Nat8,5864
ENSMUSG00000030007,Cct7,33897
ENSMUSG00000030008,Pradc1,13978
ENSMUSG00000030016,Zfp638,227752
ENSMUSG00000030017,Reg3g,3088
ENSMUSG00000030019,Fbxl14,2963
ENSMUSG00000030020,Prickle2,48208
ENSMUSG00000030022,Adamts9,29883
ENSMUSG00000030029,Lrig1,33000
ENSMUSG00000030030,1700003E16Rik,13782
ENSMUSG00000030031,Kbtbd8,9387
ENSMUSG00000030032,Wdr54,20025
ENSMUSG00000030034,Ino80b,5538
ENSMUSG00000030035,Wbp1,13151
ENSMUSG00000030036,Mogs,5285
ENSMUSG00000030037,Mrpl53,7258
ENSMUSG00000030041,M1ap,16384
ENSMUSG00000030042,Pole4,15052
ENSMUSG00000030043,Tacr1,14998
ENSMUSG00000030045,Mrpl19,12673
ENSMUSG00000030046,Bmp10,5454
ENSMUSG00000030047,Arhgap25,19721
ENSMUSG00000030048,Gkn3,2326
ENSMUSG00000030049,Gkn2,788
ENSMUSG00000030050,Gkn1,1250
ENSMUSG00000030051,Aplf,22169
ENSMUSG00000030054,Gp9,888
ENSMUSG00000030055,Rab43,19873
ENSMUSG00000030056,Isy1,5837
ENSMUSG00000030057,Cnbp,210996
ENSMUSG00000030058,Copg1,82083
ENSMUSG00000030059,Tmf1,16743
ENSMUSG00000030060,Hmces,12353
ENSMUSG00000030061,Uba3,65113
ENSMUSG00000030062,Rpn1,29674
ENSMUSG00000030064,Frmd4b,61102
ENSMUSG00000030067,Foxp1,219503
ENSMUSG00000030068,Gm20696,3560
ENSMUSG00000030069,Prok2,6393
ENSMUSG00000030074,Gxylt2,15232
ENSMUSG00000030075,Cntn3,27056
ENSMUSG00000030077,Chl1,206325
ENSMUSG00000030079,Ruvbl1,6341
ENSMUSG00000030082,Sec61a1,15078
ENSMUSG00000030083,Abtb1,13138
ENSMUSG00000030084,Plxna1,61508
ENSMUSG00000030086,Chchd6,13619
ENSMUSG00000030087,Klf15,36846
ENSMUSG00000030088,Aldh1l1,120968
ENSMUSG00000030089,Slc41a3,26188
ENSMUSG00000030091,Nup210,49267
ENSMUSG00000030092,Cntn6,49996
ENSMUSG00000030093,Wnt7a,9446
ENSMUSG00000030094,Xpc,28788
ENSMUSG00000030095,Tmem43,19037
ENSMUSG00000030096,Slc6a6,176176
ENSMUSG00000030098,Grip2,8212
ENSMUSG00000030101,Sumf1,33890
ENSMUSG00000030102,Itpr1,19755
ENSMUSG00000030103,Bhlhe40,10373
ENSMUSG00000030104,Edem1,29610
ENSMUSG00000030105,Arl8b,31833
ENSMUSG00000030107,Usp18,5296
ENSMUSG00000030108,Slc6a13,27329
ENSMUSG00000030109,Slc6a12,8802
ENSMUSG00000030110,Ret,11171
ENSMUSG00000030111,A2m,6239
ENSMUSG00000030114,Klrg1,4119
ENSMUSG00000030116,Mfap5,55135
ENSMUSG00000030117,Gdf3,7073
ENSMUSG00000030120,Mlf2,59703
ENSMUSG00000030122,Ptms,3562
ENSMUSG00000030123,Plxnd1,17433
ENSMUSG00000030124,Lag3,5552
ENSMUSG00000030125,Lrrc23,10820
ENSMUSG00000030126,Tmcc1,56352
ENSMUSG00000030127,Cops7a,74609
ENSMUSG00000030131,Mug2,4581
ENSMUSG00000030134,Rasgef1a,188017
ENSMUSG00000030137,Tuba8,7696
ENSMUSG00000030138,Bms1,32494
ENSMUSG00000030142,Clec4e,4949
ENSMUSG00000030143,Prb1c,1240
ENSMUSG00000030144,Clec4d,9786
ENSMUSG00000030145,Zfp248,43991
ENSMUSG00000030147,Clec4b1,2606
ENSMUSG00000030148,Clec4a2,14458
ENSMUSG00000030149,Klrk1,10999
ENSMUSG00000030154,Klrb1f,2610
ENSMUSG00000030155,Clec2e,2099
ENSMUSG00000030156,Cd69,3251
ENSMUSG00000030157,Clec2d,1214
ENSMUSG00000030158,Clec12b,3137
ENSMUSG00000030159,Clec1b,8506
ENSMUSG00000030160,Tmem52b,8508
ENSMUSG00000030161,Gabarapl1,12536
ENSMUSG00000030162,Olr1,5184
ENSMUSG00000030165,Klrd1,1983
ENSMUSG00000030166,Rad52,58743
ENSMUSG00000030167,Klrc1,6043
ENSMUSG00000030168,Adipor2,51147
ENSMUSG00000030170,Wnt5b,48450
ENSMUSG00000030172,Erc1,102513
ENSMUSG00000030173,Klra5,3380
ENSMUSG00000030177,Ccdc77,36861
ENSMUSG00000030180,Kdm5a,26690
ENSMUSG00000030187,Klra2,3365
ENSMUSG00000030188,Magohb,4078
ENSMUSG00000030189,Ybx3,21751
ENSMUSG00000030194,Tas2r116,918
ENSMUSG00000030196,Tas2r103,939
ENSMUSG00000030199,Etv6,14749
ENSMUSG00000030200,Bcl2l14,11139
ENSMUSG00000030201,Lrp6,18041
ENSMUSG00000030203,Dusp16,47431
ENSMUSG00000030204,Ddx47,12144
ENSMUSG00000030205,Gprc5d,2702
ENSMUSG00000030206,Gsg1,27034
ENSMUSG00000030207,Fam234b,38881
ENSMUSG00000030208,Emp1,8395
ENSMUSG00000030209,Grin2b,98996
ENSMUSG00000030213,Atf7ip,51916
ENSMUSG00000030214,Plbd1,13180
ENSMUSG00000030216,Wbp11,32943
ENSMUSG00000030217,Art4,2611
ENSMUSG00000030218,Mgp,2965
ENSMUSG00000030219,Erp27,1029
ENSMUSG00000030220,Arhgdib,44217
ENSMUSG00000030222,Rerg,12553
ENSMUSG00000030223,Ptpro,31112
ENSMUSG00000030224,Strap,16214
ENSMUSG00000030225,Dera,51846
ENSMUSG00000030226,Lmo3,140042
ENSMUSG00000030228,Pik3c2g,7860
ENSMUSG00000030230,Plcz1,2271
ENSMUSG00000030231,Plekha5,86785
ENSMUSG00000030232,Aebp2,54289
ENSMUSG00000030235,Slco1c1,76305
ENSMUSG00000030236,Slco1b2,32680
ENSMUSG00000030237,Slco1a4,17625
ENSMUSG00000030243,Recql,20256
ENSMUSG00000030244,Gys2,2663
ENSMUSG00000030245,Golt1b,30242
ENSMUSG00000030246,Ldhb,34654
ENSMUSG00000030247,Kcnj8,24481
ENSMUSG00000030249,Abcc9,234458
ENSMUSG00000030254,Rad18,74739
ENSMUSG00000030255,Sspn,22451
ENSMUSG00000030256,Bhlhe41,8514
ENSMUSG00000030257,Srgap3,35303
ENSMUSG00000030259,Rassf8,17719
ENSMUSG00000030263,Irag2,15581
ENSMUSG00000030264,Thumpd3,73236
ENSMUSG00000030265,Kras,40052
ENSMUSG00000030268,Bcat1,134485
ENSMUSG00000030269,Mtmr14,45397
ENSMUSG00000030270,Cpne9,13800
ENSMUSG00000030271,Ogg1,8664
ENSMUSG00000030272,Camk1,19354
ENSMUSG00000030275,Etnk1,42614
ENSMUSG00000030276,Ttll3,11257
ENSMUSG00000030278,Cidec,24058
ENSMUSG00000030279,C2cd5,256029
ENSMUSG00000030281,Il17rc,9288
ENSMUSG00000030282,Cmas,5118
ENSMUSG00000030283,St8sia1,8991
ENSMUSG00000030284,Creld1,28953
ENSMUSG00000030286,Emc3,61394
ENSMUSG00000030287,Itpr2,36813
ENSMUSG00000030291,Med21,3812
ENSMUSG00000030292,Smco2,5562
ENSMUSG00000030298,Sec13,10272
ENSMUSG00000030301,Ccdc91,133435
ENSMUSG00000030302,Atp2b2,565117
ENSMUSG00000030303,Far2,23293
ENSMUSG00000030304,Ergic2,63855
ENSMUSG00000030306,Tmtc1,79289
ENSMUSG00000030307,Slc6a11,4648
ENSMUSG00000030309,Caprin2,79628
ENSMUSG00000030310,Slc6a1,14110
ENSMUSG00000030313,Dennd5b,41961
ENSMUSG00000030314,Atg7,82958
ENSMUSG00000030315,Vgll4,2044
ENSMUSG00000030316,Tamm41,22443
ENSMUSG00000030317,Timp4,19039
ENSMUSG00000030319,Cand2,28291
ENSMUSG00000030321,Efcab12,4902
ENSMUSG00000030322,Mbd4,27406
ENSMUSG00000030323,Ift122,134125
ENSMUSG00000030324,Rho,8644
ENSMUSG00000030325,Klrb1c,12589
ENSMUSG00000030327,Necap1,9774
ENSMUSG00000030329,Pianp,35857
ENSMUSG00000030330,Ing4,4961
ENSMUSG00000030335,Mrpl51,14399
ENSMUSG00000030336,Cd27,5672
ENSMUSG00000030337,Vamp1,18637
ENSMUSG00000030339,Ltbr,8491
ENSMUSG00000030340,Scnn1a,13614
ENSMUSG00000030341,Tnfrsf1a,14992
ENSMUSG00000030342,Cd9,15508
ENSMUSG00000030344,Akap3,17594
ENSMUSG00000030345,Dyrk4,2883
ENSMUSG00000030346,Rad51ap1,22400
ENSMUSG00000030347,D6Wsu163e,34125
ENSMUSG00000030350,Prmt8,34725
ENSMUSG00000030351,Tspan11,15475
ENSMUSG00000030352,Tspan9,52637
ENSMUSG00000030353,Tead4,13451
ENSMUSG00000030357,Fkbp4,32610
ENSMUSG00000030359,Pzp,10251
ENSMUSG00000030361,Klrb1a,4317
ENSMUSG00000030364,Clec2h,5905
ENSMUSG00000030365,Clec2i,14000
ENSMUSG00000030366,Ceacam12,4450
ENSMUSG00000030368,Ceacam11,1054
ENSMUSG00000030373,Psg28,1949
ENSMUSG00000030374,Strn4,7049
ENSMUSG00000030376,Slc8a2,13785
ENSMUSG00000030378,Sult2a8,21804
ENSMUSG00000030380,Mzf1,89022
ENSMUSG00000030382,Slc27a5,14533
ENSMUSG00000030385,2900092C05Rik,1650
ENSMUSG00000030386,Zfp606,58259
ENSMUSG00000030393,Zik1,17334
ENSMUSG00000030397,Mark4,43053
ENSMUSG00000030399,Ckm,226618
ENSMUSG00000030400,Ercc2,20417
ENSMUSG00000030401,Rtn2,17223
ENSMUSG00000030402,Ppm1n,3312
ENSMUSG00000030403,Vasp,126474
ENSMUSG00000030406,Gipr,9310
ENSMUSG00000030407,Qpctl,21266
ENSMUSG00000030409,Dmpk,102011
ENSMUSG00000030410,Dmwd,23113
ENSMUSG00000030411,Nova2,24853
ENSMUSG00000030413,Pglyrp1,1237
ENSMUSG00000030417,Pdcd5,1481
ENSMUSG00000030421,Uri1,3997
ENSMUSG00000030423,Pop4,14941
ENSMUSG00000030427,Lilra6,15077
ENSMUSG00000030428,Ttyh1,138730
ENSMUSG00000030431,Tmem238,1375
ENSMUSG00000030432,Rpl28,22838
ENSMUSG00000030433,Sbk2,18828
ENSMUSG00000030435,U2af2,21636
ENSMUSG00000030443,Zfp583,15646
ENSMUSG00000030446,Zfp273,14354
ENSMUSG00000030447,Cyfip1,155709
ENSMUSG00000030450,Oca2,19727
ENSMUSG00000030451,Herc2,53268
ENSMUSG00000030452,Nipa2,59173
ENSMUSG00000030463,4933421I07Rik,1413
ENSMUSG00000030465,Psd3,72498
ENSMUSG00000030468,Siglecg,4987
ENSMUSG00000030469,Zfp719,49209
ENSMUSG00000030470,Csrp3,17378
ENSMUSG00000030471,Zdhhc13,9608
ENSMUSG00000030472,Ceacam18,3294
ENSMUSG00000030474,Siglece,17396
ENSMUSG00000030483,Cyp2b10,7571
ENSMUSG00000030484,Lypd5,4884
ENSMUSG00000030486,Zfp108,53222
ENSMUSG00000030491,Tdrd12,18417
ENSMUSG00000030492,Slc7a9,9429
ENSMUSG00000030493,Faap24,3232
ENSMUSG00000030494,Rhpn2,10359
ENSMUSG00000030495,Slc7a10,52546
ENSMUSG00000030498,Gas2,45004
ENSMUSG00000030499,Kctd15,29426
ENSMUSG00000030500,Slc17a6,4457
ENSMUSG00000030505,Prmt3,35420
ENSMUSG00000030507,Dbx1,2166
ENSMUSG00000030509,Asb7,52923
ENSMUSG00000030510,Cers3,4409
ENSMUSG00000030512,Snrpa1,12499
ENSMUSG00000030513,Pcsk6,13653
ENSMUSG00000030515,Tars3,15851
ENSMUSG00000030516,Tjp1,56020
ENSMUSG00000030518,Entrep2,22782
ENSMUSG00000030519,Apba2,223025
ENSMUSG00000030521,Mphosph10,4493
ENSMUSG00000030522,Mtmr10,16292
ENSMUSG00000030523,Trpm1,60799
ENSMUSG00000030525,Chrna7,16722
ENSMUSG00000030527,Crtc3,16174
ENSMUSG00000030528,Blm,46409
ENSMUSG00000030530,Furin,50710
ENSMUSG00000030532,Hddc3,13992
ENSMUSG00000030533,Unc45a,22949
ENSMUSG00000030534,Vps33b,41831
ENSMUSG00000030536,Iqgap1,32523
ENSMUSG00000030538,Cib1,9305
ENSMUSG00000030539,Sema4b,18872
ENSMUSG00000030541,Idh2,30868
ENSMUSG00000030543,Mesp2,1944
ENSMUSG00000030544,Mesp1,1275
ENSMUSG00000030545,Pex11a,4462
ENSMUSG00000030546,Plin1,37742
ENSMUSG00000030549,Rhcg,9608
ENSMUSG00000030551,Nr2f2,11614
ENSMUSG00000030553,Pgpep1l,3170
ENSMUSG00000030554,Synm,25617
ENSMUSG00000030555,Ttc23,90398
ENSMUSG00000030556,Lrrc28,23131
ENSMUSG00000030557,Mef2a,177663
ENSMUSG00000030559,Rab38,9562
ENSMUSG00000030560,Ctsc,16666
ENSMUSG00000030562,Nox4,5760
ENSMUSG00000030577,Cd22,24160
ENSMUSG00000030579,Tyrobp,2402
ENSMUSG00000030583,Sipa1l3,35287
ENSMUSG00000030584,Dpf1,18572
ENSMUSG00000030587,2200002D01Rik,2895
ENSMUSG00000030588,Yif1b,15614
ENSMUSG00000030589,Rasgrp4,36154
ENSMUSG00000030590,Fam98c,4892
ENSMUSG00000030591,Psmd8,8258
ENSMUSG00000030592,Ryr1,30658
ENSMUSG00000030595,Nfkbib,9021
ENSMUSG00000030598,Fbxo17,18234
ENSMUSG00000030600,Lrfn1,9912
ENSMUSG00000030602,Pak4,11269
ENSMUSG00000030603,Psmc4,19992
ENSMUSG00000030604,Zfp626,6145
ENSMUSG00000030605,Mfge8,14327
ENSMUSG00000030606,Hapln3,16374
ENSMUSG00000030607,Acan,7622
ENSMUSG00000030609,Aen,46227
ENSMUSG00000030610,Det1,18148
ENSMUSG00000030611,Mrps11,6755
ENSMUSG00000030612,Mrpl46,3579
ENSMUSG00000030613,Ccdc90b,9005
ENSMUSG00000030614,Tmem126b,39734
ENSMUSG00000030615,Tmem126a,5687
ENSMUSG00000030616,Sytl2,46430
ENSMUSG00000030617,Ccdc83,5811
ENSMUSG00000030619,Eed,3596
ENSMUSG00000030621,Me3,117586
ENSMUSG00000030629,Zfand6,97479
ENSMUSG00000030630,Fah,15418
ENSMUSG00000030638,Sh3gl3,9193
ENSMUSG00000030641,Ddias,9301
ENSMUSG00000030643,Rab30,103484
ENSMUSG00000030647,Ndufc2,3843
ENSMUSG00000030649,Anapc15,72137
ENSMUSG00000030650,Tmc5,14150
ENSMUSG00000030651,Art2b,6173
ENSMUSG00000030652,Coq7,11139
ENSMUSG00000030653,Gm45837,4139
ENSMUSG00000030654,Arl6ip1,21792
ENSMUSG00000030655,Smg1,15561
ENSMUSG00000030657,Xylt1,27757
ENSMUSG00000030659,Nucb2,16366
ENSMUSG00000030660,Pik3c2a,70668
ENSMUSG00000030662,Ipo5,137739
ENSMUSG00000030663,1110004F10Rik,19219
ENSMUSG00000030666,Calcb,5407
ENSMUSG00000030669,Calca,10344
ENSMUSG00000030670,Cyp2r1,14276
ENSMUSG00000030671,Pde3b,39809
ENSMUSG00000030672,Mylpf,14328
ENSMUSG00000030674,Qprt,14844
ENSMUSG00000030677,Kif22,2115
ENSMUSG00000030678,Maz,9056
ENSMUSG00000030680,Pagr1a,7082
ENSMUSG00000030681,Mvp,27971
ENSMUSG00000030682,Cdipt,42342
ENSMUSG00000030683,Sez6l2,75203
ENSMUSG00000030685,Kctd13,10061
ENSMUSG00000030688,Stard10,20961
ENSMUSG00000030689,Ino80e,32393
ENSMUSG00000030691,Fchsd2,41586
ENSMUSG00000030693,Klk10,7027
ENSMUSG00000030695,Aldoa,86306
ENSMUSG00000030697,Ppp4c,27643
ENSMUSG00000030699,Tbx6,3457
ENSMUSG00000030701,Plekhb1,45694
ENSMUSG00000030703,Gdpd3,2397
ENSMUSG00000030704,Rab6a,45448
ENSMUSG00000030706,Mrpl48,33509
ENSMUSG00000030707,Coro1a,33050
ENSMUSG00000030708,Dnajb13,6824
ENSMUSG00000030711,Sult1a1,6699
ENSMUSG00000030713,Klk7,1921
ENSMUSG00000030714,Sgf29,14992
ENSMUSG00000030717,Nupr1,6146
ENSMUSG00000030718,Ppme1,37900
ENSMUSG00000030720,Cln3,24198
ENSMUSG00000030722,Nfatc2ip,14979
ENSMUSG00000030724,Cd19,4913
ENSMUSG00000030725,Lipt2,3045
ENSMUSG00000030726,Pold3,49281
ENSMUSG00000030727,Rabep2,13678
ENSMUSG00000030729,Pgm2l1,12705
ENSMUSG00000030730,Atp2a1,305841
ENSMUSG00000030731,Syt3,116511
ENSMUSG00000030732,Chrdl2,3006
ENSMUSG00000030733,Sh2b1,170178
ENSMUSG00000030737,Slco2b1,24871
ENSMUSG00000030738,Eif3c,23234
ENSMUSG00000030739,Myh14,50069
ENSMUSG00000030741,Spns1,21278
ENSMUSG00000030742,Lat,6426
ENSMUSG00000030744,Rps3,21642
ENSMUSG00000030745,Il21r,5015
ENSMUSG00000030747,Dgat2,26148
ENSMUSG00000030748,Il4ra,65117
ENSMUSG00000030750,Nsmce1,40239
ENSMUSG00000030751,Psma1,22451
ENSMUSG00000030752,Kdm8,7310
ENSMUSG00000030753,Thap12,18781
ENSMUSG00000030754,Copb1,62623
ENSMUSG00000030757,Zkscan2,18785
ENSMUSG00000030759,Far1,54967
ENSMUSG00000030760,Acer3,91240
ENSMUSG00000030761,Myo7a,42411
ENSMUSG00000030762,Aqp8,5619
ENSMUSG00000030763,Lcmt1,19100
ENSMUSG00000030766,Arhgap17,37622
ENSMUSG00000030768,Disp1,53961
ENSMUSG00000030769,Slc5a11,4418
ENSMUSG00000030770,Parva,33993
ENSMUSG00000030772,Dkk3,96055
ENSMUSG00000030774,Pak1,181061
ENSMUSG00000030775,Trat1,14010
ENSMUSG00000030779,Rbbp6,19776
ENSMUSG00000030780,Rusf1,19099
ENSMUSG00000030781,Slc5a2,2277
ENSMUSG00000030782,Tgfb1i1,43640
ENSMUSG00000030785,Cox6a2,1904
ENSMUSG00000030786,Itgam,31843
ENSMUSG00000030787,Lyve1,8193
ENSMUSG00000030788,Rnf141,56508
ENSMUSG00000030789,Itgax,17274
ENSMUSG00000030790,Adm,2792
ENSMUSG00000030792,Dkkl1,9463
ENSMUSG00000030793,Pycard,22366
ENSMUSG00000030795,Fus,56523
ENSMUSG00000030796,Tead2,23846
ENSMUSG00000030798,Cd37,10470
ENSMUSG00000030800,Prss8,3597
ENSMUSG00000030801,Kat8,4731
ENSMUSG00000030802,Bckdk,43576
ENSMUSG00000030804,Gm21974,2037
ENSMUSG00000030805,Stx4a,11468
ENSMUSG00000030806,Stx1b,24779
ENSMUSG00000030811,Fbxl19,55925
ENSMUSG00000030814,Bcl7c,24390
ENSMUSG00000030815,Phkg2,16893
ENSMUSG00000030816,Rnf40,103818
ENSMUSG00000030822,Prr14,15511
ENSMUSG00000030823,Zfp747l1,10893
ENSMUSG00000030824,Nucb1,54838
ENSMUSG00000030825,Hsd17b14,6455
ENSMUSG00000030826,Bcat2,21422
ENSMUSG00000030827,Fgf21,3631
ENSMUSG00000030830,Itgal,24210
ENSMUSG00000030834,Abcc6,11074
ENSMUSG00000030835,Nomo1,78431
ENSMUSG00000030838,Ush1c,32083
ENSMUSG00000030839,Sergef,73782
ENSMUSG00000030842,Lamtor1,1854
ENSMUSG00000030844,Rgs10,8025
ENSMUSG00000030846,Tial1,29719
ENSMUSG00000030847,Bag3,9136
ENSMUSG00000030849,Fgfr2,84630
ENSMUSG00000030850,Ate1,105399
ENSMUSG00000030851,Ldhc,21992
ENSMUSG00000030852,Tacc2,76282
ENSMUSG00000030854,Ptpn5,91684
ENSMUSG00000030858,Fam24b,1040
ENSMUSG00000030859,Fam24a,4493
ENSMUSG00000030861,Acadsb,73062
ENSMUSG00000030862,Cpxm2,28108
ENSMUSG00000030865,Chp2,6789
ENSMUSG00000030866,Ern2,2914
ENSMUSG00000030867,Plk1,6636
ENSMUSG00000030868,Dctn5,5233
ENSMUSG00000030869,Ndufab1,15949
ENSMUSG00000030870,Ubfd1,34615
ENSMUSG00000030871,Ears2,19988
ENSMUSG00000030872,Gga2,41410
ENSMUSG00000030873,Scnn1b,5593
ENSMUSG00000030876,Mettl9,20336
ENSMUSG00000030877,Mfsd13b,64997
ENSMUSG00000030878,Cdr2,2525
ENSMUSG00000030879,Mrpl17,43915
ENSMUSG00000030880,Polr3e,38725
ENSMUSG00000030881,Arfip2,48827
ENSMUSG00000030882,Dnhd1,15695
ENSMUSG00000030884,Uqcrc2,28292
ENSMUSG00000030887,Pdzd9,8723
ENSMUSG00000030888,Rrp8,23479
ENSMUSG00000030889,Vwa3a,22500
ENSMUSG00000030890,Ilk,18115
ENSMUSG00000030894,Tpp1,17049
ENSMUSG00000030895,Hpx,6931
ENSMUSG00000030897,Cnga4,6925
ENSMUSG00000030898,Cckbr,13042
ENSMUSG00000030905,Crym,7436
ENSMUSG00000030909,Anks4b,3930
ENSMUSG00000030911,Zp2,4455
ENSMUSG00000030917,Ldaf1,17673
ENSMUSG00000030921,Trim30a,34913
ENSMUSG00000030922,Lyrm1,80697
ENSMUSG00000030924,Rexo5,25719
ENSMUSG00000030929,Eri2,14346
ENSMUSG00000030930,Chst15,65754
ENSMUSG00000030934,Oat,53294
ENSMUSG00000030935,Acsm3,35397
ENSMUSG00000030942,Thumpd1,16842
ENSMUSG00000030945,Acsm2,19877
ENSMUSG00000030946,Lhpp,15538
ENSMUSG00000030954,Gp2,7762
ENSMUSG00000030956,Fam53b,63539
ENSMUSG00000030960,Eef1akmt2,51313
ENSMUSG00000030963,Umod,5208
ENSMUSG00000030965,Abraxas2,2892
ENSMUSG00000030966,Trim21,11163
ENSMUSG00000030967,Zranb1,71982
ENSMUSG00000030968,Pdilt,2146
ENSMUSG00000030970,Ctbp2,7971
ENSMUSG00000030972,Acsm5,15603
ENSMUSG00000030976,Tex36,4880
ENSMUSG00000030978,Rrm1,32592
ENSMUSG00000030979,Uros,52053
ENSMUSG00000030980,Knop1,76475
ENSMUSG00000030981,Mmp21,3543
ENSMUSG00000030982,Vps35l,124753
ENSMUSG00000030983,Bccip,7359
ENSMUSG00000030986,Dhx32,94982
ENSMUSG00000030987,Stim1,16091
ENSMUSG00000030990,Pgap2,70074
ENSMUSG00000030994,D7Ertd443e,7752
ENSMUSG00000030996,Art1,40788
ENSMUSG00000031004,Mki67,28824
ENSMUSG00000031007,Atp6ap2,37296
ENSMUSG00000031010,Usp9x,39372
ENSMUSG00000031012,Cask,99615
ENSMUSG00000031015,Swap70,24231
ENSMUSG00000031016,Wee1,33728
ENSMUSG00000031021,Tmem9b,8833
ENSMUSG00000031022,BC051019,3625
ENSMUSG00000031023,Akip1,29080
ENSMUSG00000031024,Dennd2b,34628
ENSMUSG00000031026,Trim66,27570
ENSMUSG00000031027,Stk33,31397
ENSMUSG00000031028,Tub,24523
ENSMUSG00000031029,Eif3f,18508
ENSMUSG00000031059,Ndufb11,7930
ENSMUSG00000031060,Rbm10,121986
ENSMUSG00000031065,Cdk16,80080
ENSMUSG00000031066,Usp11,30405
ENSMUSG00000031068,Glrx3,40350
ENSMUSG00000031070,Mrgprf,4683
ENSMUSG00000031072,LTO1,18605
ENSMUSG00000031073,Fgf15,1810
ENSMUSG00000031074,Fgf3,3032
ENSMUSG00000031075,Ano1,51277
ENSMUSG00000031077,Fadd,3914
ENSMUSG00000031078,Cttn,145856
ENSMUSG00000031079,Zfp300,10366
ENSMUSG00000031085,Acte1,13067
ENSMUSG00000031089,Slc6a14,3434
ENSMUSG00000031090,Nadsyn1,13356
ENSMUSG00000031093,Dock11,28894
ENSMUSG00000031095,Cul4b,42103
ENSMUSG00000031097,Tnni2,1572
ENSMUSG00000031098,Syt8,5610
ENSMUSG00000031099,Smarca1,27017
ENSMUSG00000031101,Sash3,5638
ENSMUSG00000031103,Elf4,31023
ENSMUSG00000031104,Rab33a,7729
ENSMUSG00000031105,Slc25a14,53775
ENSMUSG00000031107,Rbmx2,3491
ENSMUSG00000031109,Enox2,189053
ENSMUSG00000031111,Igsf1,62696
ENSMUSG00000031112,Stk26,17491
ENSMUSG00000031118,Magea14,31108
ENSMUSG00000031119,Gpc4,26409
ENSMUSG00000031125,3830403N18Rik,11081
ENSMUSG00000031129,Slc9a9,12375
ENSMUSG00000031130,Brs3,2772
ENSMUSG00000031131,Vgll1,6723
ENSMUSG00000031132,Cd40lg,1848
ENSMUSG00000031133,Arhgef6,17107
ENSMUSG00000031134,Rbmx,21827
ENSMUSG00000031137,Fgf13,13166
ENSMUSG00000031138,F9,2734
ENSMUSG00000031139,Mcf2,45870
ENSMUSG00000031142,Cacna1f,12137
ENSMUSG00000031143,Ccdc22,2353
ENSMUSG00000031144,Syp,30598
ENSMUSG00000031145,Prickle3,11837
ENSMUSG00000031146,Plp2,9103
ENSMUSG00000031147,Magix,13840
ENSMUSG00000031148,Gpkow,7134
ENSMUSG00000031149,Praf2,3950
ENSMUSG00000031150,Ccdc120,3658
ENSMUSG00000031153,Gripap1,156313
ENSMUSG00000031154,Otud5,19119
ENSMUSG00000031155,Pim2,2063
ENSMUSG00000031156,Slc35a2,23323
ENSMUSG00000031157,Pqbp1,4863
ENSMUSG00000031158,Timm17b,7888
ENSMUSG00000031160,Eras,2150
ENSMUSG00000031161,Hdac6,93060
ENSMUSG00000031162,Gata1,3705
ENSMUSG00000031163,Glod5,1238
ENSMUSG00000031165,Was,2401
ENSMUSG00000031166,Wdr13,40710
ENSMUSG00000031167,Rbm3,56668
ENSMUSG00000031168,Ebp,11296
ENSMUSG00000031169,Porcn,41756
ENSMUSG00000031170,Slc38a5,12825
ENSMUSG00000031171,Ftsj1,67078
ENSMUSG00000031173,Otc,18016
ENSMUSG00000031174,Rpgr,88579
ENSMUSG00000031176,Dynlt3,8669
ENSMUSG00000031179,Magea9,3310
ENSMUSG00000031181,Ctag2,9258
ENSMUSG00000031182,4930447F04Rik,703
ENSMUSG00000031189,Aff2,6500
ENSMUSG00000031196,F8,19358
ENSMUSG00000031197,Vbp1,16670
ENSMUSG00000031198,Fundc2,9922
ENSMUSG00000031200,Mtcp1,4922
ENSMUSG00000031201,Brcc3,26373
ENSMUSG00000031202,Rab39b,9906
ENSMUSG00000031204,Asb12,2841
ENSMUSG00000031207,Msn,34181
ENSMUSG00000031209,Heph,83927
ENSMUSG00000031210,Gpr165,5640
ENSMUSG00000031212,Pgr15l,5379
ENSMUSG00000031214,Ophn1,42807
ENSMUSG00000031216,Stard8,76309
ENSMUSG00000031217,Efnb1,12055
ENSMUSG00000031220,Awat2,3627
ENSMUSG00000031221,Igbp1,6633
ENSMUSG00000031224,Magee2,2316
ENSMUSG00000031226,Pbdc1,21380
ENSMUSG00000031227,Magee1,3550
ENSMUSG00000031229,Atrx,23640
ENSMUSG00000031230,Fgf16,1661
ENSMUSG00000031231,Cox7b,11974
ENSMUSG00000031232,Magt1,26158
ENSMUSG00000031233,Pgk2,1626
ENSMUSG00000031239,Itm2a,22038
ENSMUSG00000031241,Tbx22,16348
ENSMUSG00000031242,Chmp1b2,5910
ENSMUSG00000031245,Hmgn5,14398
ENSMUSG00000031246,Sh3bgrl,23238
ENSMUSG00000031250,Tnmd,5634
ENSMUSG00000031253,Srpx2,21538
ENSMUSG00000031255,Sytl4,16841
ENSMUSG00000031256,Cstf2,51444
ENSMUSG00000031257,Nox1,6560
ENSMUSG00000031258,Xkrx,7629
ENSMUSG00000031262,Cenpi,35879
ENSMUSG00000031264,Btk,4709
ENSMUSG00000031266,Gla,9405
ENSMUSG00000031271,Serpina7,6187
ENSMUSG00000031273,Col4a6,6648
ENSMUSG00000031274,Col4a5,27149
ENSMUSG00000031278,Acsl4,99062
ENSMUSG00000031283,Chrdl1,35918
ENSMUSG00000031284,Pak3,311637
ENSMUSG00000031285,Dcx,63455
ENSMUSG00000031286,Glt28d2,11028
ENSMUSG00000031289,Il13ra2,4693
ENSMUSG00000031290,Lrch2,4892
ENSMUSG00000031292,Cdkl5,13142
ENSMUSG00000031293,Rs1,11548
ENSMUSG00000031295,Phka2,70298
ENSMUSG00000031297,Slc7a3,82866
ENSMUSG00000031298,Adgrg2,43673
ENSMUSG00000031299,Pdha1,46633
ENSMUSG00000031302,Nlgn3,39207
ENSMUSG00000031303,Map3k15,4348
ENSMUSG00000031304,Il2rg,3227
ENSMUSG00000031309,Rps6ka3,15561
ENSMUSG00000031310,Zmym3,156014
ENSMUSG00000031311,Nono,33437
ENSMUSG00000031312,Itgb1bp2,7758
ENSMUSG00000031314,Taf1,81476
ENSMUSG00000031320,Rps4x,16731
ENSMUSG00000031323,Dmrtc1a,5792
ENSMUSG00000031326,Cdx4,2580
ENSMUSG00000031327,Chic1,8400
ENSMUSG00000031328,Flna,40638
ENSMUSG00000031329,Tsx,824
ENSMUSG00000031330,Zcchc13,1085
ENSMUSG00000031333,Abcb7,32023
ENSMUSG00000031337,Mtm1,81222
ENSMUSG00000031340,Gabre,4306
ENSMUSG00000031342,Gpm6b,77595
ENSMUSG00000031343,Gabra3,51852
ENSMUSG00000031344,Gabrq,12026
ENSMUSG00000031347,Cetn2,32553
ENSMUSG00000031349,Nsdhl,22925
ENSMUSG00000031351,Zfp185,50912
ENSMUSG00000031352,Hccs,27441
ENSMUSG00000031353,Rbbp7,51812
ENSMUSG00000031354,Amelx,4062
ENSMUSG00000031355,Arhgap6,11823
ENSMUSG00000031357,Syap1,23173
ENSMUSG00000031358,Msl3,46426
ENSMUSG00000031360,Ctps2,193030
ENSMUSG00000031362,Xlr4c,30531
ENSMUSG00000031364,Grpr,8175
ENSMUSG00000031365,Zfp275,12693
ENSMUSG00000031367,Ap1s2,28602
ENSMUSG00000031370,Zrsr2,22002
ENSMUSG00000031371,Haus7,18212
ENSMUSG00000031372,Trex2,1023
ENSMUSG00000031373,Car5b,3468
ENSMUSG00000031374,Zfp92,13669
ENSMUSG00000031375,Bgn,12261
ENSMUSG00000031376,Atp2b3,53300
ENSMUSG00000031377,Bmx,5957
ENSMUSG00000031378,Abcd1,21345
ENSMUSG00000031379,Pir,12970
ENSMUSG00000031380,Vegfd,11616
ENSMUSG00000031381,Piga,21024
ENSMUSG00000031382,Asb11,8599
ENSMUSG00000031383,Dusp9,14288
ENSMUSG00000031384,Asb9,4752
ENSMUSG00000031385,Plxnb3,12104
ENSMUSG00000031386,Hcfc1,41301
ENSMUSG00000031387,Renbp,15616
ENSMUSG00000031388,Naa10,20898
ENSMUSG00000031389,Arhgap4,54282
ENSMUSG00000031390,Avpr2,7934
ENSMUSG00000031391,L1cam,90806
ENSMUSG00000031392,Irak1,135363
ENSMUSG00000031393,Mecp2,24277
ENSMUSG00000031394,Opn1mw,2471
ENSMUSG00000031397,Tktl1,4951
ENSMUSG00000031398,Plxna3,13776
ENSMUSG00000031399,Fam3a,50637
ENSMUSG00000031400,G6pdx,37435
ENSMUSG00000031402,Mpp1,25443
ENSMUSG00000031403,Dkc1,19250
ENSMUSG00000031409,Tceal6,8181
ENSMUSG00000031410,Nxf7,4105
ENSMUSG00000031411,Pramex1,2267
ENSMUSG00000031422,Morf4l2,85809
ENSMUSG00000031424,Kir3dl1,2837
ENSMUSG00000031425,Plp1,42762
ENSMUSG00000031428,Zcchc18,14186
ENSMUSG00000031429,Psmd10,8650
ENSMUSG00000031430,Vsig1,2707
ENSMUSG00000031431,Tsc22d3,34497
ENSMUSG00000031432,Prps1,7846
ENSMUSG00000031433,Rbm41,17846
ENSMUSG00000031434,Morc4,10086
ENSMUSG00000031438,Rnf128,17605
ENSMUSG00000031441,Atp11a,36318
ENSMUSG00000031442,Mcf2l,102314
ENSMUSG00000031443,F7,1859
ENSMUSG00000031444,F10,8070
ENSMUSG00000031445,Proz,12497
ENSMUSG00000031446,Cul4a,12118
ENSMUSG00000031447,Lamp1,39388
ENSMUSG00000031448,Adprhl1,37774
ENSMUSG00000031449,Atp4b,1378
ENSMUSG00000031450,Grk1,14862
ENSMUSG00000031451,Gas6,34987
ENSMUSG00000031452,1700029H14Rik,3969
ENSMUSG00000031453,Rasa3,56467
ENSMUSG00000031458,Coprs,14866
ENSMUSG00000031461,Myom2,279894
ENSMUSG00000031465,Angpt2,4662
ENSMUSG00000031467,Agpat5,58897
ENSMUSG00000031471,Defb8,287
ENSMUSG00000031478,Nek3,16854
ENSMUSG00000031479,Vps36,44172
ENSMUSG00000031480,Thsd1,61467
ENSMUSG00000031481,Tpte,2549
ENSMUSG00000031482,Slc25a15,35917
ENSMUSG00000031483,Erlin2,67286
ENSMUSG00000031485,Plpbp,38642
ENSMUSG00000031486,Adgra2,20297
ENSMUSG00000031487,Brf2,4136
ENSMUSG00000031488,Rab11fip1,28884
ENSMUSG00000031489,Adrb3,61201
ENSMUSG00000031490,Eif4ebp1,11191
ENSMUSG00000031491,Chrna6,2908
ENSMUSG00000031492,Chrnb3,12431
ENSMUSG00000031493,Ggn,7651
ENSMUSG00000031494,Cd209a,4188
ENSMUSG00000031495,Cd209d,2821
ENSMUSG00000031497,Tnfsf13b,19036
ENSMUSG00000031502,Col4a1,54367
ENSMUSG00000031503,Col4a2,39673
ENSMUSG00000031504,Rab20,2189
ENSMUSG00000031505,Naxd,23432
ENSMUSG00000031506,Ptpn7,13184
ENSMUSG00000031508,Ankrd10,37402
ENSMUSG00000031509,Spaca7b,3690
ENSMUSG00000031511,Arhgef7,110429
ENSMUSG00000031512,Tex29,5493
ENSMUSG00000031513,Leprotl1,11252
ENSMUSG00000031516,Dctn6,8485
ENSMUSG00000031517,Gpm6a,22990
ENSMUSG00000031518,Spata4,6163
ENSMUSG00000031519,Asb5,17528
ENSMUSG00000031520,Vegfc,6242
ENSMUSG00000031521,Aga,22901
ENSMUSG00000031523,Dlc1,32793
ENSMUSG00000031527,Eri1,10152
ENSMUSG00000031529,Tnks,40477
ENSMUSG00000031530,Dusp4,4129
ENSMUSG00000031532,Saraf,21985
ENSMUSG00000031533,Mrps31,27775
ENSMUSG00000031534,Smim19,20042
ENSMUSG00000031535,Dkk4,1315
ENSMUSG00000031536,Polb,19481
ENSMUSG00000031537,Ikbkb,59315
ENSMUSG00000031538,Plat,30649
ENSMUSG00000031539,Ap3m2,34463
ENSMUSG00000031540,Kat6a,27377
ENSMUSG00000031543,Ank1,68752
ENSMUSG00000031545,Gpat4,96683
ENSMUSG00000031546,Gins4,18064
ENSMUSG00000031548,Sfrp1,12174
ENSMUSG00000031549,Ido2,4639
ENSMUSG00000031551,Ido1,3220
ENSMUSG00000031552,Adam18,7203
ENSMUSG00000031553,Adam3,11627
ENSMUSG00000031554,Adam5,17326
ENSMUSG00000031555,Adam9,20589
ENSMUSG00000031556,Tm2d2,19516
ENSMUSG00000031557,Plekha2,66013
ENSMUSG00000031558,Slit2,147951
ENSMUSG00000031561,Tenm3,25420
ENSMUSG00000031562,Dctd,24742
ENSMUSG00000031563,Wwc2,38805
ENSMUSG00000031565,Fgfr1,76656
ENSMUSG00000031568,Rwdd4a,2921
ENSMUSG00000031570,Plpp5,11816
ENSMUSG00000031574,Star,16097
ENSMUSG00000031575,Ash2l,268574
ENSMUSG00000031576,Kcnu1,4988
ENSMUSG00000031577,Tti2,32489
ENSMUSG00000031578,Mak16,5536
ENSMUSG00000031583,Wrn,39196
ENSMUSG00000031584,Gsr,30729
ENSMUSG00000031585,Gtf2e2,199061
ENSMUSG00000031586,Rbpms,35709
ENSMUSG00000031590,Frg1,5339
ENSMUSG00000031591,Asah1,33768
ENSMUSG00000031592,Pcm1,185314
ENSMUSG00000031594,Fgl1,4135
ENSMUSG00000031595,Pdgfrl,6203
ENSMUSG00000031596,Slc7a2,80570
ENSMUSG00000031600,Vps37a,53894
ENSMUSG00000031601,Cnot7,89572
ENSMUSG00000031603,Fgf20,2622
ENSMUSG00000031604,Msmo1,61717
ENSMUSG00000031605,Klhl2,94993
ENSMUSG00000031608,Galnt7,23543
ENSMUSG00000031609,Sap30,3597
ENSMUSG00000031610,Scrg1,8022
ENSMUSG00000031613,Hpgd,3585
ENSMUSG00000031616,Ednra,14358
ENSMUSG00000031617,Tmem184c,7527
ENSMUSG00000031618,Nr3c2,68969
ENSMUSG00000031620,Iqcm,6379
ENSMUSG00000031621,Isx,3590
ENSMUSG00000031622,Sin3b,59963
ENSMUSG00000031626,Sorbs2,750135
ENSMUSG00000031627,Irf2,31005
ENSMUSG00000031628,Casp3,24619
ENSMUSG00000031629,Cenpu,21697
ENSMUSG00000031631,Cfap97,37719
ENSMUSG00000031633,Slc25a4,17067
ENSMUSG00000031634,Ufsp2,53448
ENSMUSG00000031635,Anxa10,3470
ENSMUSG00000031636,Pdlim3,13096
ENSMUSG00000031637,Lrp2bp,13901
ENSMUSG00000031639,Tlr3,61662
ENSMUSG00000031640,Gm45753,2753
ENSMUSG00000031641,Cbr4,13840
ENSMUSG00000031642,Sh3rf1,21572
ENSMUSG00000031644,Nek1,60788
ENSMUSG00000031645,F11,8130
ENSMUSG00000031647,Mfap3l,36126
ENSMUSG00000031651,Triml1,3791
ENSMUSG00000031652,N4bp1,50876
ENSMUSG00000031654,Cbln1,8137
ENSMUSG00000031657,Heatr3,30693
ENSMUSG00000031659,Adcy7,77970
ENSMUSG00000031660,Brd7,7356
ENSMUSG00000031661,Nkd1,20413
ENSMUSG00000031662,Snx20,6947
ENSMUSG00000031665,Sall1,32046
ENSMUSG00000031666,Rbl2,76309
ENSMUSG00000031667,Aktip,93262
ENSMUSG00000031668,Eif2ak3,15805
ENSMUSG00000031669,Gins3,4293
ENSMUSG00000031671,Setd6,7338
ENSMUSG00000031672,Got2,26048
ENSMUSG00000031673,Cdh11,100058
ENSMUSG00000031681,Smad1,46873
ENSMUSG00000031682,1700011L22Rik,3762
ENSMUSG00000031683,Lsm6,84694
ENSMUSG00000031684,Slc10a7,39660
ENSMUSG00000031688,Pou4f2,3209
ENSMUSG00000031691,Tnpo2,116479
ENSMUSG00000031696,Vps35,43265
ENSMUSG00000031697,Orc6,16764
ENSMUSG00000031698,Mylk3,79463
ENSMUSG00000031700,Gpt2,71799
ENSMUSG00000031701,Dnaja2,26363
ENSMUSG00000031703,Itfg1,32040
ENSMUSG00000031706,Rfx1,26482
ENSMUSG00000031708,Tecr,51820
ENSMUSG00000031709,Tbc1d9,15945
ENSMUSG00000031710,Ucp1,13111
ENSMUSG00000031711,Zfp330,26124
ENSMUSG00000031712,Il15,170240
ENSMUSG00000031714,Gab1,49056
ENSMUSG00000031715,Smarca5,12098
ENSMUSG00000031722,Hp,6539
ENSMUSG00000031723,Txnl4b,7883
ENSMUSG00000031725,Ces1f,7077
ENSMUSG00000031727,Pmfbp1,3396
ENSMUSG00000031728,Zfp821,45039
ENSMUSG00000031729,Ist1,40148
ENSMUSG00000031730,Dhodh,20421
ENSMUSG00000031731,Ap1g1,22252
ENSMUSG00000031732,Phlpp2,15686
ENSMUSG00000031734,Irx3,5510
ENSMUSG00000031737,Irx5,5124
ENSMUSG00000031738,Irx6,6737
ENSMUSG00000031740,Mmp2,15351
ENSMUSG00000031748,Gnao1,20202
ENSMUSG00000031749,St3gal2,47184
ENSMUSG00000031750,Il34,6961
ENSMUSG00000031751,Amfr,82644
ENSMUSG00000031753,Cog4,43758
ENSMUSG00000031754,Nudt21,36410
ENSMUSG00000031755,Bbs2,8847
ENSMUSG00000031756,Cenpn,16815
ENSMUSG00000031757,Mt4,1507
ENSMUSG00000031758,Cdyl2,33207
ENSMUSG00000031760,Mt3,4414
ENSMUSG00000031762,Mt2,6210
ENSMUSG00000031765,Mt1,2879
ENSMUSG00000031766,Slc12a3,8941
ENSMUSG00000031767,Nudt7,44901
ENSMUSG00000031770,Herpud1,37303
ENSMUSG00000031772,Cntnap4,80548
ENSMUSG00000031774,Psme3ip1,8944
ENSMUSG00000031775,Pllp,9314
ENSMUSG00000031776,Arl2bp,8841
ENSMUSG00000031778,Cx3cl1,23814
ENSMUSG00000031779,Ccl22,4452
ENSMUSG00000031780,Ccl17,1171
ENSMUSG00000031781,Ciapin1,51909
ENSMUSG00000031782,Coq9,8774
ENSMUSG00000031783,Polr2c,13763
ENSMUSG00000031785,Adgrg1,137040
ENSMUSG00000031786,Drc7,17591
ENSMUSG00000031787,Katnb1,143003
ENSMUSG00000031788,Kifc3,174972
ENSMUSG00000031789,Cngb1,18161
ENSMUSG00000031790,Mmp15,22295
ENSMUSG00000031791,Tmem38a,53794
ENSMUSG00000031792,Usb1,22554
ENSMUSG00000031796,Cfap20,14644
ENSMUSG00000031799,Tpm4,12985
ENSMUSG00000031803,B3gnt3,37350
ENSMUSG00000031805,Jak3,98604
ENSMUSG00000031807,Pgls,4866
ENSMUSG00000031808,Slc27a1,786655
ENSMUSG00000031809,1700018B08Rik,1084
ENSMUSG00000031812,Map1lc3b,24746
ENSMUSG00000031813,Mvb12a,15946
ENSMUSG00000031816,Mthfsd,21994
ENSMUSG00000031818,Cox4i1,24372
ENSMUSG00000031819,Emc8,56418
ENSMUSG00000031820,Babam1,31760
ENSMUSG00000031821,Gins2,15504
ENSMUSG00000031822,Gse1,30718
ENSMUSG00000031823,Zdhhc7,23083
ENSMUSG00000031824,6430548M08Rik,204811
ENSMUSG00000031825,Crispld2,21052
ENSMUSG00000031826,Usp10,74666
ENSMUSG00000031827,Cotl1,5654
ENSMUSG00000031828,Klhl36,9315
ENSMUSG00000031831,Dnaaf1,2822
ENSMUSG00000031832,Taf1c,19567
ENSMUSG00000031833,Mast3,31774
ENSMUSG00000031834,Pik3r2,91613
ENSMUSG00000031835,Mbtps1,91931
ENSMUSG00000031837,Necab2,26181
ENSMUSG00000031838,Ifi30,4096
ENSMUSG00000031839,Hsbp1,11268
ENSMUSG00000031840,Rab3a,15209
ENSMUSG00000031841,Cdh13,3929
ENSMUSG00000031842,Pde4c,21728
ENSMUSG00000031843,Mphosph6,9063
ENSMUSG00000031844,Hsd17b2,4752
ENSMUSG00000031845,Bco1,6173
ENSMUSG00000031847,1700030J22Rik,14178
ENSMUSG00000031848,Lsm4,60383
ENSMUSG00000031849,Comp,4855
ENSMUSG00000031851,Ntpcr,15959
ENSMUSG00000031853,Map3k21,5803
ENSMUSG00000031858,Mau2,99405
ENSMUSG00000031860,Pbx4,11200
ENSMUSG00000031861,Lpar2,13142
ENSMUSG00000031862,Atp13a1,42490
ENSMUSG00000031864,Ints10,106439
ENSMUSG00000031865,Dctn1,105640
ENSMUSG00000031870,Pgr,23630
ENSMUSG00000031871,Cdh5,24308
ENSMUSG00000031872,Bean1,25948
ENSMUSG00000031875,Cmtm3,22629
ENSMUSG00000031876,Gm45711,1660
ENSMUSG00000031877,Ces2g,17604
ENSMUSG00000031878,Nae1,34356
ENSMUSG00000031879,Ciao2b,4422
ENSMUSG00000031880,Rrad,8041
ENSMUSG00000031881,Cdh16,12015
ENSMUSG00000031883,Car7,11057
ENSMUSG00000031885,Cbfb,37884
ENSMUSG00000031886,Ces2e,4790
ENSMUSG00000031887,Tradd,8562
ENSMUSG00000031889,Phaf1,17433
ENSMUSG00000031891,Hsd11b2,3674
ENSMUSG00000031893,Tsnaxip1,8689
ENSMUSG00000031896,Ctrl,1756
ENSMUSG00000031897,Psmb10,3965
ENSMUSG00000031898,Dpep3,3411
ENSMUSG00000031901,Dus2,76547
ENSMUSG00000031902,Nfatc3,41463
ENSMUSG00000031903,Pla2g15,21400
ENSMUSG00000031904,Slc7a6,21401
ENSMUSG00000031906,Smpd3,67333
ENSMUSG00000031907,Zfp90,26734
ENSMUSG00000031910,Has3,14181
ENSMUSG00000031913,Vps4a,17890
ENSMUSG00000031916,Cog8,18637
ENSMUSG00000031917,Nip7,18581
ENSMUSG00000031918,Mtmr2,19563
ENSMUSG00000031919,Tmed6,892
ENSMUSG00000031921,Terf2,22834
ENSMUSG00000031922,Cep57,23051
ENSMUSG00000031924,Cyb5b,37766
ENSMUSG00000031925,Maml2,14858
ENSMUSG00000031927,1700012B09Rik,2503
ENSMUSG00000031928,Mre11a,66617
ENSMUSG00000031930,Wwp2,80296
ENSMUSG00000031931,Ankrd49,20062
ENSMUSG00000031932,Gpr83,25728
ENSMUSG00000031933,Izumo1r,7291
ENSMUSG00000031934,Panx1,5732
ENSMUSG00000031935,Med17,30843
ENSMUSG00000031936,Hephl1,5272
ENSMUSG00000031937,Vstm5,9289
ENSMUSG00000031938,4931406C07Rik,17107
ENSMUSG00000031939,Taf1d,9656
ENSMUSG00000031948,Kars1,23766
ENSMUSG00000031949,Adat1,46381
ENSMUSG00000031950,Gabarapl2,5442
ENSMUSG00000031951,Tmem231,10925
ENSMUSG00000031952,Chst5,4035
ENSMUSG00000031953,Tmem170,7717
ENSMUSG00000031954,Cfdp1,51711
ENSMUSG00000031955,Bcar1,24581
ENSMUSG00000031957,Ctrb1,2187
ENSMUSG00000031958,Ldhd,8682
ENSMUSG00000031959,Wdr59,36785
ENSMUSG00000031960,Aars1,74290
ENSMUSG00000031962,Cdh15,15321
ENSMUSG00000031963,Bmper,7493
ENSMUSG00000031965,Tbx20,10911
ENSMUSG00000031966,Glb1l3,5022
ENSMUSG00000031967,Afg3l1,53785
ENSMUSG00000031969,Acad8,63333
ENSMUSG00000031970,Dbndd1,4484
ENSMUSG00000031971,Ccsap,5570
ENSMUSG00000031972,Acta1,54368
ENSMUSG00000031974,Abcb10,29724
ENSMUSG00000031976,Urb2,46651
ENSMUSG00000031979,Cog2,35207
ENSMUSG00000031980,Agt,54813
ENSMUSG00000031981,Capn9,4891
ENSMUSG00000031982,Arv1,13714
ENSMUSG00000031983,2310022B05Rik,23265
ENSMUSG00000031984,Fsaf1,11598
ENSMUSG00000031985,Gnpat,47592
ENSMUSG00000031986,Sprtn,22512
ENSMUSG00000031987,Egln1,47187
ENSMUSG00000031988,Vps26b,20464
ENSMUSG00000031990,Jam3,30243
ENSMUSG00000031991,Spata19,3273
ENSMUSG00000031993,Snx19,53361
ENSMUSG00000031994,Adamts8,10861
ENSMUSG00000031995,St14,16580
ENSMUSG00000031996,Aplp2,99608
ENSMUSG00000031997,Trpc6,71833
ENSMUSG00000032000,Birc3,40152
ENSMUSG00000032002,Dcun1d5,64867
ENSMUSG00000032006,Pdgfd,50705
ENSMUSG00000032009,Sesn3,56974
ENSMUSG00000032010,Usp2,73282
ENSMUSG00000032011,Thy1,15317
ENSMUSG00000032012,Nectin1,7265
ENSMUSG00000032013,Trim29,2796
ENSMUSG00000032014,Oaf,24557
ENSMUSG00000032015,Pou2f3,5132
ENSMUSG00000032017,Grik4,111117
ENSMUSG00000032018,Sc5d,38668
ENSMUSG00000032020,Ubash3b,31225
ENSMUSG00000032021,Crtam,16366
ENSMUSG00000032023,Jhy,3096
ENSMUSG00000032024,Clmp,29332
ENSMUSG00000032026,Rexo2,31229
ENSMUSG00000032028,Nxpe2,3366
ENSMUSG00000032030,Cul5,62638
ENSMUSG00000032033,Barx2,1990
ENSMUSG00000032034,Kcnj5,50103
ENSMUSG00000032035,Ets1,34725
ENSMUSG00000032036,Kirrel3,106510
ENSMUSG00000032038,St3gal4,59756
ENSMUSG00000032040,Dcps,11694
ENSMUSG00000032041,Tirap,67981
ENSMUSG00000032042,Srpra,58171
ENSMUSG00000032044,Rpusd4,1821
ENSMUSG00000032046,Abhd12,26284
ENSMUSG00000032047,Acat1,62905
ENSMUSG00000032050,Rdx,80793
ENSMUSG00000032051,Fdx1,11143
ENSMUSG00000032053,Pou2af1,2572
ENSMUSG00000032056,Btg4,11111
ENSMUSG00000032057,Hoatz,3596
ENSMUSG00000032058,Ppp2r1b,56893
ENSMUSG00000032059,Alg9,8622
ENSMUSG00000032060,Cryab,51525
ENSMUSG00000032062,2310030G06Rik,5217
ENSMUSG00000032064,Dixdc1,61108
ENSMUSG00000032065,Tex12,10431
ENSMUSG00000032066,Bco2,22314
ENSMUSG00000032067,Pts,8927
ENSMUSG00000032068,Plet1,5963
ENSMUSG00000032076,Cadm1,23856
ENSMUSG00000032077,Bud13,4747
ENSMUSG00000032078,Zpr1,22516
ENSMUSG00000032079,Apoa5,7213
ENSMUSG00000032080,Apoa4,1815
ENSMUSG00000032081,Apoc3,9617
ENSMUSG00000032083,Apoa1,13567
ENSMUSG00000032085,Tagln,4829
ENSMUSG00000032086,Bace1,25772
ENSMUSG00000032087,Dscaml1,20108
ENSMUSG00000032089,Il10ra,8519
ENSMUSG00000032091,Tmprss4,2284
ENSMUSG00000032092,Mpzl2,5034
ENSMUSG00000032093,Cd3e,2923
ENSMUSG00000032094,Cd3d,6408
ENSMUSG00000032096,Arcn1,48106
ENSMUSG00000032097,Ddx6,133076
ENSMUSG00000032098,Treh,3991
ENSMUSG00000032099,Pate4,3690
ENSMUSG00000032101,Ddx25,14664
ENSMUSG00000032103,Pus3,17903
ENSMUSG00000032105,Nherf4,2214
ENSMUSG00000032108,Pate6,1334
ENSMUSG00000032109,Nlrx1,43402
ENSMUSG00000032110,Acrv1,1801
ENSMUSG00000032112,Trappc4,8578
ENSMUSG00000032113,Chek1,61430
ENSMUSG00000032114,Slc37a4,11049
ENSMUSG00000032115,Hyou1,91707
ENSMUSG00000032116,Stt3a,62102
ENSMUSG00000032118,Fez1,69385
ENSMUSG00000032119,Hinfp,69112
ENSMUSG00000032120,C2cd2l,61203
ENSMUSG00000032121,Tmem218,13061
ENSMUSG00000032122,Slc37a2,14814
ENSMUSG00000032123,Dpagt1,2255
ENSMUSG00000032125,Robo4,58599
ENSMUSG00000032126,Hmbs,23080
ENSMUSG00000032127,Vps11,51760
ENSMUSG00000032128,Robo3,24747
ENSMUSG00000032131,Abcg4,27036
ENSMUSG00000032135,Mcam,16234
ENSMUSG00000032171,Pin1,45779
ENSMUSG00000032172,Olfm2,11836
ENSMUSG00000032174,Icam5,14288
ENSMUSG00000032175,Tyk2,69038
ENSMUSG00000032177,Pde4a,31871
ENSMUSG00000032178,Ilf3,139053
ENSMUSG00000032179,Bmp5,7549
ENSMUSG00000032180,Tmed1,2765
ENSMUSG00000032181,Scg3,75464
ENSMUSG00000032182,Yipf2,11798
ENSMUSG00000032184,Lysmd2,9386
ENSMUSG00000032185,Carm1,13536
ENSMUSG00000032186,Tmod2,310233
ENSMUSG00000032187,Smarca4,147346
ENSMUSG00000032191,Bcl2l10,1748
ENSMUSG00000032192,Gnb5,7621
ENSMUSG00000032193,Ldlr,31990
ENSMUSG00000032194,Kank2,55451
ENSMUSG00000032198,Dock6,57119
ENSMUSG00000032199,Polr2m,9039
ENSMUSG00000032202,Rab27a,26089
ENSMUSG00000032204,Aqp9,29434
ENSMUSG00000032207,Lipc,4244
ENSMUSG00000032212,Sltm,67388
ENSMUSG00000032215,Rsl24d1,9227
ENSMUSG00000032216,Nedd4,131941
ENSMUSG00000032217,Rnf111,159228
ENSMUSG00000032218,Ccnb2,18056
ENSMUSG00000032220,Myo1e,18368
ENSMUSG00000032221,Mns1,15041
ENSMUSG00000032224,Fam81a,40838
ENSMUSG00000032226,Gcnt3,4301
ENSMUSG00000032228,Tcf12,56400
ENSMUSG00000032231,Anxa2,18840
ENSMUSG00000032232,Cgnl1,34069
ENSMUSG00000032235,Ice2,42794
ENSMUSG00000032238,Rora,43889
ENSMUSG00000032239,Rp9,9839
ENSMUSG00000032243,Itga11,12212
ENSMUSG00000032244,Fem1b,13804
ENSMUSG00000032245,Cln6,4245
ENSMUSG00000032246,Calml4,15903
ENSMUSG00000032249,Anp32a,25027
ENSMUSG00000032251,Irak1bp1,6136
ENSMUSG00000032252,Glce,18642
ENSMUSG00000032253,Phip,41374
ENSMUSG00000032254,Kif23,12901
ENSMUSG00000032257,Ankk1,2714
ENSMUSG00000032258,Lca5,31379
ENSMUSG00000032259,Drd2,8131
ENSMUSG00000032261,Sh3bgrl2,26322
ENSMUSG00000032262,Elovl4,6171
ENSMUSG00000032263,Bckdhb,64396
ENSMUSG00000032264,Zw10,13977
ENSMUSG00000032265,Tent5a,16823
ENSMUSG00000032267,Usp28,241926
ENSMUSG00000032268,Tmprss5,16182
ENSMUSG00000032269,Htr3a,22688
ENSMUSG00000032271,Nnmt,6174
ENSMUSG00000032274,Cyp19a1,9249
ENSMUSG00000032278,Paqr5,7872
ENSMUSG00000032279,Idh3a,63555
ENSMUSG00000032280,Tle3,62640
ENSMUSG00000032281,Acsbg1,46619
ENSMUSG00000032285,Dnaja4,22171
ENSMUSG00000032288,Imp3,2286
ENSMUSG00000032289,Thsd4,24922
ENSMUSG00000032290,Ptpn9,20093
ENSMUSG00000032291,Crabp1,6358
ENSMUSG00000032292,Nr2e3,2037
ENSMUSG00000032293,Ireb2,34387
ENSMUSG00000032294,Pkm,298815
ENSMUSG00000032295,Man2c1,86670
ENSMUSG00000032297,Celf6,43030
ENSMUSG00000032298,Neil1,9932
ENSMUSG00000032299,Commd4,12507
ENSMUSG00000032300,1700017B05Rik,18186
ENSMUSG00000032301,Psma4,17710
ENSMUSG00000032303,Chrna3,11225
ENSMUSG00000032305,Fam219b,15880
ENSMUSG00000032306,Mpi,16578
ENSMUSG00000032307,Ube2q2,79411
ENSMUSG00000032308,Ulk3,14055
ENSMUSG00000032309,Fbxo22,20010
ENSMUSG00000032310,Cyp1a2,3627
ENSMUSG00000032311,Nrg4,4005
ENSMUSG00000032312,Csk,56104
ENSMUSG00000032313,Tmem266,9116
ENSMUSG00000032314,Etfa,40248
ENSMUSG00000032315,Cyp1a1,14987
ENSMUSG00000032316,Clk3,84729
ENSMUSG00000032318,Isl2,1854
ENSMUSG00000032320,Rcn2,11625
ENSMUSG00000032322,Pstpip1,3767
ENSMUSG00000032323,Cyp11a1,52981
ENSMUSG00000032324,Tspan3,44066
ENSMUSG00000032327,Stra6,46894
ENSMUSG00000032328,Tmem30a,62245
ENSMUSG00000032329,Hmg20a,79990
ENSMUSG00000032330,Cox7a2,53048
ENSMUSG00000032332,Col12a1,49257
ENSMUSG00000032333,Stoml1,27578
ENSMUSG00000032334,Loxl1,9847
ENSMUSG00000032336,Nptn,47019
ENSMUSG00000032338,Hcn4,6681
ENSMUSG00000032340,Neo1,89849
ENSMUSG00000032342,Mto1,19406
ENSMUSG00000032343,Impg1,12337
ENSMUSG00000032344,Cgas,11340
ENSMUSG00000032346,Ooep,5112
ENSMUSG00000032348,Gsta4,8659
ENSMUSG00000032349,Elovl5,71991
ENSMUSG00000032350,Gclc,27435
ENSMUSG00000032352,Lrrc1,12191
ENSMUSG00000032353,Tmed3,2459
ENSMUSG00000032355,Mlip,354942
ENSMUSG00000032356,Rasgrf1,33597
ENSMUSG00000032357,Tinag,3453
ENSMUSG00000032358,Fam83b,12871
ENSMUSG00000032359,Ctsh,6464
ENSMUSG00000032360,Hcrtr2,6236
ENSMUSG00000032363,Adamts7,21187
ENSMUSG00000032366,Tpm1,73823
ENSMUSG00000032368,Zic1,10859
ENSMUSG00000032369,Plscr1,11871
ENSMUSG00000032370,Lactb,5993
ENSMUSG00000032372,Plscr2,24506
ENSMUSG00000032373,Car12,27003
ENSMUSG00000032374,Plod2,23027
ENSMUSG00000032375,Aph1b,18490
ENSMUSG00000032376,Usp3,33226
ENSMUSG00000032377,Plscr4,36087
ENSMUSG00000032380,Dapk2,14811
ENSMUSG00000032381,Ciao2a,10357
ENSMUSG00000032382,Snx1,32506
ENSMUSG00000032383,Ppib,12820
ENSMUSG00000032384,Csnk1g1,67072
ENSMUSG00000032386,Trip4,35489
ENSMUSG00000032387,Rbpms2,45986
ENSMUSG00000032388,Spg21,38527
ENSMUSG00000032392,Parp16,12304
ENSMUSG00000032393,Dpp8,143592
ENSMUSG00000032394,Igdcc3,12876
ENSMUSG00000032396,Dis3l,40542
ENSMUSG00000032397,Tipin,40428
ENSMUSG00000032398,Snapc5,8208
ENSMUSG00000032399,Rpl4,40136
ENSMUSG00000032400,Zwilch,16905
ENSMUSG00000032401,Lctl,5802
ENSMUSG00000032402,Smad3,15744
ENSMUSG00000032403,2300009A05Rik,595
ENSMUSG00000032405,Pias1,42100
ENSMUSG00000032407,U2surp,62323
ENSMUSG00000032409,Atr,33961
ENSMUSG00000032410,Xrn1,48409
ENSMUSG00000032411,Tfdp2,265027
ENSMUSG00000032412,Atp1b3,13566
ENSMUSG00000032413,Rasa2,30860
ENSMUSG00000032415,Ube3d,7632
ENSMUSG00000032417,Rwdd2a,11176
ENSMUSG00000032418,Me1,75177
ENSMUSG00000032419,Tbx18,4706
ENSMUSG00000032420,Nt5e,4156
ENSMUSG00000032422,Snx14,51426
ENSMUSG00000032423,Syncrip,51835
ENSMUSG00000032425,Zfp949,32656
ENSMUSG00000032431,Crtap,8407
ENSMUSG00000032434,Cmtm6,30315
ENSMUSG00000032435,Dync1li1,41196
ENSMUSG00000032436,Cmtm7,18050
ENSMUSG00000032437,Stt3b,76387
ENSMUSG00000032440,Tgfbr2,35537
ENSMUSG00000032443,Zcwpw2,7375
ENSMUSG00000032446,Eomes,10796
ENSMUSG00000032449,Slc25a36,25850
ENSMUSG00000032451,Trim42,2463
ENSMUSG00000032452,Clstn2,9603
ENSMUSG00000032454,Rbp2,3959
ENSMUSG00000032456,Nmnat3,54635
ENSMUSG00000032458,Copb2,46055
ENSMUSG00000032459,Mrps22,3292
ENSMUSG00000032462,Pik3cb,53333
ENSMUSG00000032463,Faim,11572
ENSMUSG00000032468,Armc8,127563
ENSMUSG00000032469,Dbr1,4801
ENSMUSG00000032470,Mras,75069
ENSMUSG00000032473,Cldn18,10550
ENSMUSG00000032475,Nck1,35005
ENSMUSG00000032477,Cdc25a,36554
ENSMUSG00000032478,Nme6,38862
ENSMUSG00000032479,Map4,414726
ENSMUSG00000032480,Dhx30,53542
ENSMUSG00000032481,Smarcc1,77698
ENSMUSG00000032482,Cspg5,30225
ENSMUSG00000032484,Ngp,11030
ENSMUSG00000032485,Scap,95046
ENSMUSG00000032487,Ptgs2,9382
ENSMUSG00000032489,Kif9,60605
ENSMUSG00000032491,Nradd,11385
ENSMUSG00000032492,Pth1r,26341
ENSMUSG00000032493,Prss44,1838
ENSMUSG00000032494,Cripto,14721
ENSMUSG00000032495,Lrrc2,24693
ENSMUSG00000032496,Ltf,8888
ENSMUSG00000032497,Lrrfip2,368036
ENSMUSG00000032498,Mlh1,45269
ENSMUSG00000032500,Dclk3,7158
ENSMUSG00000032501,Trib1,11907
ENSMUSG00000032502,Stac,2644
ENSMUSG00000032503,Arpp21,566459
ENSMUSG00000032504,Pdcd6ip,90908
ENSMUSG00000032507,Fbxl2,34451
ENSMUSG00000032508,Myd88,3339
ENSMUSG00000032511,Scn5a,35806
ENSMUSG00000032512,Wdr48,27889
ENSMUSG00000032513,Gorasp1,25341
ENSMUSG00000032514,Ttc21a,4183
ENSMUSG00000032515,Csrnp1,21451
ENSMUSG00000032517,Mobp,26613
ENSMUSG00000032518,Rpsa,37346
ENSMUSG00000032519,Slc25a38,10245
ENSMUSG00000032523,Hhatl,40899
ENSMUSG00000032525,Nktr,56421
ENSMUSG00000032526,Ss18l2,4658
ENSMUSG00000032527,Pccb,29150
ENSMUSG00000032528,Vipr1,14685
ENSMUSG00000032530,Lyzl4,30598
ENSMUSG00000032531,Amotl2,56370
ENSMUSG00000032532,Cck,62169
ENSMUSG00000032534,Cep63,53615
ENSMUSG00000032536,Trak1,23370
ENSMUSG00000032537,Ephb1,28790
ENSMUSG00000032540,Abhd5,7883
ENSMUSG00000032547,Ryk,17351
ENSMUSG00000032548,Slco2a1,12187
ENSMUSG00000032549,Rab6b,28932
ENSMUSG00000032551,1110059G10Rik,6589
ENSMUSG00000032553,Srprb,9090
ENSMUSG00000032554,Trf,55026
ENSMUSG00000032555,Topbp1,30377
ENSMUSG00000032556,Bfsp2,4827
ENSMUSG00000032557,Uba5,27817
ENSMUSG00000032558,Nphp3,13471
ENSMUSG00000032560,Dnajc13,30678
ENSMUSG00000032561,Acp3,7175
ENSMUSG00000032562,Gnai2,9747
ENSMUSG00000032563,Mrpl3,27002
ENSMUSG00000032564,Cpne4,30160
ENSMUSG00000032565,Nudt16,11183
ENSMUSG00000032566,Nudt16l2,3691
ENSMUSG00000032567,Aste1,28946
ENSMUSG00000032570,Atp2c1,210746
ENSMUSG00000032571,Pik3r4,45803
ENSMUSG00000032572,Col6a4,7379
ENSMUSG00000032575,Manf,24750
ENSMUSG00000032577,Mapkapk3,26726
ENSMUSG00000032578,Cish,7073
ENSMUSG00000032579,Hemk1,54890
ENSMUSG00000032580,Rbm5,39760
ENSMUSG00000032582,Rbm6,62690
ENSMUSG00000032583,Mon1a,33414
ENSMUSG00000032584,Mst1r,9447
ENSMUSG00000032586,Traip,9595
ENSMUSG00000032589,Bsn,16933
ENSMUSG00000032590,Apeh,14468
ENSMUSG00000032591,Mst1,11349
ENSMUSG00000032593,Amigo3,2543
ENSMUSG00000032594,Ip6k1,70831
ENSMUSG00000032595,Cdhr4,3022
ENSMUSG00000032596,Uba7,19825
ENSMUSG00000032598,Nckipsd,33690
ENSMUSG00000032599,Ip6k2,39344
ENSMUSG00000032601,Prkar2a,23687
ENSMUSG00000032602,Slc25a20,10022
ENSMUSG00000032604,Qars1,16695
ENSMUSG00000032606,Nicn1,19186
ENSMUSG00000032607,Amt,11190
ENSMUSG00000032609,Klhdc8b,12129
ENSMUSG00000032611,1700102P08Rik,8132
ENSMUSG00000032612,Usp4,96371
ENSMUSG00000032615,Nt5m,10411
ENSMUSG00000032621,Srek1,72277
ENSMUSG00000032623,Oas1d,12509
ENSMUSG00000032624,Eml4,87446
ENSMUSG00000032625,Thsd7a,37312
ENSMUSG00000032633,Flcn,97900
ENSMUSG00000032637,Atxn2l,63217
ENSMUSG00000032640,Chsy1,5669
ENSMUSG00000032641,Gpr19,49391
ENSMUSG00000032643,Fhl3,7076
ENSMUSG00000032648,Pygm,42716
ENSMUSG00000032649,Colgalt2,17946
ENSMUSG00000032652,Crebl2,10517
ENSMUSG00000032656,Marchf3,8476
ENSMUSG00000032657,Entrep3,32978
ENSMUSG00000032661,Oas3,4723
ENSMUSG00000032666,1700025G04Rik,26960
ENSMUSG00000032667,Pon2,24233
ENSMUSG00000032671,A930018P22Rik,1264
ENSMUSG00000032673,Prorsd1,5975
ENSMUSG00000032679,Cd59a,40989
ENSMUSG00000032680,6820408C15Rik,7006
ENSMUSG00000032688,Malt1,16158
ENSMUSG00000032690,Oas2,7860
ENSMUSG00000032691,Nlrp3,7955
ENSMUSG00000032698,Lmo2,6953
ENSMUSG00000032702,Kank1,102280
ENSMUSG00000032705,Exd2,44665
ENSMUSG00000032712,Resf1,105451
ENSMUSG00000032714,Syde1,16316
ENSMUSG00000032715,Trib3,20915
ENSMUSG00000032717,Mdfi,9558
ENSMUSG00000032718,Mansc1,9567
ENSMUSG00000032719,Sbspon,11527
ENSMUSG00000032724,Abtb2,4582
ENSMUSG00000032725,Folr2,4344
ENSMUSG00000032726,Bmp8a,4771
ENSMUSG00000032727,Mier3,10603
ENSMUSG00000032733,Snx33,5178
ENSMUSG00000032735,Ablim3,8722
ENSMUSG00000032737,Inppl1,69917
ENSMUSG00000032739,Pram1,2278
ENSMUSG00000032740,Ccdc88a,101868
ENSMUSG00000032741,Tpcn1,15480
ENSMUSG00000032743,Katnip,37205
ENSMUSG00000032744,Heyl,9020
ENSMUSG00000032745,Gpbp1,146155
ENSMUSG00000032750,Gab3,10491
ENSMUSG00000032754,Slc8b1,71489
ENSMUSG00000032757,Bet1,10979
ENSMUSG00000032758,Kap,3055
ENSMUSG00000032763,Ilvbl,76970
ENSMUSG00000032766,Gng11,1562
ENSMUSG00000032769,Trpa1,7551
ENSMUSG00000032773,Chrm1,52216
ENSMUSG00000032776,Mctp2,14171
ENSMUSG00000032777,Gtf3c1,33512
ENSMUSG00000032782,Cntrob,36743
ENSMUSG00000032783,Troap,12554
ENSMUSG00000032786,Alas1,92643
ENSMUSG00000032788,Pdxk,6709
ENSMUSG00000032796,Lama1,9557
ENSMUSG00000032802,Srxn1,21803
ENSMUSG00000032803,Cdv3,33028
ENSMUSG00000032806,Slc10a3,9662
ENSMUSG00000032807,Alox12b,5600
ENSMUSG00000032808,Cyp2c38,8073
ENSMUSG00000032812,Arap1,51777
ENSMUSG00000032815,Fanca,45147
ENSMUSG00000032816,Igdcc4,115817
ENSMUSG00000032818,Loxhd1,19885
ENSMUSG00000032826,Ank2,42845
ENSMUSG00000032827,Ppp1r9a,143319
ENSMUSG00000032834,Pwp2,19619
ENSMUSG00000032839,Trpc1,16019
ENSMUSG00000032840,Spring1,13808
ENSMUSG00000032841,Prr5l,54261
ENSMUSG00000032842,Abcc10,15273
ENSMUSG00000032845,Alpk2,16497
ENSMUSG00000032846,Zswim6,13790
ENSMUSG00000032849,Abcc4,29087
ENSMUSG00000032850,Rnft2,65871
ENSMUSG00000032852,Rspo4,5051
ENSMUSG00000032854,Ugt8a,50620
ENSMUSG00000032855,Pkd1,15214
ENSMUSG00000032860,P2ry2,116507
ENSMUSG00000032864,Rag2,6785
ENSMUSG00000032867,Fbxw8,30957
ENSMUSG00000032869,Psmf1,20197
ENSMUSG00000032870,Smap2,20423
ENSMUSG00000032872,Cyb5r4,99913
ENSMUSG00000032875,Arhgef17,37784
ENSMUSG00000032878,Ccdc85a,95515
ENSMUSG00000032883,Acsl3,79698
ENSMUSG00000032890,Rims3,33444
ENSMUSG00000032892,Rangrf,8513
ENSMUSG00000032894,1700031F05Rik,4036
ENSMUSG00000032897,Nfyc,126970
ENSMUSG00000032898,Fbxo21,22712
ENSMUSG00000032899,Styk1,11721
ENSMUSG00000032900,Spmip10,4400
ENSMUSG00000032902,Slc16a1,30343
ENSMUSG00000032905,Atg12,7972
ENSMUSG00000032908,Sgpp2,11991
ENSMUSG00000032911,Cspg4,16305
ENSMUSG00000032913,Lrig2,43349
ENSMUSG00000032915,Adgre4,5790
ENSMUSG00000032921,Odf4,7386
ENSMUSG00000032925,Itgbl1,18667
ENSMUSG00000032932,Hspa13,15141
ENSMUSG00000032936,Camkv,56311
ENSMUSG00000032937,Fshr,3478
ENSMUSG00000032939,Nup93,56215
ENSMUSG00000032940,Rbm11,12164
ENSMUSG00000032942,Ucp3,25042
ENSMUSG00000032946,Rasgrp2,64151
ENSMUSG00000032948,Lipi,2082
ENSMUSG00000032952,Ap4b1,25820
ENSMUSG00000032959,Pebp1,4288
ENSMUSG00000032965,Ift57,77978
ENSMUSG00000032966,Fkbp1a,21475
ENSMUSG00000032968,Inha,13234
ENSMUSG00000032977,Slx9,15526
ENSMUSG00000032978,Guca2b,1306
ENSMUSG00000032985,5730522E02Rik,1612
ENSMUSG00000032987,Or8s8,5593
ENSMUSG00000032988,Slc16a8,3621
ENSMUSG00000032997,Chpf,11187
ENSMUSG00000032998,Foxj3,68401
ENSMUSG00000032999,Nlrp4f,10595
ENSMUSG00000033004,Mycbp2,34381
ENSMUSG00000033006,Sox10,16151
ENSMUSG00000033007,Asic4,11041
ENSMUSG00000033009,Ogfod1,42502
ENSMUSG00000033014,Trim33,28533
ENSMUSG00000033016,Nfatc1,27899
ENSMUSG00000033020,Polr2f,27230
ENSMUSG00000033021,Gmppa,69453
ENSMUSG00000033022,Cdo1,31190
ENSMUSG00000033024,Klra9,7443
ENSMUSG00000033027,Klrc3,1427
ENSMUSG00000033029,1700088E04Rik,11686
ENSMUSG00000033031,Cip2a,23547
ENSMUSG00000033032,Afap1l1,27156
ENSMUSG00000033033,Calhm2,8248
ENSMUSG00000033036,Ppihl,1409
ENSMUSG00000033039,Micall1,13613
ENSMUSG00000033044,Dhrs7c,15913
ENSMUSG00000033047,Eif3l,19895
ENSMUSG00000033053,Cfap95,14428
ENSMUSG00000033054,Npat,39752
ENSMUSG00000033055,Ankrd54,13945
ENSMUSG00000033059,Pygb,57821
ENSMUSG00000033060,Lmo7,220698
ENSMUSG00000033061,Resp18,6382
ENSMUSG00000033063,Cntnap3,35543
ENSMUSG00000033065,Pfkm,110896
ENSMUSG00000033066,Gas7,34979
ENSMUSG00000033068,Entpd6,72357
ENSMUSG00000033075,Senp1,124292
ENSMUSG00000033080,Vsx1,3791
ENSMUSG00000033082,Clec1a,33789
ENSMUSG00000033083,Tbc1d4,37610
ENSMUSG00000033088,Triobp,27797
ENSMUSG00000033096,Apmap,15455
ENSMUSG00000033099,Nol12,9425
ENSMUSG00000033102,Cdc14b,27735
ENSMUSG00000033105,Lss,63420
ENSMUSG00000033106,Slc7a6os,7084
ENSMUSG00000033107,Rnf125,14988
ENSMUSG00000033111,Cep15,24385
ENSMUSG00000033114,Slc35d2,20076
ENSMUSG00000033122,Hsd17b3,2827
ENSMUSG00000033124,Atg9a,127187
ENSMUSG00000033126,Ybey,9940
ENSMUSG00000033128,Gga1,52594
ENSMUSG00000033147,Slc22a15,26385
ENSMUSG00000033149,Phldb2,144767
ENSMUSG00000033152,Podxl2,46500
ENSMUSG00000033156,Cst5,2223
ENSMUSG00000033157,Abhd10,10777
ENSMUSG00000033159,Cnppd1,14119
ENSMUSG00000033161,Atp1a1,13688
ENSMUSG00000033166,Dis3,15327
ENSMUSG00000033170,Card10,18728
ENSMUSG00000033174,Mgll,52251
ENSMUSG00000033177,Tmprss7,5391
ENSMUSG00000033182,Kbtbd12,37921
ENSMUSG00000033184,Tmed7,17274
ENSMUSG00000033186,Mzt1,10730
ENSMUSG00000033187,BC016579,2170
ENSMUSG00000033191,Tie1,60671
ENSMUSG00000033192,Lpcat2,25931
ENSMUSG00000033196,Myh2,76822
ENSMUSG00000033200,Tpsg1,8420
ENSMUSG00000033207,Mamdc2,6564
ENSMUSG00000033208,S100b,7667
ENSMUSG00000033209,Ttc28,36381
ENSMUSG00000033210,Slc9c1,3836
ENSMUSG00000033213,AA467197,5256
ENSMUSG00000033214,Slitrk5,33130
ENSMUSG00000033216,Eefsec,22660
ENSMUSG00000033219,Gm9758,1167
ENSMUSG00000033220,Rac2,4882
ENSMUSG00000033222,Ttf2,20220
ENSMUSG00000033227,Wnt6,2694
ENSMUSG00000033228,Scaf11,93113
ENSMUSG00000033233,Trim45,14347
ENSMUSG00000033237,Arid2,48840
ENSMUSG00000033249,Hsf4,28737
ENSMUSG00000033253,Szt2,11930
ENSMUSG00000033255,Gm5134,5748
ENSMUSG00000033256,Shf,42203
ENSMUSG00000033257,Ttll4,71403
ENSMUSG00000033268,Duox1,5267
ENSMUSG00000033272,Slc35a4,22083
ENSMUSG00000033276,Stk36,19075
ENSMUSG00000033278,Ptprm,123744
ENSMUSG00000033282,Rpgrip1l,41052
ENSMUSG00000033285,Wdr3,49481
ENSMUSG00000033287,Kctd17,33774
ENSMUSG00000033294,Noc4l,20381
ENSMUSG00000033295,Ptprf,85404
ENSMUSG00000033306,Lpp,126059
ENSMUSG00000033307,Mif,2275
ENSMUSG00000033308,Dpyd,23374
ENSMUSG00000033313,Fbxl8,3591
ENSMUSG00000033316,Galnt9,38635
ENSMUSG00000033318,Gstt2,25153
ENSMUSG00000033319,Fem1c,32364
ENSMUSG00000033323,Ctdp1,33408
ENSMUSG00000033326,Kdm4a,21923
ENSMUSG00000033327,Tnxb,47423
ENSMUSG00000033335,Dnm2,230714
ENSMUSG00000033342,Plppr5,57455
ENSMUSG00000033343,Magea4,948
ENSMUSG00000033350,Chst2,8385
ENSMUSG00000033352,Map2k4,31321
ENSMUSG00000033355,Rtp4,18989
ENSMUSG00000033356,Pus7l,13784
ENSMUSG00000033361,Prrg3,42544
ENSMUSG00000033364,Usp37,79483
ENSMUSG00000033365,Ipo13,109527
ENSMUSG00000033368,Trim69,1758
ENSMUSG00000033373,Fntb,5358
ENSMUSG00000033377,Palmd,8283
ENSMUSG00000033379,Atp6v0b,9562
ENSMUSG00000033382,Trappc8,141222
ENSMUSG00000033383,Rtp1,3120
ENSMUSG00000033386,Frrs1,65707
ENSMUSG00000033389,Arhgap44,55676
ENSMUSG00000033392,Clasp2,44856
ENSMUSG00000033396,Spg11,15336
ENSMUSG00000033400,Agl,64668
ENSMUSG00000033405,Nudt15,15749
ENSMUSG00000033409,Syce1l,5262
ENSMUSG00000033411,Ctdspl2,104572
ENSMUSG00000033416,Gucd1,37210
ENSMUSG00000033417,Cacul1,30155
ENSMUSG00000033419,Snap91,188743
ENSMUSG00000033420,Antxr1,13474
ENSMUSG00000033423,Eri3,49301
ENSMUSG00000033427,Upb1,8805
ENSMUSG00000033429,Mcee,11586
ENSMUSG00000033430,Terf2ip,12712
ENSMUSG00000033434,Gtpbp6,10354
ENSMUSG00000033436,Armcx2,49737
ENSMUSG00000033439,Trmt13,4282
ENSMUSG00000033444,Specc1l,62199
ENSMUSG00000033446,Lpar6,5400
ENSMUSG00000033450,Tagap,10497
ENSMUSG00000033453,Adamts15,6043
ENSMUSG00000033454,Zbtb1,46608
ENSMUSG00000033458,Fan1,3460
ENSMUSG00000033460,Armcx1,205408
ENSMUSG00000033467,Crlf2,4146
ENSMUSG00000033470,Cysltr2,4961
ENSMUSG00000033475,Tomm6,6224
ENSMUSG00000033478,Fhip2a,11902
ENSMUSG00000033486,Catsper2,14682
ENSMUSG00000033487,Fndc3a,38333
ENSMUSG00000033488,Cryzl2,17627
ENSMUSG00000033491,Prss35,75860
ENSMUSG00000033498,Strc,6235
ENSMUSG00000033499,Larp4b,35195
ENSMUSG00000033501,Crygs,875
ENSMUSG00000033502,Cdc14a,29473
ENSMUSG00000033508,Asprv1,3725
ENSMUSG00000033510,Otud7a,64831
ENSMUSG00000033520,Idi2,2253
ENSMUSG00000033526,Ppip5k1,190317
ENSMUSG00000033530,Ttc7b,101878
ENSMUSG00000033533,Acsm1,24676
ENSMUSG00000033538,Casp4,4779
ENSMUSG00000033540,Idua,42930
ENSMUSG00000033542,Arhgef5,20247
ENSMUSG00000033543,Gtf2a2,13449
ENSMUSG00000033544,Angptl1,4363
ENSMUSG00000033545,Znrf1,62253
ENSMUSG00000033554,Dph5,29220
ENSMUSG00000033557,Fam20b,65516
ENSMUSG00000033565,Rbfox2,170552
ENSMUSG00000033569,Adgrb3,20293
ENSMUSG00000033576,Apol6,29863
ENSMUSG00000033577,Myo6,102367
ENSMUSG00000033578,Tmem35a,1918
ENSMUSG00000033579,Fa2h,2492
ENSMUSG00000033581,Igf2bp2,41075
ENSMUSG00000033585,Ndn,5721
ENSMUSG00000033589,Reep4,8713
ENSMUSG00000033590,Myo5c,15459
ENSMUSG00000033594,Spata2l,13855
ENSMUSG00000033595,Lgi3,64128
ENSMUSG00000033596,Rfwd3,8850
ENSMUSG00000033597,Caskin1,30980
ENSMUSG00000033610,Pank1,56105
ENSMUSG00000033615,Cplx1,22818
ENSMUSG00000033618,Map3k13,23779
ENSMUSG00000033623,Pcgf3,77962
ENSMUSG00000033624,Pdpr,41037
ENSMUSG00000033628,Pik3c3,52105
ENSMUSG00000033629,Hacd3,39690
ENSMUSG00000033632,AW554918,19663
ENSMUSG00000033633,Clec18a,20205
ENSMUSG00000033634,Nat8f2,21003
ENSMUSG00000033644,Piwil2,5499
ENSMUSG00000033653,Vps8,105753
ENSMUSG00000033658,Ddx19b,19815
ENSMUSG00000033669,Zfp7,46807
ENSMUSG00000033671,Cep350,13307
ENSMUSG00000033676,Gabrb3,39843
ENSMUSG00000033684,Qsox1,13408
ENSMUSG00000033685,Ucp2,72488
ENSMUSG00000033688,Inhca,16850
ENSMUSG00000033697,Arhgap39,47109
ENSMUSG00000033701,Acbd6,63935
ENSMUSG00000033703,Fcsk,34401
ENSMUSG00000033705,Stard9,15011
ENSMUSG00000033706,Smyd5,46657
ENSMUSG00000033707,Lrrc24,33779
ENSMUSG00000033712,Ccar2,94064
ENSMUSG00000033713,Foxn3,127285
ENSMUSG00000033715,Akr1c14,14284
ENSMUSG00000033717,Adra2a,8620
ENSMUSG00000033720,Sfxn5,93193
ENSMUSG00000033721,Vav3,34976
ENSMUSG00000033722,BC034090,18681
ENSMUSG00000033726,Emx1,3324
ENSMUSG00000033728,Lrrc14,142762
ENSMUSG00000033730,Egr3,12871
ENSMUSG00000033732,Sf3b3,106494
ENSMUSG00000033735,Spr,8369
ENSMUSG00000033737,Fndc3c1,4859
ENSMUSG00000033739,Fkbpl,20104
ENSMUSG00000033740,St18,36102
ENSMUSG00000033751,Gadd45gip1,13038
ENSMUSG00000033752,Mnd1,11468
ENSMUSG00000033760,Rbm4b,20130
ENSMUSG00000033762,Recql4,23882
ENSMUSG00000033763,Mtss2,41493
ENSMUSG00000033765,Calm4,917
ENSMUSG00000033767,Tmem131l,138722
ENSMUSG00000033768,Nrxn2,63178
ENSMUSG00000033769,Exoc6b,153643
ENSMUSG00000033770,Clcnka,8001
ENSMUSG00000033773,Rpap2,29704
ENSMUSG00000033774,Npbwr1,3692
ENSMUSG00000033777,Tlr13,9158
ENSMUSG00000033781,Asb13,25174
ENSMUSG00000033788,Dysf,107940
ENSMUSG00000033790,Tubgcp5,23865
ENSMUSG00000033792,Atp7a,16289
ENSMUSG00000033793,Atp6v1h,163093
ENSMUSG00000033794,Lpcat2b,2782
ENSMUSG00000033799,Tasor2,12836
ENSMUSG00000033805,Ephx4,5787
ENSMUSG00000033808,Tmem87a,49156
ENSMUSG00000033809,Alg3,13194
ENSMUSG00000033813,Tcea1,46009
ENSMUSG00000033819,Ppp1r16a,77883
ENSMUSG00000033825,Tpsb2,8574
ENSMUSG00000033826,Dnah8,56634
ENSMUSG00000033831,Fgb,5527
ENSMUSG00000033834,Tpbpa,3187
ENSMUSG00000033837,Foxh1,3417
ENSMUSG00000033845,Mrpl15,17183
ENSMUSG00000033847,Pla2g4c,11348
ENSMUSG00000033849,B3galt2,18141
ENSMUSG00000033850,Or9g4b,3495
ENSMUSG00000033852,Gm28042,7316
ENSMUSG00000033854,Kcnk10,15839
ENSMUSG00000033855,Ston1,13640
ENSMUSG00000033857,Engase,17433
ENSMUSG00000033860,Fgg,9537
ENSMUSG00000033862,Cdk10,22825
ENSMUSG00000033863,Klf9,7888
ENSMUSG00000033871,Ppargc1b,25551
ENSMUSG00000033880,Lgals3bp,14713
ENSMUSG00000033882,Rbm46,6716
ENSMUSG00000033883,Zfp267,13192
ENSMUSG00000033885,Pxk,168848
ENSMUSG00000033898,Cfhr2,14514
ENSMUSG00000033900,Map9,51165
ENSMUSG00000033902,Mapkbp1,35208
ENSMUSG00000033904,Ccp110,19894
ENSMUSG00000033906,Zdhhc15,32613
ENSMUSG00000033909,Usp36,53384
ENSMUSG00000033910,Gucy1a1,32793
ENSMUSG00000033916,Chmp2a,43372
ENSMUSG00000033917,Gde1,12214
ENSMUSG00000033918,Parl,12750
ENSMUSG00000033931,Rbm34,13316
ENSMUSG00000033933,Vhl,17297
ENSMUSG00000033938,Ndufb7,1077
ENSMUSG00000033940,Brk1,2373
ENSMUSG00000033943,Mga,54686
ENSMUSG00000033948,Zswim5,29891
ENSMUSG00000033949,Trim36,18361
ENSMUSG00000033952,Aspm,25665
ENSMUSG00000033953,Ppp3r1,37720
ENSMUSG00000033955,Tnks1bp1,10546
ENSMUSG00000033960,Jcad,36921
ENSMUSG00000033961,Zfp446,27817
ENSMUSG00000033963,Fancd2os,15806
ENSMUSG00000033964,Zbtb41,41877
ENSMUSG00000033965,Slc16a2,22119
ENSMUSG00000033966,Cdkl4,58992
ENSMUSG00000033967,Rnf225,3268
ENSMUSG00000033970,Rfc3,7848
ENSMUSG00000033972,Zfp944,168170
ENSMUSG00000033981,Gria2,162420
ENSMUSG00000033983,Coil,24604
ENSMUSG00000033985,Tesk2,23352
ENSMUSG00000033987,Dnah17,28501
ENSMUSG00000033991,Skic3,78222
ENSMUSG00000033998,Kcnk1,8160
ENSMUSG00000034000,Neu4,11600
ENSMUSG00000034006,Slc66a2,52545
ENSMUSG00000034007,Scaper,76199
ENSMUSG00000034009,Rxfp1,52861
ENSMUSG00000034021,Pds5b,103805
ENSMUSG00000034022,Cpsf1,95874
ENSMUSG00000034023,Fancd2,42310
ENSMUSG00000034024,Cct2,21343
ENSMUSG00000034028,Cd226,25531
ENSMUSG00000034031,Ccdc182,1204
ENSMUSG00000034032,Rpap1,127576
ENSMUSG00000034035,Ccdc17,3654
ENSMUSG00000034037,Fgd5,30214
ENSMUSG00000034039,Prss29,2377
ENSMUSG00000034040,Galnt17,11333
ENSMUSG00000034041,Lyl1,6738
ENSMUSG00000034042,Gpbp1l1,27145
ENSMUSG00000034055,Phka1,290872
ENSMUSG00000034057,Myrfl,3529
ENSMUSG00000034059,Ypel4,3275
ENSMUSG00000034063,4930590J08Rik,3395
ENSMUSG00000034064,Poglut1,25184
ENSMUSG00000034066,Farp2,25715
ENSMUSG00000034071,Zfp551,18079
ENSMUSG00000034075,Zdhhc5,28219
ENSMUSG00000034083,Ccdc174,23274
ENSMUSG00000034087,Nlrp4b,6610
ENSMUSG00000034088,Hdlbp,359354
ENSMUSG00000034098,Fstl5,74094
ENSMUSG00000034101,Ctnnd1,437519
ENSMUSG00000034105,Meak7,54374
ENSMUSG00000034107,Ano7,6947
ENSMUSG00000034108,Ccs,9778
ENSMUSG00000034109,Golim4,110184
ENSMUSG00000034110,Kctd7,8662
ENSMUSG00000034111,Tmed8,7409
ENSMUSG00000034112,Atp2c2,3222
ENSMUSG00000034115,Scn11a,11740
ENSMUSG00000034116,Vav1,16372
ENSMUSG00000034117,Ptgdr2,2644
ENSMUSG00000034118,Tpst1,40811
ENSMUSG00000034120,Srsf2,20430
ENSMUSG00000034121,Mks1,15009
ENSMUSG00000034126,Pomt2,15237
ENSMUSG00000034127,Tspan8,11400
ENSMUSG00000034135,Sik3,19556
ENSMUSG00000034139,Serpini2,1418
ENSMUSG00000034145,Tmem63c,83995
ENSMUSG00000034151,Zbbx,18359
ENSMUSG00000034152,Exoc3,77144
ENSMUSG00000034154,Ino80,16761
ENSMUSG00000034156,Tspoap1,30492
ENSMUSG00000034157,Cipc,26174
ENSMUSG00000034158,Lrrc58,78866
ENSMUSG00000034159,Mab21l4,4692
ENSMUSG00000034160,Ogt,37560
ENSMUSG00000034161,Scx,6372
ENSMUSG00000034163,Zfc3h1,15764
ENSMUSG00000034164,Emid1,19405
ENSMUSG00000034165,Ccnd3,37492
ENSMUSG00000034168,Irf2bpl,4098
ENSMUSG00000034171,Faah,51806
ENSMUSG00000034173,Zbed5,11924
ENSMUSG00000034175,Rhbdd3,65056
ENSMUSG00000034177,Rnf43,15980
ENSMUSG00000034185,Tmem275,1605
ENSMUSG00000034187,Nsf,71205
ENSMUSG00000034189,Hsdl1,123875
ENSMUSG00000034190,Chmp7,18643
ENSMUSG00000034192,Lsm3,13172
ENSMUSG00000034194,R3hcc1,8545
ENSMUSG00000034201,Gas2l1,57970
ENSMUSG00000034203,Chchd4,9093
ENSMUSG00000034205,Loxl2,15695
ENSMUSG00000034206,Polq,22656
ENSMUSG00000034209,Rasl10a,17798
ENSMUSG00000034210,Efcab14,11528
ENSMUSG00000034211,Mrps17,135009
ENSMUSG00000034212,Ankmy1,6503
ENSMUSG00000034216,Vps18,15438
ENSMUSG00000034218,Atm,29389
ENSMUSG00000034219,Septin14,1642
ENSMUSG00000034220,Gpc1,55969
ENSMUSG00000034224,Slc38a8,2651
ENSMUSG00000034226,Rhov,9147
ENSMUSG00000034227,Foxj1,10901
ENSMUSG00000034235,Usp54,73465
ENSMUSG00000034239,Lrrc37,15553
ENSMUSG00000034243,Golgb1,22346
ENSMUSG00000034245,Hdac11,40005
ENSMUSG00000034247,Plekhm1,48596
ENSMUSG00000034248,Slc25a37,4174
ENSMUSG00000034252,Senp6,58627
ENSMUSG00000034254,Agpat1,36464
ENSMUSG00000034255,Arhgap27,13906
ENSMUSG00000034258,Flvcr2,36131
ENSMUSG00000034259,Exosc4,10720
ENSMUSG00000034263,Ints14,38752
ENSMUSG00000034265,Zdhhc14,59700
ENSMUSG00000034266,Batf,975
ENSMUSG00000034269,Setd5,38197
ENSMUSG00000034271,Jdp2,71418
ENSMUSG00000034274,Thoc5,43855
ENSMUSG00000034275,Igsf9b,33585
ENSMUSG00000034278,Dnajc17,4150
ENSMUSG00000034282,Evpl,6404
ENSMUSG00000034285,Nipsnap1,16832
ENSMUSG00000034290,Nek9,19551
ENSMUSG00000034292,Traf3ip1,64401
ENSMUSG00000034295,Fhod3,111701
ENSMUSG00000034297,Med13,10866
ENSMUSG00000034300,Fam53c,52005
ENSMUSG00000034303,Ccdc15,17262
ENSMUSG00000034308,Sdr42e1,18637
ENSMUSG00000034310,Tmem132d,6139
ENSMUSG00000034311,Kif4,25539
ENSMUSG00000034312,Iqsec1,26112
ENSMUSG00000034317,Trim59,13053
ENSMUSG00000034320,Slc26a2,22185
ENSMUSG00000034321,Exosc1,33894
ENSMUSG00000034324,Tmem132c,5156
ENSMUSG00000034327,Kctd9,10343
ENSMUSG00000034329,Brip1,56479
ENSMUSG00000034330,Plcg2,21502
ENSMUSG00000034333,Zbed4,33344
ENSMUSG00000034334,Fam151b,4750
ENSMUSG00000034336,Ina,9567
ENSMUSG00000034341,Wbp2,34655
ENSMUSG00000034342,Cbl,40691
ENSMUSG00000034343,Ube2f,396430
ENSMUSG00000034345,Gtf2h5,24641
ENSMUSG00000034349,Smc4,30601
ENSMUSG00000034353,Ramp1,16728
ENSMUSG00000034354,Mtmr3,166197
ENSMUSG00000034359,Skint2,5595
ENSMUSG00000034361,Cpne2,22486
ENSMUSG00000034362,Csta1,5464
ENSMUSG00000034371,Tkfc,13160
ENSMUSG00000034377,Tulp4,18471
ENSMUSG00000034379,Wdr5b,2739
ENSMUSG00000034382,AI661453,6305
ENSMUSG00000034384,Barhl2,2618
ENSMUSG00000034387,Ssu2,8072
ENSMUSG00000034390,Cmip,18535
ENSMUSG00000034391,Fbxo15,8149
ENSMUSG00000034394,Lif,11974
ENSMUSG00000034401,Spata6,27315
ENSMUSG00000034402,Kcnh5,4058
ENSMUSG00000034403,Pja1,18825
ENSMUSG00000034412,Tbc1d10a,26812
ENSMUSG00000034413,Neurl1b,10040
ENSMUSG00000034416,Pkd1l2,7386
ENSMUSG00000034422,Parp14,8567
ENSMUSG00000034424,Gcsh,8400
ENSMUSG00000034427,Myo15b,19115
ENSMUSG00000034429,Zfp707,15312
ENSMUSG00000034430,Zxdc,45961
ENSMUSG00000034432,Cops8,29296
ENSMUSG00000034435,Tmem30b,2991
ENSMUSG00000034438,Gbp8,10159
ENSMUSG00000034442,Trmt5,11586
ENSMUSG00000034445,Cyb561a3,97703
ENSMUSG00000034449,Dhrs11,14310
ENSMUSG00000034450,Gulo,11416
ENSMUSG00000034452,Slc24a1,5213
ENSMUSG00000034453,Polr3b,29907
ENSMUSG00000034456,Uroc1,7256
ENSMUSG00000034457,Eda2r,39511
ENSMUSG00000034459,Ifit1,7421
ENSMUSG00000034460,Six4,13219
ENSMUSG00000034462,Pkd2,54346
ENSMUSG00000034463,Scara3,10470
ENSMUSG00000034467,Dynlrb2,2983
ENSMUSG00000034471,Caskin2,36046
ENSMUSG00000034472,Rasd2,18117
ENSMUSG00000034473,Sec22a,31631
ENSMUSG00000034480,Diaph2,21710
ENSMUSG00000034482,Ly6g5c,791
ENSMUSG00000034484,Snx2,34116
ENSMUSG00000034485,Uaca,62430
ENSMUSG00000034486,Gbx2,2154
ENSMUSG00000034487,Poglut3,19155
ENSMUSG00000034488,Edil3,59389
ENSMUSG00000034493,4930556J24Rik,1220
ENSMUSG00000034501,Pcnx4,66511
ENSMUSG00000034509,Mad2l1bp,8962
ENSMUSG00000034518,Hmgxb4,6906
ENSMUSG00000034520,Gjc1,123297
ENSMUSG00000034522,Zfp395,36155
ENSMUSG00000034525,Ice1,7667
ENSMUSG00000034528,Hsd17b13,6743
ENSMUSG00000034532,Fbxo16,30208
ENSMUSG00000034533,Scn10a,22354
ENSMUSG00000034538,Zfp418,7418
ENSMUSG00000034543,Morc2a,55260
ENSMUSG00000034544,Rsrc1,118195
ENSMUSG00000034551,Hdx,18969
ENSMUSG00000034552,Zswim2,2062
ENSMUSG00000034555,Tex16,4849
ENSMUSG00000034557,Zfyve9,29993
ENSMUSG00000034560,Washc4,23641
ENSMUSG00000034563,Ccpg1,58430
ENSMUSG00000034566,Atp5pd,24869
ENSMUSG00000034570,Inpp5j,21000
ENSMUSG00000034573,Ptpn13,84613
ENSMUSG00000034574,Daam1,56220
ENSMUSG00000034575,Tent4a,27586
ENSMUSG00000034579,Pla2g3,10188
ENSMUSG00000034583,Or6z6,3665
ENSMUSG00000034584,Exph5,10726
ENSMUSG00000034586,Hid1,83393
ENSMUSG00000034591,Slc41a2,4742
ENSMUSG00000034593,Myo5a,39923
ENSMUSG00000034595,Ppp1r18,14616
ENSMUSG00000034601,2700049A03Rik,49293
ENSMUSG00000034602,Mon2,63510
ENSMUSG00000034607,Pof1b,7866
ENSMUSG00000034610,Tut4,23627
ENSMUSG00000034612,Chst11,11320
ENSMUSG00000034613,Ppm1h,20213
ENSMUSG00000034614,Pik3ip1,16135
ENSMUSG00000034616,Ssh3,18940
ENSMUSG00000034617,Mtrr,49926
ENSMUSG00000034620,Rxylt1,33079
ENSMUSG00000034621,Gpatch8,29106
ENSMUSG00000034623,Prss55,3265
ENSMUSG00000034634,Ly6d,3213
ENSMUSG00000034636,Zyg11b,22188
ENSMUSG00000034639,Setmar,3176
ENSMUSG00000034640,Tiparp,22879
ENSMUSG00000034641,Cd300ld,2646
ENSMUSG00000034645,Zyg11a,18591
ENSMUSG00000034647,Ankrd12,44514
ENSMUSG00000034648,Lrrn1,19591
ENSMUSG00000034652,Cd300a,22642
ENSMUSG00000034653,Ythdc2,9307
ENSMUSG00000034656,Cacna1a,45467
ENSMUSG00000034659,Tmem109,25787
ENSMUSG00000034660,Galp,650
ENSMUSG00000034663,Bmp2k,30113
ENSMUSG00000034664,Itga2b,12362
ENSMUSG00000034667,Xpot,197403
ENSMUSG00000034673,Pbx2,10178
ENSMUSG00000034674,Tdg,39919
ENSMUSG00000034675,Dbn1,140473
ENSMUSG00000034677,Gpr142,2214
ENSMUSG00000034681,Rnps1,104532
ENSMUSG00000034683,Ppp1r1c,4266
ENSMUSG00000034684,Sema3f,17590
ENSMUSG00000034685,Fam171a2,12375
ENSMUSG00000034686,Prr7,6767
ENSMUSG00000034687,Fras1,15848
ENSMUSG00000034689,Ccdc202,4614
ENSMUSG00000034690,Nlrp4c,14753
ENSMUSG00000034701,Neurod1,11016
ENSMUSG00000034706,Dnai2,15521
ENSMUSG00000034707,Gns,25250
ENSMUSG00000034708,Grn,28052
ENSMUSG00000034709,Ppp1r21,39136
ENSMUSG00000034714,Ttyh2,28205
ENSMUSG00000034723,Tmx4,38066
ENSMUSG00000034724,Cnot6l,95913
ENSMUSG00000034729,Mrps10,20168
ENSMUSG00000034730,Adgrb1,69712
ENSMUSG00000034731,Dgkh,62364
ENSMUSG00000034732,Pabpc5,9224
ENSMUSG00000034738,Nostrin,18261
ENSMUSG00000034739,Mfrp,12679
ENSMUSG00000034744,Nagk,17326
ENSMUSG00000034748,Sirt6,13205
ENSMUSG00000034751,Mast4,54081
ENSMUSG00000034755,Pcdh11x,32250
ENSMUSG00000034757,Tmub2,10596
ENSMUSG00000034758,Tle6,4672
ENSMUSG00000034761,Map4k5,38090
ENSMUSG00000034762,Glis1,5650
ENSMUSG00000034765,Dusp5,4742
ENSMUSG00000034768,Asb16,4246
ENSMUSG00000034771,Tle2,28333
ENSMUSG00000034773,Hrob,16934
ENSMUSG00000034774,Dsg1c,4088
ENSMUSG00000034777,Vax2,2685
ENSMUSG00000034780,B3galt1,10213
ENSMUSG00000034781,Gna11,27536
ENSMUSG00000034783,Cd207,1529
ENSMUSG00000034785,Dio1,2086
ENSMUSG00000034786,Gpsm3,2557
ENSMUSG00000034789,Rab24,20034
ENSMUSG00000034792,Gna15,21283
ENSMUSG00000034793,G6pc3,11647
ENSMUSG00000034795,Ccdc122,11550
ENSMUSG00000034796,Cpne7,33531
ENSMUSG00000034799,Unc13a,38873
ENSMUSG00000034800,Zfp661,17329
ENSMUSG00000034801,Sos2,65163
ENSMUSG00000034807,Colgalt1,54796
ENSMUSG00000034810,Scn7a,7447
ENSMUSG00000034813,Grip1,75957
ENSMUSG00000034818,Celf5,28612
ENSMUSG00000034820,Cpsf7,42334
ENSMUSG00000034825,Nrip3,9885
ENSMUSG00000034826,Nup54,15280
ENSMUSG00000034829,Nxnl1,5648
ENSMUSG00000034832,Tet3,16848
ENSMUSG00000034833,Tespa1,6198
ENSMUSG00000034837,Gnat1,2328
ENSMUSG00000034839,Larp6,12862
ENSMUSG00000034842,Art3,20361
ENSMUSG00000034845,Plvap,11626
ENSMUSG00000034848,Ttc21b,45079
ENSMUSG00000034850,Tmem127,26891
ENSMUSG00000034853,Acot11,28970
ENSMUSG00000034854,Mfsd12,39604
ENSMUSG00000034855,Cxcl10,2454
ENSMUSG00000034858,Atosa,58102
ENSMUSG00000034863,Ano8,166588
ENSMUSG00000034867,Ankrd27,102563
ENSMUSG00000034868,Myl12b,25551
ENSMUSG00000034871,Fam151a,4358
ENSMUSG00000034872,Gipc3,3569
ENSMUSG00000034875,Nudt19,14057
ENSMUSG00000034880,Mrpl34,2494
ENSMUSG00000034881,Tbxa2r,13008
ENSMUSG00000034883,Lrr1,5978
ENSMUSG00000034889,Cactin,9728
ENSMUSG00000034891,Sncb,18170
ENSMUSG00000034892,Rps29,2530
ENSMUSG00000034893,Cog3,36614
ENSMUSG00000034898,Filip1,21706
ENSMUSG00000034902,Pip5k1c,52807
ENSMUSG00000034903,Cobll1,100848
ENSMUSG00000034906,Ncaph,16027
ENSMUSG00000034908,Sidt2,30280
ENSMUSG00000034910,Pygo1,18782
ENSMUSG00000034911,Ushbp1,24968
ENSMUSG00000034912,Mdga2,21020
ENSMUSG00000034913,Cby2,7542
ENSMUSG00000034917,Tjp3,22958
ENSMUSG00000034918,Cdhr2,4132
ENSMUSG00000034919,Ttc22,2829
ENSMUSG00000034923,Ly6g6f,9181
ENSMUSG00000034926,Dhcr24,11583
ENSMUSG00000034928,Rnf44,130887
ENSMUSG00000034930,Rtkn,22966
ENSMUSG00000034931,Dhx8,25161
ENSMUSG00000034932,Mrpl54,13627
ENSMUSG00000034936,Arl4d,3205
ENSMUSG00000034940,Synrg,206267
ENSMUSG00000034947,Tmem106a,16319
ENSMUSG00000034949,Zfr2,72325
ENSMUSG00000034951,Cog7,49859
ENSMUSG00000034957,Cebpa,4787
ENSMUSG00000034958,Atcay,33823
ENSMUSG00000034959,Rubcnl,7941
ENSMUSG00000034968,Lbx2,1682
ENSMUSG00000034973,Dop1a,75764
ENSMUSG00000034974,Dapk3,35546
ENSMUSG00000034981,Parm1,14441
ENSMUSG00000034987,Hrh2,12696
ENSMUSG00000034990,Otoa,16594
ENSMUSG00000034993,Vat1,9201
ENSMUSG00000034994,Eef2,64304
ENSMUSG00000034997,Htr2a,13142
ENSMUSG00000034998,Foxn2,51459
ENSMUSG00000035000,Dpp4,22049
ENSMUSG00000035004,Igsf6,8298
ENSMUSG00000035007,Rundc1,24398
ENSMUSG00000035011,Zbtb7a,90260
ENSMUSG00000035020,Epgn,3567
ENSMUSG00000035021,Baz1a,33672
ENSMUSG00000035024,Ncapd3,44401
ENSMUSG00000035027,Map2k2,54300
ENSMUSG00000035031,C8a,17469
ENSMUSG00000035032,Nek11,3194
ENSMUSG00000035033,Tbr1,6966
ENSMUSG00000035041,Creb3l3,25516
ENSMUSG00000035042,Ccl5,1626
ENSMUSG00000035045,Zc3h12b,2831
ENSMUSG00000035047,Kri1,15688
ENSMUSG00000035048,Anapc13,22402
ENSMUSG00000035049,Rrp12,25253
ENSMUSG00000035051,Dhx57,63678
ENSMUSG00000035057,Mgat4d,1293
ENSMUSG00000035062,Zc4h2,8962
ENSMUSG00000035064,Eef2k,143192
ENSMUSG00000035067,Xkr6,9443
ENSMUSG00000035069,Oma1,66605
ENSMUSG00000035078,Mtmr9,14790
ENSMUSG00000035085,1700020L24Rik,949
ENSMUSG00000035086,Becn1,37040
ENSMUSG00000035093,Secisbp2l,24630
ENSMUSG00000035095,Fam167a,20547
ENSMUSG00000035104,Eva1a,61866
ENSMUSG00000035105,Egln3,2689
ENSMUSG00000035107,Dcbld2,47142
ENSMUSG00000035109,Shc4,24500
ENSMUSG00000035112,Wnk4,8307
ENSMUSG00000035121,Neil2,1933
ENSMUSG00000035125,Gcfc2,6484
ENSMUSG00000035126,Dnai4,47785
ENSMUSG00000035131,Brinp3,129205
ENSMUSG00000035133,Arhgap5,151870
ENSMUSG00000035139,Secisbp2,51295
ENSMUSG00000035142,Nubpl,28529
ENSMUSG00000035148,Gpr33,1388
ENSMUSG00000035150,Eif2s3x,14105
ENSMUSG00000035151,Elmod2,39468
ENSMUSG00000035152,Ap2b1,62249
ENSMUSG00000035158,Mitf,53367
ENSMUSG00000035161,Ints6,134263
ENSMUSG00000035164,Zc3h12c,14902
ENSMUSG00000035165,Kcne3,86628
ENSMUSG00000035168,Tanc1,250724
ENSMUSG00000035171,1110059E24Rik,5670
ENSMUSG00000035172,Plekhh3,9568
ENSMUSG00000035173,Ccdc186,39951
ENSMUSG00000035177,Nlrp2,3404
ENSMUSG00000035179,Saxo4,4402
ENSMUSG00000035181,Heatr5a,34595
ENSMUSG00000035183,Slc24a5,15320
ENSMUSG00000035184,Fam124a,15172
ENSMUSG00000035186,Ubd,1819
ENSMUSG00000035187,Nkx6-1,3353
ENSMUSG00000035189,Ano4,68442
ENSMUSG00000035191,Rfpl4,4859
ENSMUSG00000035198,Tubg1,21881
ENSMUSG00000035199,Arl6ip5,16249
ENSMUSG00000035200,Chrnb4,7427
ENSMUSG00000035201,Pramel17,8975
ENSMUSG00000035202,Lars2,32083
ENSMUSG00000035203,Epn1,81597
ENSMUSG00000035206,Sppl2b,122899
ENSMUSG00000035208,Slfn8,14106
ENSMUSG00000035211,Xrra1,7540
ENSMUSG00000035212,Leprot,13625
ENSMUSG00000035215,Lsm7,19221
ENSMUSG00000035226,Rims4,15974
ENSMUSG00000035227,Spcs2,27089
ENSMUSG00000035228,Ccdc106,37830
ENSMUSG00000035232,Pdk3,30988
ENSMUSG00000035234,Abraxas1,14533
ENSMUSG00000035235,Trim13,11480
ENSMUSG00000035236,Scai,46477
ENSMUSG00000035237,Lcat,6310
ENSMUSG00000035238,Kcnk15,5004
ENSMUSG00000035239,Neu3,45324
ENSMUSG00000035242,Oaz1,1795
ENSMUSG00000035245,Eogt,43622
ENSMUSG00000035246,Pcyt1b,19367
ENSMUSG00000035247,Hectd1,230242
ENSMUSG00000035248,Tut7,59406
ENSMUSG00000035258,Abi3bp,54732
ENSMUSG00000035262,Amh,1670
ENSMUSG00000035266,Helq,38691
ENSMUSG00000035268,Pkig,43343
ENSMUSG00000035270,Impg2,13503
ENSMUSG00000035273,Hpse,14062
ENSMUSG00000035274,Tpbg,28331
ENSMUSG00000035275,Raver2,28484
ENSMUSG00000035277,Arx,5630
ENSMUSG00000035278,Plekhj1,17623
ENSMUSG00000035279,Ssc5d,19935
ENSMUSG00000035283,Adrb1,2952
ENSMUSG00000035284,Vps13c,13631
ENSMUSG00000035285,Nat14,15897
ENSMUSG00000035293,G2e3,33569
ENSMUSG00000035295,Wdr38,4661
ENSMUSG00000035296,Sgcg,53395
ENSMUSG00000035297,Cops4,26498
ENSMUSG00000035298,Klhl35,6000
ENSMUSG00000035299,Mid1,37113
ENSMUSG00000035305,Ror1,5790
ENSMUSG00000035311,Gnptab,15294
ENSMUSG00000035314,Gdpd5,101807
ENSMUSG00000035325,Sec31a,145208
ENSMUSG00000035329,Fbxo33,3699
ENSMUSG00000035337,Uchl4,1162
ENSMUSG00000035342,Lzts2,46068
ENSMUSG00000035351,Nup37,12518
ENSMUSG00000035352,Ccl12,803
ENSMUSG00000035354,Uvrag,96635
ENSMUSG00000035355,Kcnh4,11060
ENSMUSG00000035356,Nfkbiz,19815
ENSMUSG00000035357,Pdzrn3,14129
ENSMUSG00000035365,Parpbp,13559
ENSMUSG00000035367,Rmi1,92194
ENSMUSG00000035370,Gm49322,4516
ENSMUSG00000035371,Ssxb13,602
ENSMUSG00000035372,1810055G02Rik,26006
ENSMUSG00000035373,Ccl7,807
ENSMUSG00000035376,Hacd2,23166
ENSMUSG00000035378,Shq1,89074
ENSMUSG00000035382,Pcsk7,34783
ENSMUSG00000035383,Pmch,2044
ENSMUSG00000035385,Ccl2,813
ENSMUSG00000035387,Ppp4r3c1,2617
ENSMUSG00000035390,Brsk1,11061
ENSMUSG00000035392,Dennd1a,22575
ENSMUSG00000035394,Cfap53,1888
ENSMUSG00000035395,Dcaf8l,8365
ENSMUSG00000035397,Klf16,5397
ENSMUSG00000035399,Oser1,38903
ENSMUSG00000035401,Emsy,296829
ENSMUSG00000035403,Crb2,6372
ENSMUSG00000035407,Kank4,4964
ENSMUSG00000035413,Tmem98,5441
ENSMUSG00000035420,Fam170a,8198
ENSMUSG00000035427,Mageb4,4822
ENSMUSG00000035429,Ptprh,7137
ENSMUSG00000035431,Sstr1,7835
ENSMUSG00000035435,Abca17,16582
ENSMUSG00000035437,Rabgap1,77774
ENSMUSG00000035439,Haus8,32802
ENSMUSG00000035441,Myo1d,27767
ENSMUSG00000035443,Thyn1,15261
ENSMUSG00000035448,Ccr3,3272
ENSMUSG00000035451,Foxa1,3228
ENSMUSG00000035454,Samt3,2048
ENSMUSG00000035455,Fignl1,45427
ENSMUSG00000035456,Prdm8,62709
ENSMUSG00000035458,Tnni3,16597
ENSMUSG00000035459,Stab2,10236
ENSMUSG00000035469,Rcbtb1,167056
ENSMUSG00000035472,Slc25a21,5693
ENSMUSG00000035473,Galm,7004
ENSMUSG00000035476,Tab3,61057
ENSMUSG00000035478,Mbd3,100022
ENSMUSG00000035486,Plk5,48974
ENSMUSG00000035491,Fthl17a,3566
ENSMUSG00000035493,Tgfbi,10802
ENSMUSG00000035495,Tstd2,49510
ENSMUSG00000035498,Cdcp1,5318
ENSMUSG00000035504,Reep6,10628
ENSMUSG00000035505,Cox18,7570
ENSMUSG00000035506,Slc12a8,47826
ENSMUSG00000035509,Fbxl21,12651
ENSMUSG00000035513,Ntng2,6939
ENSMUSG00000035517,Tdrd7,77246
ENSMUSG00000035521,Gnptg,36315
ENSMUSG00000035522,Tsga8,1070
ENSMUSG00000035523,Vmn1r172,18118
ENSMUSG00000035528,Npffr2,1643
ENSMUSG00000035529,Prdm4,54140
ENSMUSG00000035530,Eif1,6553
ENSMUSG00000035539,Ccdc180,9573
ENSMUSG00000035540,Gc,33099
ENSMUSG00000035545,Leng8,51959
ENSMUSG00000035547,Capn5,53336
ENSMUSG00000035551,Igfbpl1,3078
ENSMUSG00000035557,Krt17,3343
ENSMUSG00000035559,Mpv17l2,6754
ENSMUSG00000035560,Wdr20rt,8621
ENSMUSG00000035561,Aldh1b1,2434
ENSMUSG00000035566,Pcdh17,91188
ENSMUSG00000035569,Ankrd11,64432
ENSMUSG00000035572,Dcaf10,15382
ENSMUSG00000035575,Utp6,22785
ENSMUSG00000035576,L3mbtl1,47453
ENSMUSG00000035578,Iqcg,30417
ENSMUSG00000035580,Kcnh8,5806
ENSMUSG00000035582,Gdpd4,4957
ENSMUSG00000035585,Tsen34,45493
ENSMUSG00000035592,Krt33a,1683
ENSMUSG00000035594,Chrna5,8493
ENSMUSG00000035595,Fam174c,678
ENSMUSG00000035596,Mboat7,27907
ENSMUSG00000035597,Prpf39,20313
ENSMUSG00000035601,Trmt10b,47363
ENSMUSG00000035606,Ky,5840
ENSMUSG00000035614,Togaram1,45449
ENSMUSG00000035615,Frmpd1,62440
ENSMUSG00000035620,Ric8b,77634
ENSMUSG00000035621,Midn,21889
ENSMUSG00000035623,Rsf1,63726
ENSMUSG00000035626,Or4e2,8325
ENSMUSG00000035629,Rubcn,42836
ENSMUSG00000035632,Cnot3,93336
ENSMUSG00000035637,Grhpr,35467
ENSMUSG00000035638,Muc20,6024
ENSMUSG00000035640,Cbarp,25358
ENSMUSG00000035642,Aamdc,22019
ENSMUSG00000035649,Zcchc7,12765
ENSMUSG00000035651,4930480E11Rik,1486
ENSMUSG00000035653,Lrfn5,76322
ENSMUSG00000035666,Gtf3c4,27159
ENSMUSG00000035671,Zswim4,13866
ENSMUSG00000035673,Sbno2,71312
ENSMUSG00000035674,Ndufa3,3395
ENSMUSG00000035678,Tnfsf9,3935
ENSMUSG00000035681,Kcnc2,79614
ENSMUSG00000035683,Melk,40675
ENSMUSG00000035686,Thrsp,6464
ENSMUSG00000035692,Isg15,2008
ENSMUSG00000035694,Caps2,8459
ENSMUSG00000035696,Rnf38,81919
ENSMUSG00000035697,Arhgap45,26780
ENSMUSG00000035699,Slc51a,4665
ENSMUSG00000035704,Alg8,11657
ENSMUSG00000035711,Dok3,3190
ENSMUSG00000035713,Usp35,21138
ENSMUSG00000035722,Abca7,74347
ENSMUSG00000035725,Prkx,55412
ENSMUSG00000035726,Supt16,29254
ENSMUSG00000035735,Dagla,56033
ENSMUSG00000035745,Grin3b,6548
ENSMUSG00000035754,Wdr18,32568
ENSMUSG00000035757,Selenoo,2383
ENSMUSG00000035759,Bbs10,10451
ENSMUSG00000035762,Tmem161b,20205
ENSMUSG00000035764,Fbxo45,16484
ENSMUSG00000035765,Dym,88633
ENSMUSG00000035769,Xylb,11358
ENSMUSG00000035770,Dync1li2,48298
ENSMUSG00000035772,Mrps2,31342
ENSMUSG00000035773,Kiss1r,34265
ENSMUSG00000035775,Krt20,1938
ENSMUSG00000035776,Cd99l2,114930
ENSMUSG00000035778,Ggta1,58635
ENSMUSG00000035780,Ugt2a3,3475
ENSMUSG00000035781,R3hdm4,23720
ENSMUSG00000035783,Acta2,16121
ENSMUSG00000035785,Cmtm2b,7115
ENSMUSG00000035790,Cep19,21476
ENSMUSG00000035798,Zdhhc17,9638
ENSMUSG00000035799,Twist1,1653
ENSMUSG00000035804,Ins1,1062
ENSMUSG00000035805,Mlc1,61356
ENSMUSG00000035811,Ugt2b35,3967
ENSMUSG00000035818,Plekhs1,4904
ENSMUSG00000035824,Tk2,16110
ENSMUSG00000035828,Pim3,18297
ENSMUSG00000035829,Ppp1r26,76994
ENSMUSG00000035831,Krt25,1989
ENSMUSG00000035834,Polr3g,22956
ENSMUSG00000035835,Plppr3,19436
ENSMUSG00000035836,Ugt2b1,6602
ENSMUSG00000035840,Lysmd3,31632
ENSMUSG00000035842,Ddx11,50236
ENSMUSG00000035845,Alg12,19691
ENSMUSG00000035847,Ids,19915
ENSMUSG00000035849,Krt222,6243
ENSMUSG00000035851,Ythdc1,68077
ENSMUSG00000035852,Misp,7528
ENSMUSG00000035860,Cdhr3,6479
ENSMUSG00000035861,Tmprss11b,4171
ENSMUSG00000035863,Palm,50830
ENSMUSG00000035864,Syt1,128055
ENSMUSG00000035868,Zfp983,109716
ENSMUSG00000035873,Pawr,5281
ENSMUSG00000035875,AI182371,25195
ENSMUSG00000035877,Zhx3,95845
ENSMUSG00000035878,Hykk,13050
ENSMUSG00000035885,Cox8a,2769
ENSMUSG00000035890,Rnf126,53743
ENSMUSG00000035891,Cerk,43718
ENSMUSG00000035896,Rnase1,997
ENSMUSG00000035898,Uba6,20099
ENSMUSG00000035900,Gramd4,8423
ENSMUSG00000035901,Dennd5a,80047
ENSMUSG00000035910,Dcdc2a,32218
ENSMUSG00000035914,Cd276,39869
ENSMUSG00000035916,Ptprq,8859
ENSMUSG00000035919,Bbs9,51778
ENSMUSG00000035923,Myf6,2736
ENSMUSG00000035929,H2-Q4,3322
ENSMUSG00000035930,Chst4,16889
ENSMUSG00000035932,Or6s1,6921
ENSMUSG00000035933,Cog5,49254
ENSMUSG00000035934,Pknox2,115591
ENSMUSG00000035936,Aldh5a1,25725
ENSMUSG00000035941,Ibtk,59621
ENSMUSG00000035944,Ttc38,13868
ENSMUSG00000035946,Gsx2,3125
ENSMUSG00000035948,Acss3,31621
ENSMUSG00000035949,Fbxw2,49857
ENSMUSG00000035951,Ascl3,1138
ENSMUSG00000035953,Pip4p1,36504
ENSMUSG00000035954,Dock4,100101
ENSMUSG00000035958,Tdp2,10645
ENSMUSG00000035960,Apex1,23694
ENSMUSG00000035963,Cimap1d,6156
ENSMUSG00000035964,Tmem59l,26980
ENSMUSG00000035967,Ints6l,40209
ENSMUSG00000035969,Rusc2,26341
ENSMUSG00000035984,Nme5,19001
ENSMUSG00000035992,Fnip1,44906
ENSMUSG00000036002,Atosb,96100
ENSMUSG00000036006,Ripor2,65601
ENSMUSG00000036009,Mettl25,10543
ENSMUSG00000036013,Pabir3,8417
ENSMUSG00000036019,Tmtc2,5629
ENSMUSG00000036022,Pabir2,24503
ENSMUSG00000036023,Parp2,8752
ENSMUSG00000036026,Tmem63b,73586
ENSMUSG00000036027,Pou2af2,5124
ENSMUSG00000036030,Prtg,10512
ENSMUSG00000036036,Zfp57,174983
ENSMUSG00000036040,Adamtsl2,18536
ENSMUSG00000036046,5031439G07Rik,19913
ENSMUSG00000036052,Dnajb5,32235
ENSMUSG00000036053,Fmnl2,20782
ENSMUSG00000036054,Sugp2,87839
ENSMUSG00000036057,Ptpn23,15159
ENSMUSG00000036061,Smug1,49630
ENSMUSG00000036062,Phf24,127151
ENSMUSG00000036067,Slc2a6,13921
ENSMUSG00000036073,Galt,8452
ENSMUSG00000036078,Sigmar1,18570
ENSMUSG00000036083,Slc17a3,17662
ENSMUSG00000036086,Zranb3,67468
ENSMUSG00000036087,Slain2,31279
ENSMUSG00000036091,Hyal3,5228
ENSMUSG00000036093,Arl5a,15514
ENSMUSG00000036095,Dgkb,209725
ENSMUSG00000036097,Slf2,27699
ENSMUSG00000036098,Myrf,47624
ENSMUSG00000036099,Vezt,143137
ENSMUSG00000036103,Colec12,15001
ENSMUSG00000036104,Rab3gap1,97987
ENSMUSG00000036106,Prr5,18079
ENSMUSG00000036109,Mbnl3,80125
ENSMUSG00000036110,Slc17a2,78767
ENSMUSG00000036111,Lmo1,4278
ENSMUSG00000036112,Metap2,71911
ENSMUSG00000036114,Rpp25l,6945
ENSMUSG00000036117,Il5,1537
ENSMUSG00000036120,Rfxank,36032
ENSMUSG00000036123,Slc9a3,12912
ENSMUSG00000036131,Frmd7,12236
ENSMUSG00000036136,Fam110c,4652
ENSMUSG00000036138,Acaa1a,12248
ENSMUSG00000036139,Hoxc9,9900
ENSMUSG00000036144,Meox2,4559
ENSMUSG00000036151,Tm6sf2,2886
ENSMUSG00000036155,Mgat5,19790
ENSMUSG00000036158,Prickle1,114077
ENSMUSG00000036160,Surf6,14213
ENSMUSG00000036167,Pphln1,118897
ENSMUSG00000036168,Ccdc38,10997
ENSMUSG00000036169,Sostdc1,1782
ENSMUSG00000036172,Cd200r3,12968
ENSMUSG00000036180,Gatad2a,373495
ENSMUSG00000036181,H1f2,1560
ENSMUSG00000036185,Sapcd1,2773
ENSMUSG00000036186,Dipk1b,20418
ENSMUSG00000036188,Ankmy2,7880
ENSMUSG00000036192,Rorb,26889
ENSMUSG00000036196,Slc26a8,40793
ENSMUSG00000036197,Gxylt1,52536
ENSMUSG00000036198,Arhgap36,27684
ENSMUSG00000036199,Ndufa13,5163
ENSMUSG00000036202,Rif1,138294
ENSMUSG00000036206,Sh3bp4,79142
ENSMUSG00000036208,Nepro,11415
ENSMUSG00000036211,H1f6,912
ENSMUSG00000036214,Polr1has,7135
ENSMUSG00000036216,Leap2,1666
ENSMUSG00000036218,Pdzrn4,7261
ENSMUSG00000036223,Ska1,10317
ENSMUSG00000036225,Kctd1,7135
ENSMUSG00000036231,Agr3,826
ENSMUSG00000036241,Ube2r2,20748
ENSMUSG00000036242,Armh4,32604
ENSMUSG00000036244,Tbc1d21,3911
ENSMUSG00000036246,Gmip,17703
ENSMUSG00000036249,Rbm43,51463
ENSMUSG00000036251,Trpm8,12865
ENSMUSG00000036256,Igfbp7,36624
ENSMUSG00000036257,Pnpla8,85876
ENSMUSG00000036264,Fstl4,42827
ENSMUSG00000036270,Edc4,18994
ENSMUSG00000036273,Lrrk2,42185
ENSMUSG00000036275,9530068E07Rik,12720
ENSMUSG00000036278,Macrod1,54460
ENSMUSG00000036281,Snapc4,13125
ENSMUSG00000036282,Naa30,67839
ENSMUSG00000036285,Noa1,20304
ENSMUSG00000036291,Ap5m1,36071
ENSMUSG00000036292,Gramd1c,13685
ENSMUSG00000036295,Lrrn3,31266
ENSMUSG00000036298,Slc2a13,9380
ENSMUSG00000036299,BC031181,27216
ENSMUSG00000036304,Zdhhc23,93367
ENSMUSG00000036306,Lzts1,8846
ENSMUSG00000036309,Skp1,20423
ENSMUSG00000036315,Polr1h,3949
ENSMUSG00000036322,H2-Ea,1042
ENSMUSG00000036323,Srp72,13823
ENSMUSG00000036327,Qsox2,25316
ENSMUSG00000036330,Slc18a1,17227
ENSMUSG00000036333,Kidins220,259423
ENSMUSG00000036334,Igsf10,29347
ENSMUSG00000036339,Tmem260,41451
ENSMUSG00000036352,Ubac1,65364
ENSMUSG00000036353,P2ry12,18775
ENSMUSG00000036356,Csgalnact1,68377
ENSMUSG00000036357,Gpr101,5410
ENSMUSG00000036362,P2ry13,3303
ENSMUSG00000036368,Rmdn2,42741
ENSMUSG00000036371,Serbp1,161610
ENSMUSG00000036372,Tmem258,12506
ENSMUSG00000036376,Abt1,8776
ENSMUSG00000036377,Cracd,27172
ENSMUSG00000036381,P2ry14,18340
ENSMUSG00000036390,Gadd45a,3359
ENSMUSG00000036391,Sec24a,32657
ENSMUSG00000036395,Glb1l2,35005
ENSMUSG00000036398,Ppp1r11,11881
ENSMUSG00000036401,Glt6d1,2382
ENSMUSG00000036402,Gng12,147523
ENSMUSG00000036403,Cep135,10851
ENSMUSG00000036411,Matcap2,17281
ENSMUSG00000036412,Arsi,3944
ENSMUSG00000036422,Pcdh8,15368
ENSMUSG00000036427,Gpi1,77939
ENSMUSG00000036430,Tbcc,1164
ENSMUSG00000036432,Siah2,9821
ENSMUSG00000036435,Exoc1,141868
ENSMUSG00000036437,Npy1r,77559
ENSMUSG00000036438,Calm2,5724
ENSMUSG00000036442,Thap11,1819
ENSMUSG00000036446,Lum,18487
ENSMUSG00000036449,Lcn8,659
ENSMUSG00000036450,Hif1an,18612
ENSMUSG00000036452,Arhgap26,64056
ENSMUSG00000036459,Wtip,11772
ENSMUSG00000036461,Elf1,36240
ENSMUSG00000036463,4930544G11Rik,1406
ENSMUSG00000036466,Megf11,76426
ENSMUSG00000036469,Marchf1,70755
ENSMUSG00000036473,Tbc1d24,129881
ENSMUSG00000036478,Btg1,9817
ENSMUSG00000036480,Prss56,8662
ENSMUSG00000036492,Rnf39,4684
ENSMUSG00000036499,Eea1,36441
ENSMUSG00000036500,Akp3,1680
ENSMUSG00000036501,Fam13b,100320
ENSMUSG00000036502,Tmem255a,35946
ENSMUSG00000036503,Rnf13,108984
ENSMUSG00000036504,Phpt1,8967
ENSMUSG00000036510,Cdh8,48667
ENSMUSG00000036513,Commd2,9477
ENSMUSG00000036521,Scgb2b2,877
ENSMUSG00000036523,Greb1,33859
ENSMUSG00000036526,Card11,14737
ENSMUSG00000036528,Ppfibp2,68664
ENSMUSG00000036529,Sbf1,180892
ENSMUSG00000036533,Cdc42ep3,23887
ENSMUSG00000036534,Slc38a7,40274
ENSMUSG00000036537,Rnf113a1,1223
ENSMUSG00000036545,Adamts2,53026
ENSMUSG00000036550,Cnot1,143551
ENSMUSG00000036551,Akap14,1806
ENSMUSG00000036552,Ermard,37982
ENSMUSG00000036553,Sh3tc1,72687
ENSMUSG00000036555,Iqce,117585
ENSMUSG00000036557,Stpg4,8854
ENSMUSG00000036560,Lgi4,17023
ENSMUSG00000036561,Ppp6r2,175371
ENSMUSG00000036564,Ndrg4,112628
ENSMUSG00000036565,Ttyh3,51948
ENSMUSG00000036568,Bicral,46613
ENSMUSG00000036570,Fxyd1,59657
ENSMUSG00000036572,Upf3b,12600
ENSMUSG00000036574,Tex44,1724
ENSMUSG00000036578,Fxyd7,7299
ENSMUSG00000036580,Spart,113373
ENSMUSG00000036585,Fgf1,114512
ENSMUSG00000036586,Grifin,615
ENSMUSG00000036587,Fut7,7980
ENSMUSG00000036591,Arhgap21,49833
ENSMUSG00000036594,H2-Aa,5319
ENSMUSG00000036596,Cpz,10488
ENSMUSG00000036598,Ccdc113,1294
ENSMUSG00000036599,Chst12,31745
ENSMUSG00000036602,Alx1,10446
ENSMUSG00000036606,Plxnb2,65702
ENSMUSG00000036611,Eepd1,65289
ENSMUSG00000036613,Eipr1,37847
ENSMUSG00000036615,Rfxap,2198
ENSMUSG00000036617,Etl4,113620
ENSMUSG00000036620,Mgat4b,24008
ENSMUSG00000036622,Atp13a2,140713
ENSMUSG00000036632,Alg5,9078
ENSMUSG00000036634,Mag,99176
ENSMUSG00000036636,Clcn7,48464
ENSMUSG00000036639,Nudt1,16495
ENSMUSG00000036641,Ccdc148,9236
ENSMUSG00000036644,Tbc1d9b,374469
ENSMUSG00000036646,Man1b1,40802
ENSMUSG00000036647,Or6b9,16598
ENSMUSG00000036655,Colec11,7162
ENSMUSG00000036658,Or2b6,4207
ENSMUSG00000036661,Dennd3,24688
ENSMUSG00000036667,Tcaf1,145032
ENSMUSG00000036672,Cenpt,28181
ENSMUSG00000036676,Tmtc3,19790
ENSMUSG00000036678,Aaas,12405
ENSMUSG00000036686,Cc2d1a,42568
ENSMUSG00000036687,Tmem184a,12331
ENSMUSG00000036693,Nop14,8157
ENSMUSG00000036698,Ago2,13800
ENSMUSG00000036699,Zcchc12,49668
ENSMUSG00000036707,Cab39,82581
ENSMUSG00000036712,Cyld,308539
ENSMUSG00000036718,Micall2,6503
ENSMUSG00000036721,Zscan12,89265
ENSMUSG00000036731,Cysrt1,1782
ENSMUSG00000036733,Rbm42,21914
ENSMUSG00000036737,Oxsr1,36488
ENSMUSG00000036743,Psma8,7316
ENSMUSG00000036744,Or2ag2b,11034
ENSMUSG00000036745,Ttll7,60229
ENSMUSG00000036748,Cuedc2,111310
ENSMUSG00000036749,Pramel5,2147
ENSMUSG00000036751,Cox6b1,12931
ENSMUSG00000036752,Tubb4b,13707
ENSMUSG00000036760,Kcnk9,13667
ENSMUSG00000036764,Dnajc12,5853
ENSMUSG00000036766,Dner,43950
ENSMUSG00000036768,Kif15,24172
ENSMUSG00000036769,Wdr44,24566
ENSMUSG00000036770,Stpg3,2874
ENSMUSG00000036775,Decr2,41387
ENSMUSG00000036777,Anln,47133
ENSMUSG00000036779,Tent4b,53091
ENSMUSG00000036781,Rps27l,5505
ENSMUSG00000036782,Klhl13,126081
ENSMUSG00000036790,Slitrk2,40254
ENSMUSG00000036792,Mbd5,98976
ENSMUSG00000036800,Fam135b,19119
ENSMUSG00000036805,Noxa1,3250
ENSMUSG00000036810,Cnep1r1,26005
ENSMUSG00000036813,Entpd8,18945
ENSMUSG00000036814,Slc6a20a,9244
ENSMUSG00000036815,Dpp10,85744
ENSMUSG00000036816,Atoh7,1629
ENSMUSG00000036817,Sun1,214114
ENSMUSG00000036819,Jmjd4,34238
ENSMUSG00000036820,Amdhd2,25800
ENSMUSG00000036822,Topors,11361
ENSMUSG00000036825,Ssx2ip,125655
ENSMUSG00000036826,Igflr1,3114
ENSMUSG00000036832,Lpar3,2519
ENSMUSG00000036833,Pnpla7,81576
ENSMUSG00000036834,Plch1,53141
ENSMUSG00000036835,Psenen,5674
ENSMUSG00000036840,Siah1a,44661
ENSMUSG00000036845,Lin37,10470
ENSMUSG00000036850,Mrpl41,12750
ENSMUSG00000036853,Mcoln3,2991
ENSMUSG00000036854,Hspb6,9487
ENSMUSG00000036855,Gjd4,2661
ENSMUSG00000036856,Wnt4,38782
ENSMUSG00000036858,Ptcra,3841
ENSMUSG00000036860,Mrpl55,54711
ENSMUSG00000036862,Dchs1,10754
ENSMUSG00000036863,Syde2,27174
ENSMUSG00000036864,Proser3,14634
ENSMUSG00000036867,Smad6,8586
ENSMUSG00000036872,Abcc12,12765
ENSMUSG00000036873,2410004B18Rik,5794
ENSMUSG00000036875,Dna2,25071
ENSMUSG00000036879,Phkb,83891
ENSMUSG00000036880,Acaa2,27382
ENSMUSG00000036882,Arhgap33,22458
ENSMUSG00000036885,Arhgef26,31548
ENSMUSG00000036887,C1qa,5850
ENSMUSG00000036890,Gtdc1,33444
ENSMUSG00000036892,Prodh2,24802
ENSMUSG00000036893,Ehmt1,148914
ENSMUSG00000036894,Rap2b,6793
ENSMUSG00000036896,C1qc,7748
ENSMUSG00000036898,Zfp157,25888
ENSMUSG00000036899,Trpv5,5268
ENSMUSG00000036902,Neto2,61549
ENSMUSG00000036904,Fzd8,5974
ENSMUSG00000036905,C1qb,26522
ENSMUSG00000036907,C1ql2,2011
ENSMUSG00000036908,Unc93b1,21895
ENSMUSG00000036912,Piwil4,5960
ENSMUSG00000036913,Trim67,14429
ENSMUSG00000036915,Kirrel2,16176
ENSMUSG00000036916,Zfp280c,67620
ENSMUSG00000036918,Ttc7,53708
ENSMUSG00000036921,Tex46,1956
ENSMUSG00000036923,Stox1,10445
ENSMUSG00000036924,Cst13,4094
ENSMUSG00000036925,Mucl2,1484
ENSMUSG00000036928,Stag3,12843
ENSMUSG00000036931,Nfkbid,6061
ENSMUSG00000036932,Aifm1,32969
ENSMUSG00000036934,4921524J17Rik,18736
ENSMUSG00000036938,Try5,805
ENSMUSG00000036940,Kdm1a,42636
ENSMUSG00000036941,Elac1,37409
ENSMUSG00000036943,Rab8b,23397
ENSMUSG00000036944,Tmem71,9826
ENSMUSG00000036948,Trappc14,19914
ENSMUSG00000036949,Slc39a12,86065
ENSMUSG00000036951,Aadacl2fm1,2789
ENSMUSG00000036955,Kifbp,31710
ENSMUSG00000036957,Lrfn3,3251
ENSMUSG00000036958,Cst11,621
ENSMUSG00000036959,Bcorl1,22406
ENSMUSG00000036960,Clca2,6762
ENSMUSG00000036961,Wnt8b,3380
ENSMUSG00000036962,Cfap221,9550
ENSMUSG00000036964,Trim17,30521
ENSMUSG00000036966,Spryd3,21908
ENSMUSG00000036968,Cnpy4,5649
ENSMUSG00000036972,Zic4,52463
ENSMUSG00000036975,Tmem177,18187
ENSMUSG00000036977,Anapc10,160122
ENSMUSG00000036980,Taf6,62008
ENSMUSG00000036983,Tfb1m,9773
ENSMUSG00000036985,Zdhhc9,57731
ENSMUSG00000036986,Pml,72940
ENSMUSG00000036989,Trim3,46278
ENSMUSG00000036990,Otud4,53628
ENSMUSG00000036992,Nxt1,17443
ENSMUSG00000036995,Asap3,19074
ENSMUSG00000037001,Zfp39,3931
ENSMUSG00000037003,Tns2,14195
ENSMUSG00000037005,Xpnpep2,18380
ENSMUSG00000037007,Zfp113,8318
ENSMUSG00000037010,Apln,10171
ENSMUSG00000037012,Hk1,42032
ENSMUSG00000037013,Ss18,95665
ENSMUSG00000037014,Sstr4,7394
ENSMUSG00000037016,Frem2,12384
ENSMUSG00000037017,Zscan21,51047
ENSMUSG00000037020,Wdr62,52707
ENSMUSG00000037022,Mmaa,243343
ENSMUSG00000037025,Foxa2,5451
ENSMUSG00000037028,Pramel18,1555
ENSMUSG00000037029,Zfp146,26156
ENSMUSG00000037031,Tspan15,25077
ENSMUSG00000037032,Apbb1,64388
ENSMUSG00000037033,Clca3b,3518
ENSMUSG00000037034,Pax1,2647
ENSMUSG00000037035,Inhbb,4300
ENSMUSG00000037049,Smpd1,4823
ENSMUSG00000037053,Azgp1,10892
ENSMUSG00000037058,Paip2,120553
ENSMUSG00000037060,Cavin3,5840
ENSMUSG00000037062,Sh3glb1,59698
ENSMUSG00000037070,Rbmxl1,44832
ENSMUSG00000037071,Scd1,29154
ENSMUSG00000037072,Selenof,2978
ENSMUSG00000037075,Rnf139,16517
ENSMUSG00000037085,Trmt12,4454
ENSMUSG00000037086,Prr32,1131
ENSMUSG00000037089,Slc35b2,17456
ENSMUSG00000037095,Lrg1,5633
ENSMUSG00000037098,Rab11fip3,104970
ENSMUSG00000037101,Ttc29,5284
ENSMUSG00000037103,Dcaf15,12804
ENSMUSG00000037104,Socs5,52433
ENSMUSG00000037106,Fer1l6,5714
ENSMUSG00000037108,Zcwpw1,22030
ENSMUSG00000037110,Ralgapa2,55971
ENSMUSG00000037111,Setd7,7411
ENSMUSG00000037112,Sik2,39195
ENSMUSG00000037119,Fam91a1,23701
ENSMUSG00000037124,Trim58,5467
ENSMUSG00000037126,Psd,67677
ENSMUSG00000037129,Tmprss13,3272
ENSMUSG00000037130,H2-M10.6,1407
ENSMUSG00000037134,Prmt9,25527
ENSMUSG00000037138,Aff3,141802
ENSMUSG00000037139,Myom3,5584
ENSMUSG00000037140,Tas2r108,1013
ENSMUSG00000037143,Cfap61,20557
ENSMUSG00000037145,Lypd8l,2806
ENSMUSG00000037148,Arhgap10,71860
ENSMUSG00000037149,Ddx1,72216
ENSMUSG00000037151,Lrrc20,25841
ENSMUSG00000037152,Ndufc1,10430
ENSMUSG00000037157,Il22ra1,2624
ENSMUSG00000037159,Wee2,5692
ENSMUSG00000037161,Mgarp,3906
ENSMUSG00000037166,Ppp1r14a,5066
ENSMUSG00000037167,Spaca5,640
ENSMUSG00000037169,Mycn,27902
ENSMUSG00000037171,Nodal,7436
ENSMUSG00000037172,Dennd11,35186
ENSMUSG00000037174,Elf2,55840
ENSMUSG00000037185,Krt80,9805
ENSMUSG00000037188,Grhl3,14844
ENSMUSG00000037190,Cyb561d2,6985
ENSMUSG00000037196,Pacrg,5057
ENSMUSG00000037197,Rbm17,13350
ENSMUSG00000037202,Prf1,7755
ENSMUSG00000037204,Atg101,19927
ENSMUSG00000037206,Islr,21305
ENSMUSG00000037210,Fam193a,32343
ENSMUSG00000037211,Spry1,22361
ENSMUSG00000037214,Thap1,9097
ENSMUSG00000037216,Lipt1,39286
ENSMUSG00000037217,Syn1,25841
ENSMUSG00000037221,Mospd3,11678
ENSMUSG00000037224,Zfyve28,54210
ENSMUSG00000037225,Fgf2,21428
ENSMUSG00000037234,Hook3,42593
ENSMUSG00000037235,Mxd4,8086
ENSMUSG00000037236,Matr3,226393
ENSMUSG00000037239,Spred3,8540
ENSMUSG00000037242,Clic4,26202
ENSMUSG00000037243,Zfp692,15633
ENSMUSG00000037246,H2-M10.5,1383
ENSMUSG00000037251,Pomk,40576
ENSMUSG00000037253,Mex3c,12625
ENSMUSG00000037254,Itih2,18211
ENSMUSG00000037257,Aagab,160397
ENSMUSG00000037259,Dzank1,131796
ENSMUSG00000037260,Hgsnat,29724
ENSMUSG00000037262,Kin,11759
ENSMUSG00000037263,Aldh3b3,3827
ENSMUSG00000037266,Rsrp1,11140
ENSMUSG00000037270,Bltp1,36299
ENSMUSG00000037275,Gemin5,104384
ENSMUSG00000037278,Tmem97,8601
ENSMUSG00000037279,Ovol2,6156
ENSMUSG00000037280,Galnt6,45710
ENSMUSG00000037286,Stag1,67241
ENSMUSG00000037287,Tbcel,44410
ENSMUSG00000037295,Ldlrap1,55905
ENSMUSG00000037296,Lsm1,22316
ENSMUSG00000037300,Ttc13,116220
ENSMUSG00000037306,Man1c1,24719
ENSMUSG00000037307,Banf2,7695
ENSMUSG00000037313,Tacc3,43916
ENSMUSG00000037315,Jade3,22884
ENSMUSG00000037316,Bag4,33445
ENSMUSG00000037318,Traf3ip3,7399
ENSMUSG00000037321,Tap1,24066
ENSMUSG00000037325,Bbs7,33436
ENSMUSG00000037326,Capn15,97184
ENSMUSG00000037331,Larp1,126851
ENSMUSG00000037334,H2-M1,1057
ENSMUSG00000037335,Hand1,3712
ENSMUSG00000037336,Mfsd2b,5704
ENSMUSG00000037337,Map4k1,23145
ENSMUSG00000037339,Fam53a,60680
ENSMUSG00000037341,Slc9a7,52296
ENSMUSG00000037343,Taf2,13760
ENSMUSG00000037344,Slc12a9,27372
ENSMUSG00000037346,Hrh4,6135
ENSMUSG00000037347,Chst7,2206
ENSMUSG00000037348,Paqr7,34871
ENSMUSG00000037349,Nudt22,8158
ENSMUSG00000037351,Actr1b,59220
ENSMUSG00000037353,Letmd1,38593
ENSMUSG00000037355,Uvssa,33937
ENSMUSG00000037358,Dipk2b,1896
ENSMUSG00000037361,Sf3b6,5721
ENSMUSG00000037362,Ccn3,14025
ENSMUSG00000037363,Letm2,48888
ENSMUSG00000037364,Srrt,55168
ENSMUSG00000037366,Pafah2,29775
ENSMUSG00000037369,Kdm6a,39394
ENSMUSG00000037370,Enpp1,9498
ENSMUSG00000037373,Ctbp1,85238
ENSMUSG00000037375,Hhat,6572
ENSMUSG00000037376,Trmt6,11351
ENSMUSG00000037379,Spon2,20867
ENSMUSG00000037386,Rims2,471390
ENSMUSG00000037390,Muc17,14091
ENSMUSG00000037393,Nmur2,3315
ENSMUSG00000037395,Rcor3,34685
ENSMUSG00000037400,Atp11b,55316
ENSMUSG00000037405,Icam1,12496
ENSMUSG00000037406,Htra4,8704
ENSMUSG00000037408,Cnnm4,4547
ENSMUSG00000037410,Tbc1d2b,15320
ENSMUSG00000037411,Serpine1,4243
ENSMUSG00000037415,Ranbp10,31439
ENSMUSG00000037416,Dmxl1,50642
ENSMUSG00000037418,Best1,2080
ENSMUSG00000037419,Endod1,5148
ENSMUSG00000037424,Taar9,1047
ENSMUSG00000037426,Depdc5,195818
ENSMUSG00000037428,Vgf,8094
ENSMUSG00000037432,Fer1l5,6315
ENSMUSG00000037434,Slc30a1,12702
ENSMUSG00000037437,Adam32,13449
ENSMUSG00000037440,Vnn1,9196
ENSMUSG00000037443,Cep85,52127
ENSMUSG00000037446,Tulp1,6894
ENSMUSG00000037447,Arid5a,44351
ENSMUSG00000037451,Slc22a20,3494
ENSMUSG00000037455,Slc18b1,11734
ENSMUSG00000037458,Azin1,122560
ENSMUSG00000037461,Ints7,13626
ENSMUSG00000037463,Fbxo27,31984
ENSMUSG00000037465,Klf10,10285
ENSMUSG00000037466,Tedc1,14720
ENSMUSG00000037469,Acp7,30138
ENSMUSG00000037470,Uggt1,28917
ENSMUSG00000037474,Dtl,20482
ENSMUSG00000037475,Thoc2,7622
ENSMUSG00000037477,Tbx10,1778
ENSMUSG00000037482,Erv3,3378
ENSMUSG00000037486,Asxl2,35827
ENSMUSG00000037487,Ubr5,147602
ENSMUSG00000037490,Slc2a12,26365
ENSMUSG00000037492,Zmat4,41815
ENSMUSG00000037493,Cib2,5741
ENSMUSG00000037499,Nenf,8266
ENSMUSG00000037503,Fam168b,77801
ENSMUSG00000037509,Arhgef4,39338
ENSMUSG00000037514,Pank2,4266
ENSMUSG00000037519,Ppfia1,248594
ENSMUSG00000037523,Mavs,36655
ENSMUSG00000037525,Bcdin3d,2203
ENSMUSG00000037526,Atg14,10625
ENSMUSG00000037529,Prss40,2517
ENSMUSG00000037531,Mrpl47,17723
ENSMUSG00000037533,Rapgef6,88739
ENSMUSG00000037536,Fbxo34,262679
ENSMUSG00000037537,H2-M11,1006
ENSMUSG00000037541,Shank2,51830
ENSMUSG00000037542,Aldh8a1,4707
ENSMUSG00000037544,Dlgap5,24784
ENSMUSG00000037548,H2-DMb2,7608
ENSMUSG00000037552,Plekhg2,15027
ENSMUSG00000037553,Zdhhc18,13062
ENSMUSG00000037563,Rps16,8346
ENSMUSG00000037568,Vash2,35462
ENSMUSG00000037570,Mcrs1,30722
ENSMUSG00000037572,Wdhd1,29804
ENSMUSG00000037573,Tob1,15605
ENSMUSG00000037577,Ephx3,5551
ENSMUSG00000037578,Pkd2l1,3321
ENSMUSG00000037579,Kcnh3,39971
ENSMUSG00000037580,Gch1,14860
ENSMUSG00000037583,Nr0b2,4054
ENSMUSG00000037593,Rskr,28588
ENSMUSG00000037594,Clba1,16062
ENSMUSG00000037600,Kdf1,7803
ENSMUSG00000037601,Nme1,38684
ENSMUSG00000037605,Adgrl3,267459
ENSMUSG00000037606,Osbpl5,49472
ENSMUSG00000037608,Bclaf1,169842
ENSMUSG00000037610,Kcnmb2,12722
ENSMUSG00000037613,Tnfrsf23,2840
ENSMUSG00000037617,Spag1,25668
ENSMUSG00000037621,Atoh8,2396
ENSMUSG00000037622,Wdtc1,75669
ENSMUSG00000037624,Kcnk2,14521
ENSMUSG00000037625,Cldn11,6487
ENSMUSG00000037627,Rgs22,7056
ENSMUSG00000037628,Cdkn3,23472
ENSMUSG00000037636,Slc25a43,10007
ENSMUSG00000037638,Zbtb42,6695
ENSMUSG00000037640,Zfp60,25711
ENSMUSG00000037643,Prkci,28730
ENSMUSG00000037646,Vps13b,48989
ENSMUSG00000037649,H2-DMa,8027
ENSMUSG00000037652,Phc3,71467
ENSMUSG00000037653,Kctd8,4791
ENSMUSG00000037656,Slc20a2,133919
ENSMUSG00000037660,Gdf7,4561
ENSMUSG00000037661,Gpr160,46078
ENSMUSG00000037664,Cdkn1c,13606
ENSMUSG00000037669,Ldah,77708
ENSMUSG00000037674,Rfx7,30700
ENSMUSG00000037679,Inf2,4630
ENSMUSG00000037681,Esyt3,4483
ENSMUSG00000037683,Armc3,11396
ENSMUSG00000037685,Atp8a1,190770
ENSMUSG00000037686,Aspg,31947
ENSMUSG00000037689,Tmem247,3008
ENSMUSG00000037692,Ahdc1,109651
ENSMUSG00000037697,Ddhd1,252786
ENSMUSG00000037703,Lzts3,41697
ENSMUSG00000037705,Tecta,14661
ENSMUSG00000037706,Cd81,27460
ENSMUSG00000037708,Spag6,5480
ENSMUSG00000037709,Fam13a,7784
ENSMUSG00000037710,Cisd1,8198
ENSMUSG00000037712,Fermt2,48223
ENSMUSG00000037716,Ccdc33,12429
ENSMUSG00000037720,Tmem33,37983
ENSMUSG00000037722,Gnpnat1,77692
ENSMUSG00000037725,Ckap2,12541
ENSMUSG00000037727,Avp,3025
ENSMUSG00000037730,Mynn,27290
ENSMUSG00000037731,Themis2,3081
ENSMUSG00000037736,Limch1,41984
ENSMUSG00000037737,Actrt3,1961
ENSMUSG00000037738,Nek5,15421
ENSMUSG00000037740,Mrps26,19740
ENSMUSG00000037742,Eef1a1,50359
ENSMUSG00000037747,Phyhipl,6636
ENSMUSG00000037750,Fam222b,31931
ENSMUSG00000037752,Xkr8,16579
ENSMUSG00000037754,Ppp1r16b,38806
ENSMUSG00000037759,Ptger2,3684
ENSMUSG00000037761,Actr5,12937
ENSMUSG00000037762,Slc16a9,22673
ENSMUSG00000037771,Slc32a1,5953
ENSMUSG00000037772,Mrpl23,4491
ENSMUSG00000037773,Pced1a,31542
ENSMUSG00000037780,Mbl1,11953
ENSMUSG00000037784,Dzip1l,76504
ENSMUSG00000037787,Coa8,22708
ENSMUSG00000037788,Vopp1,29410
ENSMUSG00000037790,Defb7,306
ENSMUSG00000037791,Phf12,26774
ENSMUSG00000037795,N4bp2,89657
ENSMUSG00000037797,Adh4,14826
ENSMUSG00000037798,Mat1a,20887
ENSMUSG00000037801,Iqch,22693
ENSMUSG00000037805,Rpl10a,6304
ENSMUSG00000037808,Fam76b,7421
ENSMUSG00000037813,D630003M21Rik,23636
ENSMUSG00000037815,Ctnna1,59703
ENSMUSG00000037816,Fbxw17,39380
ENSMUSG00000037818,Abhd18,13230
ENSMUSG00000037820,Tgm2,17796
ENSMUSG00000037822,Smim14,170794
ENSMUSG00000037824,Tspan14,118201
ENSMUSG00000037826,Ppm1k,24325
ENSMUSG00000037833,Sh2d4b,22346
ENSMUSG00000037843,Vstm2l,8252
ENSMUSG00000037845,Fdxacb1,28033
ENSMUSG00000037846,Rtkn2,31407
ENSMUSG00000037847,Nmrk1,18459
ENSMUSG00000037849,Ifi206,7107
ENSMUSG00000037851,Iars1,48213
ENSMUSG00000037852,Cpe,52349
ENSMUSG00000037855,Zfp365,46179
ENSMUSG00000037857,Nufip2,11623
ENSMUSG00000037860,Aim2,12299
ENSMUSG00000037868,Egr2,8501
ENSMUSG00000037872,Ackr1,2275
ENSMUSG00000037876,Jmjd1c,59323
ENSMUSG00000037885,Stk35,8769
ENSMUSG00000037887,Dusp8,26951
ENSMUSG00000037890,Wdr19,26023
ENSMUSG00000037892,Pcdh18,19188
ENSMUSG00000037894,H2az1,16220
ENSMUSG00000037896,Rcor1,22154
ENSMUSG00000037902,Sirpa,158260
ENSMUSG00000037904,Ankrd9,78815
ENSMUSG00000037905,Bri3bp,14084
ENSMUSG00000037907,Ankrd13b,29091
ENSMUSG00000037913,Tmem156,8342
ENSMUSG00000037916,Ndufv1,37908
ENSMUSG00000037921,Ddx60,13073
ENSMUSG00000037922,Bank1,12073
ENSMUSG00000037924,Or10j5,3740
ENSMUSG00000037926,Ssh2,19879
ENSMUSG00000037933,Bicd2,15714
ENSMUSG00000037935,Smarce1,56762
ENSMUSG00000037936,Scarb1,45511
ENSMUSG00000037938,Chchd5,3130
ENSMUSG00000037940,Inpp4b,56770
ENSMUSG00000037942,Crp,3389
ENSMUSG00000037944,Ccr7,1986
ENSMUSG00000037946,Fgd3,19756
ENSMUSG00000037949,Ano10,55832
ENSMUSG00000037953,A4gnt,2757
ENSMUSG00000037957,Wdr20,62980
ENSMUSG00000037958,Nsrp1,8223
ENSMUSG00000037960,Card19,2541
ENSMUSG00000037962,Rflna,4973
ENSMUSG00000037965,Zc3h7a,61575
ENSMUSG00000037966,Ninj1,6276
ENSMUSG00000037971,Cfap68,14792
ENSMUSG00000037972,Snn,31524
ENSMUSG00000037973,Itprid1,13419
ENSMUSG00000037974,Muc5ac,19008
ENSMUSG00000037977,6430571L13Rik,16910
ENSMUSG00000037979,Ccdc92,35410
ENSMUSG00000037984,Neurod6,2228
ENSMUSG00000037989,Wnk2,149281
ENSMUSG00000037990,Sh3rf3,12958
ENSMUSG00000037991,Rmi2,7487
ENSMUSG00000037992,Rara,44783
ENSMUSG00000037993,Dhx38,48628
ENSMUSG00000037994,Slc9b2,15830
ENSMUSG00000037995,Igsf9,20578
ENSMUSG00000037996,Slc24a2,261687
ENSMUSG00000037997,Parp11,33133
ENSMUSG00000037999,Arap2,28262
ENSMUSG00000038000,Acd,25734
ENSMUSG00000038002,Cramp1,34663
ENSMUSG00000038005,Hpf1,15270
ENSMUSG00000038007,Acer2,32935
ENSMUSG00000038009,Dnajc22,20934
ENSMUSG00000038010,Ccdc138,21261
ENSMUSG00000038011,Dnah10,28479
ENSMUSG00000038013,Wipf2,17459
ENSMUSG00000038014,Fam120a,51812
ENSMUSG00000038015,Prm2,25155
ENSMUSG00000038020,Rapgefl1,40042
ENSMUSG00000038022,Mindy4,38623
ENSMUSG00000038023,Atp6v0a2,101079
ENSMUSG00000038024,Dennd4c,42992
ENSMUSG00000038025,Phf2,16670
ENSMUSG00000038026,Kcnj9,76467
ENSMUSG00000038028,Tigar,26068
ENSMUSG00000038034,Igsf8,20451
ENSMUSG00000038037,Socs1,8321
ENSMUSG00000038039,Gcc2,52571
ENSMUSG00000038042,Ptpdc1,17507
ENSMUSG00000038044,Cct8l1,1961
ENSMUSG00000038045,Sult6b1,2899
ENSMUSG00000038046,Mrm3,14550
ENSMUSG00000038047,Haus6,30191
ENSMUSG00000038048,Cntnap5c,18310
ENSMUSG00000038055,Dexi,3926
ENSMUSG00000038056,Kmt2c,36845
ENSMUSG00000038057,Dbil5,3056
ENSMUSG00000038058,Nod1,34264
ENSMUSG00000038059,Smim3,15719
ENSMUSG00000038060,Dlec1,18702
ENSMUSG00000038064,Cldn22,995
ENSMUSG00000038065,Mturn,11244
ENSMUSG00000038067,Csf3,1416
ENSMUSG00000038068,Rnf144b,10542
ENSMUSG00000038069,Cdkn2aip,17474
ENSMUSG00000038070,Cntln,34741
ENSMUSG00000038071,Npy6r,2567
ENSMUSG00000038072,Galnt11,43712
ENSMUSG00000038074,Fkbp14,17319
ENSMUSG00000038077,Kcna6,9307
ENSMUSG00000038079,Tmem237,14725
ENSMUSG00000038080,Kdm1b,101869
ENSMUSG00000038084,Opa1,117196
ENSMUSG00000038085,Cnbd2,10844
ENSMUSG00000038086,Hspb2,3011
ENSMUSG00000038092,Hsd3b5,5382
ENSMUSG00000038094,Atp13a4,49770
ENSMUSG00000038095,Sbno1,86079
ENSMUSG00000038102,Trappc11,43224
ENSMUSG00000038112,AW551984,33850
ENSMUSG00000038115,Ano2,12714
ENSMUSG00000038116,Phf20,79305
ENSMUSG00000038119,Cdon,18859
ENSMUSG00000038121,Fam210a,66098
ENSMUSG00000038122,Tbc1d32,18086
ENSMUSG00000038126,Mphosph9,22112
ENSMUSG00000038127,Ccdc50,53331
ENSMUSG00000038128,Camk4,46380
ENSMUSG00000038132,Rbm24,16343
ENSMUSG00000038135,Crygn,768
ENSMUSG00000038141,Tmem181a,42388
ENSMUSG00000038143,Stox2,46148
ENSMUSG00000038145,Snrk,329523
ENSMUSG00000038146,Notch3,9262
ENSMUSG00000038147,Cd84,20449
ENSMUSG00000038148,Cldn16,2125
ENSMUSG00000038150,Ormdl3,44070
ENSMUSG00000038151,Prdm1,13076
ENSMUSG00000038155,Gstp2,1686
ENSMUSG00000038156,Spon1,46752
ENSMUSG00000038160,Atg5,43481
ENSMUSG00000038167,Plekhg6,9323
ENSMUSG00000038168,P3h2,6587
ENSMUSG00000038170,Pde4dip,141984
ENSMUSG00000038172,Ttc39b,41253
ENSMUSG00000038173,Enpp6,21093
ENSMUSG00000038174,Hycc2,167629
ENSMUSG00000038175,Mylip,12048
ENSMUSG00000038178,Slc43a2,103552
ENSMUSG00000038179,Slamf7,11090
ENSMUSG00000038180,Spag4,5026
ENSMUSG00000038181,Chpf2,23052
ENSMUSG00000038187,Btbd10,140048
ENSMUSG00000038188,Scarf1,17256
ENSMUSG00000038192,Cer1,1743
ENSMUSG00000038193,Hand2,2367
ENSMUSG00000038195,Rilp,11764
ENSMUSG00000038199,Iqca1l,2613
ENSMUSG00000038201,Kcna7,4067
ENSMUSG00000038203,Hoxa13,2506
ENSMUSG00000038204,Asb10,16697
ENSMUSG00000038205,Prkab2,52438
ENSMUSG00000038206,Fbxo8,64048
ENSMUSG00000038208,Pgap3,9461
ENSMUSG00000038209,Itln1,6230
ENSMUSG00000038210,Hoxa11,2315
ENSMUSG00000038212,Mfsd14b,80305
ENSMUSG00000038213,Tapbpl,9944
ENSMUSG00000038214,Bend3,13167
ENSMUSG00000038215,Cep44,63717
ENSMUSG00000038216,Pnmt,4494
ENSMUSG00000038217,Tlcd2,4168
ENSMUSG00000038224,Serpinf2,24227
ENSMUSG00000038225,Primpol,40257
ENSMUSG00000038227,Hoxa9,4084
ENSMUSG00000038233,Gask1a,27387
ENSMUSG00000038235,F11r,6619
ENSMUSG00000038236,Hoxa7,4719
ENSMUSG00000038239,Hrc,7875
ENSMUSG00000038240,Pdss2,40932
ENSMUSG00000038241,Cep250,47836
ENSMUSG00000038242,Aox4,10041
ENSMUSG00000038244,Mical2,70238
ENSMUSG00000038246,Fam50b,3801
ENSMUSG00000038248,Sobp,25753
ENSMUSG00000038250,Usp38,21128
ENSMUSG00000038252,Ncapd2,26921
ENSMUSG00000038253,Hoxa5,1877
ENSMUSG00000038255,Neurod2,15497
ENSMUSG00000038256,Bcl9,31477
ENSMUSG00000038257,Glra3,14919
ENSMUSG00000038259,Gdf5,2320
ENSMUSG00000038260,Trpm4,33080
ENSMUSG00000038264,Sema7a,6367
ENSMUSG00000038267,Slc22a23,9464
ENSMUSG00000038268,Ovca2,2670
ENSMUSG00000038271,Iffo1,71191
ENSMUSG00000038274,Fau,5239
ENSMUSG00000038276,Asic3,3455
ENSMUSG00000038279,Nop2,50077
ENSMUSG00000038280,Ostm1,33783
ENSMUSG00000038286,Bphl,15045
ENSMUSG00000038290,Smg6,33251
ENSMUSG00000038291,Snx25,38720
ENSMUSG00000038292,Kash5,4455
ENSMUSG00000038295,Atg9b,3902
ENSMUSG00000038296,Galnt18,28326
ENSMUSG00000038298,Pdzk1,14154
ENSMUSG00000038299,Wdr36,10249
ENSMUSG00000038300,Pth2,984
ENSMUSG00000038301,Snx10,156546
ENSMUSG00000038302,Afg1l,18438
ENSMUSG00000038304,Cd160,7572
ENSMUSG00000038305,Spats2l,163804
ENSMUSG00000038312,Edem2,38051
ENSMUSG00000038319,Kcnh2,20633
ENSMUSG00000038323,1700066M21Rik,12030
ENSMUSG00000038324,Trpc4ap,85304
ENSMUSG00000038327,Serpinb9f,1912
ENSMUSG00000038330,Pramel32,4120
ENSMUSG00000038331,Satb2,59239
ENSMUSG00000038332,Sesn1,19576
ENSMUSG00000038335,Tsr1,26733
ENSMUSG00000038342,Mlxip,10092
ENSMUSG00000038344,Txlng,47128
ENSMUSG00000038346,Zfp384,37625
ENSMUSG00000038349,Plcl1,6580
ENSMUSG00000038351,Sgsm2,60438
ENSMUSG00000038352,Arl5c,8493
ENSMUSG00000038354,Ankrd35,12323
ENSMUSG00000038357,Camp,3709
ENSMUSG00000038365,Fbxo25,48572
ENSMUSG00000038366,Lasp1,17658
ENSMUSG00000038368,Focad,106970
ENSMUSG00000038369,Ncoa6,43153
ENSMUSG00000038370,Pcp4l1,5840
ENSMUSG00000038371,Sbf2,62205
ENSMUSG00000038372,Gmds,11067
ENSMUSG00000038374,Rbm8a,22808
ENSMUSG00000038375,Trp53inp2,72334
ENSMUSG00000038379,Ttk,38375
ENSMUSG00000038383,Pigu,18637
ENSMUSG00000038384,Setd1b,24953
ENSMUSG00000038387,Rras,11809
ENSMUSG00000038388,Pals2,130408
ENSMUSG00000038390,Gpr162,35139
ENSMUSG00000038393,Txnip,8526
ENSMUSG00000038398,Upf3a,16127
ENSMUSG00000038400,Pmepa1,30237
ENSMUSG00000038402,Foxf2,3506
ENSMUSG00000038403,Hjv,83468
ENSMUSG00000038406,Scaf1,84500
ENSMUSG00000038412,Higd1a,55841
ENSMUSG00000038415,Foxq1,4843
ENSMUSG00000038416,Cdc16,40886
ENSMUSG00000038417,Fig4,48443
ENSMUSG00000038418,Egr1,8952
ENSMUSG00000038421,Fcrla,3355
ENSMUSG00000038422,Hdhd3,4842
ENSMUSG00000038425,Poli,30043
ENSMUSG00000038429,Usp5,65309
ENSMUSG00000038437,Mllt6,14698
ENSMUSG00000038446,Cdc40,10542
ENSMUSG00000038451,Spsb2,13592
ENSMUSG00000038453,Srcin1,112328
ENSMUSG00000038456,Dennd2a,50611
ENSMUSG00000038457,Tmem255b,13140
ENSMUSG00000038459,Abhd17c,8344
ENSMUSG00000038462,Uqcrfs1,8223
ENSMUSG00000038463,Olfml2b,19002
ENSMUSG00000038467,Chmp4b,2928
ENSMUSG00000038473,Nos1ap,11670
ENSMUSG00000038481,Cdk19,13024
ENSMUSG00000038482,Tfdp1,48661
ENSMUSG00000038485,Socs7,31038
ENSMUSG00000038486,Sv2a,66283
ENSMUSG00000038489,Polr2l,9371
ENSMUSG00000038495,Otud7b,130621
ENSMUSG00000038496,Slc19a3,25223
ENSMUSG00000038497,Tmco3,146020
ENSMUSG00000038498,Catsper1,2188
ENSMUSG00000038500,Prr3,19213
ENSMUSG00000038502,Ptov1,32923
ENSMUSG00000038503,Mesd,8500
ENSMUSG00000038506,Dcun1d2,44029
ENSMUSG00000038507,Parp12,17534
ENSMUSG00000038508,Gdf15,10511
ENSMUSG00000038510,Rpf2,9698
ENSMUSG00000038515,Grtp1,23318
ENSMUSG00000038517,Tbkbp1,43645
ENSMUSG00000038518,Jarid2,87284
ENSMUSG00000038520,Tbc1d17,86071
ENSMUSG00000038521,C1s1,17828
ENSMUSG00000038522,Mfsd4b1,5191
ENSMUSG00000038523,1700003F12Rik,4570
ENSMUSG00000038524,Fchsd1,8572
ENSMUSG00000038525,Armc10,23695
ENSMUSG00000038526,Car14,36443
ENSMUSG00000038527,C1rl,5952
ENSMUSG00000038528,Mfsd4b5,8933
ENSMUSG00000038530,Rgs4,5729
ENSMUSG00000038533,Cbfa2t2,62187
ENSMUSG00000038534,Osbpl7,49024
ENSMUSG00000038535,Zfp280d,73554
ENSMUSG00000038537,Mc3r,2623
ENSMUSG00000038538,Ubn2,235078
ENSMUSG00000038539,Atf5,5949
ENSMUSG00000038540,Tmc3,17864
ENSMUSG00000038541,Srd5a2,20275
ENSMUSG00000038542,Pcid2,11404
ENSMUSG00000038543,BC028528,8166
ENSMUSG00000038544,Inip,21177
ENSMUSG00000038545,Cul7,5538
ENSMUSG00000038546,Ranbp9,42392
ENSMUSG00000038550,Ciart,5061
ENSMUSG00000038552,Fndc4,23747
ENSMUSG00000038555,Reep2,21030
ENSMUSG00000038560,Sp6,10735
ENSMUSG00000038563,Efl1,32860
ENSMUSG00000038564,Ift172,48847
ENSMUSG00000038567,Cyp24a1,3560
ENSMUSG00000038569,Rad9b,21470
ENSMUSG00000038570,Saxo2,13723
ENSMUSG00000038572,Bpifb5,3306
ENSMUSG00000038576,Susd4,61283
ENSMUSG00000038578,Susd1,70624
ENSMUSG00000038580,Sct,2526
ENSMUSG00000038582,Pptc7,22652
ENSMUSG00000038583,Pln,57388
ENSMUSG00000038587,Akap12,25452
ENSMUSG00000038591,Colec10,4587
ENSMUSG00000038593,Tctn1,21821
ENSMUSG00000038594,Cep85l,40447
ENSMUSG00000038598,Shoc1,6787
ENSMUSG00000038599,Capn8,4894
ENSMUSG00000038600,Atp6v0a4,6592
ENSMUSG00000038602,Slc35f1,4941
ENSMUSG00000038604,Ripor1,71751
ENSMUSG00000038605,Samd10,10810
ENSMUSG00000038607,Gng10,9957
ENSMUSG00000038608,Dock10,23133
ENSMUSG00000038611,Phrf1,107839
ENSMUSG00000038612,Mcl1,4349
ENSMUSG00000038615,Nfe2l1,46128
ENSMUSG00000038618,Rassf7,10133
ENSMUSG00000038619,Ensa,35057
ENSMUSG00000038622,Med30,1802
ENSMUSG00000038623,Tm6sf1,8511
ENSMUSG00000038624,Nepn,1845
ENSMUSG00000038628,Polr3k,17358
ENSMUSG00000038630,Zkscan16,42336
ENSMUSG00000038633,Degs1,8034
ENSMUSG00000038637,Lrrc56,50390
ENSMUSG00000038641,Akr1d1,37227
ENSMUSG00000038642,Ctss,12587
ENSMUSG00000038644,Pold1,79911
ENSMUSG00000038646,Ramac,19412
ENSMUSG00000038648,Creb3l2,28074
ENSMUSG00000038650,Rnh1,23684
ENSMUSG00000038651,Sycp2l,2641
ENSMUSG00000038656,Cyp3a16,1730
ENSMUSG00000038658,Ric1,25927
ENSMUSG00000038663,Fsd2,19662
ENSMUSG00000038664,Herc1,17626
ENSMUSG00000038665,Dgki,67834
ENSMUSG00000038668,Lpar1,174147
ENSMUSG00000038670,Mybpc2,100305
ENSMUSG00000038671,Arfrp1,57050
ENSMUSG00000038676,Ucn,1192
ENSMUSG00000038677,Scube3,57409
ENSMUSG00000038679,Trps1,66574
ENSMUSG00000038683,Pak1ip1,1722
ENSMUSG00000038685,Rtel1,43498
ENSMUSG00000038690,Atp5mf,6601
ENSMUSG00000038691,Mbd3l1,6110
ENSMUSG00000038692,Hoxb4,2566
ENSMUSG00000038695,Josd2,40693
ENSMUSG00000038696,Mapkap1,110198
ENSMUSG00000038697,Taf5l,32676
ENSMUSG00000038700,Hoxb5,1895
ENSMUSG00000038702,Dsel,22845
ENSMUSG00000038704,Aspdh,6876
ENSMUSG00000038705,Gmeb2,17147
ENSMUSG00000038708,Golga4,168559
ENSMUSG00000038709,Txndc8,1240
ENSMUSG00000038712,Mindy1,46470
ENSMUSG00000038717,Atp5mg,8366
ENSMUSG00000038718,Pbx3,9068
ENSMUSG00000038721,Hoxb7,1291
ENSMUSG00000038722,Bud31,17777
ENSMUSG00000038725,Pkhd1l1,39434
ENSMUSG00000038729,Pakap,165744
ENSMUSG00000038732,Mboat1,12366
ENSMUSG00000038733,Wdr26,14884
ENSMUSG00000038736,Nudcd1,45569
ENSMUSG00000038738,Shank1,26099
ENSMUSG00000038740,Mvb12b,40602
ENSMUSG00000038742,Angptl6,4648
ENSMUSG00000038745,Nlrp6,13732
ENSMUSG00000038750,Omt2b,1486
ENSMUSG00000038751,Ptk6,3689
ENSMUSG00000038754,Elovl3,10462
ENSMUSG00000038756,Ttll6,7421
ENSMUSG00000038759,Nup205,45162
ENSMUSG00000038760,Trhr,16652
ENSMUSG00000038762,Abcf1,32938
ENSMUSG00000038763,Alpk3,19239
ENSMUSG00000038764,Ptpn3,51936
ENSMUSG00000038765,Lmx1b,6579
ENSMUSG00000038766,Gabpb2,96009
ENSMUSG00000038768,Degs1l,1995
ENSMUSG00000038770,Kpna7,6423
ENSMUSG00000038773,Kdm3b,28718
ENSMUSG00000038774,Ascc3,25349
ENSMUSG00000038775,Vill,26321
ENSMUSG00000038776,Ephx1,70778
ENSMUSG00000038777,Sema6c,318077
ENSMUSG00000038780,Smurf1,76881
ENSMUSG00000038781,Stap2,2935
ENSMUSG00000038782,1700028J19Rik,22227
ENSMUSG00000038784,Cnot4,91689
ENSMUSG00000038791,Scgb3a2,2066
ENSMUSG00000038793,Lefty1,4457
ENSMUSG00000038797,Zscan2,12505
ENSMUSG00000038801,Scgb1c1,455
ENSMUSG00000038803,Ost4,8060
ENSMUSG00000038805,Six3,11581
ENSMUSG00000038806,Sde2,14836
ENSMUSG00000038807,Rap1gap2,74045
ENSMUSG00000038811,Gngt2,27776
ENSMUSG00000038812,Trmt112,14788
ENSMUSG00000038816,Ctnnal1,20391
ENSMUSG00000038822,Hace1,76660
ENSMUSG00000038827,Abitram,17029
ENSMUSG00000038828,Tmem214,48641
ENSMUSG00000038831,Ralgps1,148072
ENSMUSG00000038836,Agbl3,21136
ENSMUSG00000038838,Vars2,35347
ENSMUSG00000038840,Birc7,3136
ENSMUSG00000038843,Gcnt1,51931
ENSMUSG00000038844,Kif16b,100013
ENSMUSG00000038845,Phb1,30694
ENSMUSG00000038848,Ythdf1,10168
ENSMUSG00000038855,Itpkb,18663
ENSMUSG00000038859,Baiap2l1,12186
ENSMUSG00000038860,Garnl3,18583
ENSMUSG00000038861,Pi4kb,44184
ENSMUSG00000038866,Zcchc2,74006
ENSMUSG00000038871,Bpgm,53542
ENSMUSG00000038872,Zfhx3,37868
ENSMUSG00000038876,Rnf146,45804
ENSMUSG00000038879,Nipal2,27098
ENSMUSG00000038880,Mrps34,4704
ENSMUSG00000038883,Prl3a1,1342
ENSMUSG00000038884,Shfl,16001
ENSMUSG00000038886,Man2a2,118434
ENSMUSG00000038888,Ctu1,16578
ENSMUSG00000038891,Prl3b1,879
ENSMUSG00000038893,Fam117a,2317
ENSMUSG00000038894,Irs2,7364
ENSMUSG00000038895,Zfp653,8494
ENSMUSG00000038900,Rpl12,16769
ENSMUSG00000038902,Pogz,29278
ENSMUSG00000038903,Ccdc68,10924
ENSMUSG00000038909,Kat7,20621
ENSMUSG00000038910,Plcl2,64964
ENSMUSG00000038914,Dido1,121506
ENSMUSG00000038916,Mtcl3,27805
ENSMUSG00000038930,Rccd1,15324
ENSMUSG00000038932,Tcfl5,15999
ENSMUSG00000038936,Sccpdh,17433
ENSMUSG00000038943,Prc1,38078
ENSMUSG00000038949,Cnst,52021
ENSMUSG00000038954,Supt3,12373
ENSMUSG00000038957,Edc3,24863
ENSMUSG00000038963,Slco4a1,15285
ENSMUSG00000038965,Ube2l3,23889
ENSMUSG00000038967,Pdk2,15660
ENSMUSG00000038968,Klk1b16,1387
ENSMUSG00000038970,Lmtk2,35650
ENSMUSG00000038973,Cldnd2,7332
ENSMUSG00000038975,Rabggtb,9693
ENSMUSG00000038976,Ppp1r9b,35247
ENSMUSG00000038980,Rbbp8nl,2319
ENSMUSG00000038982,Bloc1s5,25781
ENSMUSG00000038984,Tspyl5,4010
ENSMUSG00000038987,Cfap157,1737
ENSMUSG00000038990,Cables2,26968
ENSMUSG00000038991,Txndc5,16662
ENSMUSG00000038994,H1f9,864
ENSMUSG00000038997,Asb17,7025
ENSMUSG00000039000,Ube3c,80895
ENSMUSG00000039001,Rps21,11347
ENSMUSG00000039004,Bmp6,3593
ENSMUSG00000039005,Tlr4,10688
ENSMUSG00000039007,Cpq,37865
ENSMUSG00000039013,Siglecf,11889
ENSMUSG00000039016,Timm8b,3729
ENSMUSG00000039018,Mtg1,22707
ENSMUSG00000039021,Ttc16,13663
ENSMUSG00000039031,Arhgap18,21113
ENSMUSG00000039032,Tsga13,2156
ENSMUSG00000039033,Tasp1,215526
ENSMUSG00000039037,St6galnac5,19269
ENSMUSG00000039041,Adrm1,27461
ENSMUSG00000039043,Arpin,7506
ENSMUSG00000039046,Usp6nl,51731
ENSMUSG00000039047,Pigk,77592
ENSMUSG00000039048,Foxred1,51147
ENSMUSG00000039050,Osbpl2,88199
ENSMUSG00000039055,Eme1,12350
ENSMUSG00000039057,Myo16,29408
ENSMUSG00000039058,Ak5,253400
ENSMUSG00000039059,Hrh3,17230
ENSMUSG00000039062,Anpep,7469
ENSMUSG00000039063,Echdc3,20653
ENSMUSG00000039065,Atpsckmt,11953
ENSMUSG00000039067,Psmd7,13506
ENSMUSG00000039068,Zzz3,177420
ENSMUSG00000039069,Mtg2,46020
ENSMUSG00000039070,Cpa4,2740
ENSMUSG00000039079,Trhr2,2242
ENSMUSG00000039081,Zfp503,8095
ENSMUSG00000039084,Chad,3685
ENSMUSG00000039086,Ss18l1,11949
ENSMUSG00000039087,Rreb1,60046
ENSMUSG00000039089,L3mbtl3,40767
ENSMUSG00000039092,Sptlc3,5604
ENSMUSG00000039095,En2,3542
ENSMUSG00000039096,Rsad1,7997
ENSMUSG00000039097,Rln1,745
ENSMUSG00000039099,Wdr93,18384
ENSMUSG00000039100,Marchf6,51383
ENSMUSG00000039103,Nexn,67954
ENSMUSG00000039105,Atp6v1g1,12670
ENSMUSG00000039106,Htr5a,8819
ENSMUSG00000039108,Lsm14b,30556
ENSMUSG00000039109,F13a1,7865
ENSMUSG00000039110,Mycbpap,8895
ENSMUSG00000039114,Nrn1,20518
ENSMUSG00000039115,Itga9,19327
ENSMUSG00000039116,Adgrg6,64007
ENSMUSG00000039117,Taf4,8796
ENSMUSG00000039126,Prune2,20973
ENSMUSG00000039128,Cdc123,51043
ENSMUSG00000039130,Zc3hc1,15856
ENSMUSG00000039131,Gipc2,1596
ENSMUSG00000039137,Whrn,100565
ENSMUSG00000039145,Camk1d,27719
ENSMUSG00000039146,Ifi44l,1376
ENSMUSG00000039148,Sart1,10195
ENSMUSG00000039153,Runx2,30216
ENSMUSG00000039154,Shd,21318
ENSMUSG00000039155,Cdh26,5877
ENSMUSG00000039156,Stim2,14646
ENSMUSG00000039157,Eeig1,36563
ENSMUSG00000039158,Akna,21856
ENSMUSG00000039159,Ube2h,37867
ENSMUSG00000039163,Cmc1,10881
ENSMUSG00000039164,Naif1,6585
ENSMUSG00000039166,Akap7,29414
ENSMUSG00000039167,Adgrl4,22472
ENSMUSG00000039168,Dap,12906
ENSMUSG00000039174,1700003H04Rik,4526
ENSMUSG00000039176,Polg,161094
ENSMUSG00000039178,Tbc1d19,30447
ENSMUSG00000039179,Tekt5,3080
ENSMUSG00000039182,AW209491,15038
ENSMUSG00000039183,Nubp2,25471
ENSMUSG00000039187,Fanci,33906
ENSMUSG00000039191,Rbpj,53860
ENSMUSG00000039193,Nlrc4,9301
ENSMUSG00000039194,Rlbp1,39181
ENSMUSG00000039195,Bbln,12093
ENSMUSG00000039196,Orm1,8791
ENSMUSG00000039197,Adk,46541
ENSMUSG00000039198,Ptchd3,7220
ENSMUSG00000039199,Zdhhc1,80148
ENSMUSG00000039200,Atf7ip2,19879
ENSMUSG00000039201,Tbc1d25,16368
ENSMUSG00000039202,Abhd2,39979
ENSMUSG00000039205,Ciz1,20131
ENSMUSG00000039206,Daglb,50081
ENSMUSG00000039208,Metrnl,20535
ENSMUSG00000039209,Rpl39l,7374
ENSMUSG00000039210,Gpatch2,85688
ENSMUSG00000039215,Aoc1l3,2775
ENSMUSG00000039217,Il18,9455
ENSMUSG00000039218,Srrm2,41575
ENSMUSG00000039219,Arid4b,43327
ENSMUSG00000039220,Ppp1r10,46930
ENSMUSG00000039221,Rpl22l1,6460
ENSMUSG00000039224,D1Pas1,3212
ENSMUSG00000039230,Tbcd,46531
ENSMUSG00000039231,Suv39h1,24584
ENSMUSG00000039232,Stx11,44344
ENSMUSG00000039233,Tbce,24068
ENSMUSG00000039234,Sec24d,16846
ENSMUSG00000039236,Isg20,18775
ENSMUSG00000039238,Zfp750,3693
ENSMUSG00000039239,Tgfb2,23460
ENSMUSG00000039242,B3galnt2,31485
ENSMUSG00000039244,Ints15,6433
ENSMUSG00000039246,Lyplal1,17151
ENSMUSG00000039252,Lgi2,26252
ENSMUSG00000039253,Fn3krp,10799
ENSMUSG00000039254,Pomt1,11566
ENSMUSG00000039257,Vstm2b,66711
ENSMUSG00000039262,Prrc2b,73655
ENSMUSG00000039263,Npepl1,33155
ENSMUSG00000039264,Gimap3,9463
ENSMUSG00000039269,2300002M23Rik,2852
ENSMUSG00000039270,Megf9,14097
ENSMUSG00000039275,Foxk2,55195
ENSMUSG00000039278,Pcsk1n,9221
ENSMUSG00000039285,Azi2,64416
ENSMUSG00000039286,Fndc3b,128220
ENSMUSG00000039294,Cybc1,34169
ENSMUSG00000039296,Spdye4a,6891
ENSMUSG00000039298,Cdk5rap2,86026
ENSMUSG00000039304,Tnfsf10,7433
ENSMUSG00000039307,Hexd,31699
ENSMUSG00000039308,Ndst2,22849
ENSMUSG00000039313,Minar1,30852
ENSMUSG00000039315,Clnk,1741
ENSMUSG00000039316,Rftn1,39723
ENSMUSG00000039318,Rab3gap2,64373
ENSMUSG00000039321,Uts2r,1703
ENSMUSG00000039323,Igfbp2,8887
ENSMUSG00000039328,Rnf122,9031
ENSMUSG00000039329,Tex19.1,3518
ENSMUSG00000039330,Tsga10ip,2213
ENSMUSG00000039335,Spata16,7401
ENSMUSG00000039337,Tex19.2,10163
ENSMUSG00000039342,Ankar,13125
ENSMUSG00000039345,Mettl22,23887
ENSMUSG00000039347,Atp6v0e2,17086
ENSMUSG00000039349,C130074G19Rik,3035
ENSMUSG00000039354,Smarcal1,97288
ENSMUSG00000039356,Exosc2,6374
ENSMUSG00000039357,Pofut4,13033
ENSMUSG00000039358,Drd5,3152
ENSMUSG00000039361,Picalm,163932
ENSMUSG00000039364,Sectm1b,9094
ENSMUSG00000039367,Sec24c,31014
ENSMUSG00000039372,Marchf4,14792
ENSMUSG00000039375,Wdr17,127480
ENSMUSG00000039376,Synpo2l,57373
ENSMUSG00000039377,Hlx,9226
ENSMUSG00000039382,Wdr45,86121
ENSMUSG00000039384,Dusp10,32662
ENSMUSG00000039385,Cdh6,57107
ENSMUSG00000039391,Ccdc81,3697
ENSMUSG00000039395,Mreg,5029
ENSMUSG00000039396,Neil3,10685
ENSMUSG00000039405,Prss23,75776
ENSMUSG00000039410,Prdm16,114807
ENSMUSG00000039414,Heatr5b,100459
ENSMUSG00000039419,Cntnap2,22317
ENSMUSG00000039427,Alg1,31727
ENSMUSG00000039428,Tmem135,103583
ENSMUSG00000039431,Mtmr7,41087
ENSMUSG00000039438,Ttc36,2711
ENSMUSG00000039449,Prpf18,48711
ENSMUSG00000039450,Dcxr,4032
ENSMUSG00000039452,Snx22,13365
ENSMUSG00000039456,Morc3,32145
ENSMUSG00000039457,Ppl,6309
ENSMUSG00000039458,Mtmr12,44237
ENSMUSG00000039461,Tcta,16735
ENSMUSG00000039462,Col10a1,3136
ENSMUSG00000039463,Slc9a8,57948
ENSMUSG00000039470,Zdhhc2,31626
ENSMUSG00000039473,Ubn1,67541
ENSMUSG00000039474,Wfs1,88785
ENSMUSG00000039476,Prrx2,13250
ENSMUSG00000039477,Tnrc18,46864
ENSMUSG00000039478,Micu3,7727
ENSMUSG00000039480,Nt5dc1,31443
ENSMUSG00000039481,Nrtn,1063
ENSMUSG00000039483,Asb6,33203
ENSMUSG00000039485,Tspyl4,3879
ENSMUSG00000039488,Cntn5,18116
ENSMUSG00000039492,Ccdc27,2126
ENSMUSG00000039496,Cdnf,3178
ENSMUSG00000039497,Dse,16175
ENSMUSG00000039501,Znfx1,40352
ENSMUSG00000039508,Calhm4,6786
ENSMUSG00000039509,Nup133,34795
ENSMUSG00000039512,Bltp3a,8646
ENSMUSG00000039515,Ptpa,63999
ENSMUSG00000039518,Cdsn,2678
ENSMUSG00000039519,Cyp7b1,37261
ENSMUSG00000039521,Foxp3,27025
ENSMUSG00000039523,Cep104,25936
ENSMUSG00000039529,Atp8b1,10401
ENSMUSG00000039531,Zup1,32125
ENSMUSG00000039533,Mmd2,31772
ENSMUSG00000039536,Stau1,182323
ENSMUSG00000039539,Sgcz,2389
ENSMUSG00000039540,4921524L21Rik,2817
ENSMUSG00000039542,Ncam1,24137
ENSMUSG00000039543,Cfap70,22063
ENSMUSG00000039546,Ajap1,9053
ENSMUSG00000039552,Rsph4a,3980
ENSMUSG00000039555,Cylc2,3548
ENSMUSG00000039556,Ppp1r3f,10655
ENSMUSG00000039568,Ubald1,10971
ENSMUSG00000039577,Nphp4,34150
ENSMUSG00000039578,Ccser1,8355
ENSMUSG00000039579,Grin3a,62374
ENSMUSG00000039585,Myo9a,116294
ENSMUSG00000039599,Fam149b,130645
ENSMUSG00000039601,Rcan2,20178
ENSMUSG00000039607,Rbms3,112103
ENSMUSG00000039608,Or6aa1,12679
ENSMUSG00000039611,Pgap4,35434
ENSMUSG00000039615,Stub1,22545
ENSMUSG00000039616,Mocos,17242
ENSMUSG00000039620,Trmt9b,63335
ENSMUSG00000039621,Prex1,62080
ENSMUSG00000039623,Ap5z1,30421
ENSMUSG00000039628,Hs3st6,3698
ENSMUSG00000039629,Strip2,44102
ENSMUSG00000039630,Hnrnpu,7640
ENSMUSG00000039632,Odad3,8739
ENSMUSG00000039633,Lonrf1,7988
ENSMUSG00000039634,Zfp189,26062
ENSMUSG00000039637,Coro7,74778
ENSMUSG00000039639,Kcne1,19046
ENSMUSG00000039640,Mrpl12,11121
ENSMUSG00000039646,Vasn,12220
ENSMUSG00000039648,Kyat1,61298
ENSMUSG00000039652,Cpeb3,169803
ENSMUSG00000039653,Baat,11069
ENSMUSG00000039656,Rxrb,23098
ENSMUSG00000039660,Spout1,14391
ENSMUSG00000039661,Dusp26,40690
ENSMUSG00000039662,Icmt,10942
ENSMUSG00000039670,Oxld1,4361
ENSMUSG00000039671,Zmynd8,114998
ENSMUSG00000039672,Kcne2,3400
ENSMUSG00000039676,Capsl,5932
ENSMUSG00000039678,Tbc1d13,3595
ENSMUSG00000039680,Mrps6,5308
ENSMUSG00000039682,Lap3,10644
ENSMUSG00000039683,Sdk1,19807
ENSMUSG00000039686,Zer1,132179
ENSMUSG00000039691,Tspan10,7492
ENSMUSG00000039693,Msantd3,105221
ENSMUSG00000039697,Ncoa7,89381
ENSMUSG00000039699,Batf2,4280
ENSMUSG00000039701,Usp53,131656
ENSMUSG00000039703,Nploc4,14139
ENSMUSG00000039704,Lmbrd2,48408
ENSMUSG00000039706,Ldb2,75984
ENSMUSG00000039710,Slc7a12,4032
ENSMUSG00000039713,Plekhg5,103654
ENSMUSG00000039714,Cplx3,8282
ENSMUSG00000039715,Dync2i2,10838
ENSMUSG00000039716,Dock3,48401
ENSMUSG00000039717,Ralyl,9086
ENSMUSG00000039720,Got1l1,2658
ENSMUSG00000039725,Trp53rka,4747
ENSMUSG00000039728,Slc6a5,20861
ENSMUSG00000039735,Fnbp1l,18398
ENSMUSG00000039737,Prkrip1,40133
ENSMUSG00000039738,Slx4,5706
ENSMUSG00000039740,Alg2,3037
ENSMUSG00000039741,Bahcc1,33561
ENSMUSG00000039742,Garin1b,5782
ENSMUSG00000039745,Htatip2,10374
ENSMUSG00000039747,Orai2,62140
ENSMUSG00000039748,Exo1,46675
ENSMUSG00000039753,Fbxl5,87395
ENSMUSG00000039754,Alkbh4,10152
ENSMUSG00000039756,Dnttip2,4867
ENSMUSG00000039759,Thap3,4608
ENSMUSG00000039760,Il22ra2,2503
ENSMUSG00000039763,Dnajc28,13653
ENSMUSG00000039765,Cc2d2a,21908
ENSMUSG00000039768,Dnajc11,48652
ENSMUSG00000039770,Ypel5,86889
ENSMUSG00000039771,Polr2j,4100
ENSMUSG00000039774,Galnt12,6320
ENSMUSG00000039775,Defb3,318
ENSMUSG00000039781,Cep131,75970
ENSMUSG00000039782,Cpeb2,45338
ENSMUSG00000039783,Kmo,13904
ENSMUSG00000039785,Defb5,207
ENSMUSG00000039787,Cercam,2715
ENSMUSG00000039789,Zfp597,7342
ENSMUSG00000039795,Zfand1,18253
ENSMUSG00000039801,Cplane1,30243
ENSMUSG00000039804,Ncoa5,22791
ENSMUSG00000039809,Gabbr2,45681
ENSMUSG00000039810,Zc3h10,29417
ENSMUSG00000039813,Tbc1d2,16084
ENSMUSG00000039814,Xkr5,8822
ENSMUSG00000039824,Myl6b,8844
ENSMUSG00000039826,Trub2,27108
ENSMUSG00000039828,Wdr70,15978
ENSMUSG00000039830,Olig2,11740
ENSMUSG00000039831,Arhgap29,63863
ENSMUSG00000039834,Zfp335,56824
ENSMUSG00000039835,Nhsl1,37270
ENSMUSG00000039838,Slc45a1,29056
ENSMUSG00000039840,Epg5,12384
ENSMUSG00000039841,Zfp800,42976
ENSMUSG00000039842,Mcph1,151973
ENSMUSG00000039844,Rapgef1,194412
ENSMUSG00000039849,Pcif1,67380
ENSMUSG00000039850,Endov,22699
ENSMUSG00000039851,Epcip,31003
ENSMUSG00000039852,Rere,22169
ENSMUSG00000039853,Trim14,8050
ENSMUSG00000039860,Srrm3,7617
ENSMUSG00000039865,Slc44a3,16801
ENSMUSG00000039873,Neurl2,5656
ENSMUSG00000039878,Slc39a5,5877
ENSMUSG00000039879,Heca,40462
ENSMUSG00000039883,Lrrc17,4548
ENSMUSG00000039886,Tmem120a,21484
ENSMUSG00000039887,Alg14,26263
ENSMUSG00000039891,Txlnb,63243
ENSMUSG00000039899,Fgl2,11038
ENSMUSG00000039901,Armh3,61879
ENSMUSG00000039903,Eva1c,21553
ENSMUSG00000039904,Gpr37,12919
ENSMUSG00000039908,Slc26a11,24480
ENSMUSG00000039910,Cited2,4760
ENSMUSG00000039911,Spsb1,30762
ENSMUSG00000039913,Pak5,117209
ENSMUSG00000039914,Coq10a,7386
ENSMUSG00000039917,Rhbdd2,17503
ENSMUSG00000039929,Urb1,14518
ENSMUSG00000039934,Gsap,23436
ENSMUSG00000039936,Pik3cd,159923
ENSMUSG00000039942,Ptger4,6581
ENSMUSG00000039943,Plcb4,41723
ENSMUSG00000039952,Dag1,134176
ENSMUSG00000039953,Clstn1,95699
ENSMUSG00000039954,Stk32a,25970
ENSMUSG00000039956,Mrap,4985
ENSMUSG00000039958,Etfbkmt,23150
ENSMUSG00000039959,Hip1,17284
ENSMUSG00000039960,Rhou,11293
ENSMUSG00000039962,Or8b1,4711
ENSMUSG00000039963,Ccdc40,24035
ENSMUSG00000039967,Zfp292,43611
ENSMUSG00000039968,Rsbn1l,61940
ENSMUSG00000039976,Tbc1d16,72067
ENSMUSG00000039977,Deup1,22418
ENSMUSG00000039981,Zc3h12d,6933
ENSMUSG00000039982,Dtx4,16866
ENSMUSG00000039983,Ccdc32,30467
ENSMUSG00000039985,Sinhcaf,33455
ENSMUSG00000039987,Phtf2,60883
ENSMUSG00000039988,Ankrd13c,49892
ENSMUSG00000039989,Cbx4,15638
ENSMUSG00000039990,Edrf1,32514
ENSMUSG00000039994,Timeless,30900
ENSMUSG00000039997,Ifi203,53554
ENSMUSG00000040003,Magi2,71110
ENSMUSG00000040006,Ginm1,15478
ENSMUSG00000040007,Bahd1,40997
ENSMUSG00000040009,Gnaz,53408
ENSMUSG00000040010,Slc7a5,20257
ENSMUSG00000040013,Fkbp6,20404
ENSMUSG00000040016,Ptger3,14854
ENSMUSG00000040017,Saa4,11440
ENSMUSG00000040018,Cox15,36086
ENSMUSG00000040021,Lats1,40708
ENSMUSG00000040022,Rab11fip2,12508
ENSMUSG00000040025,Ythdf2,20639
ENSMUSG00000040026,Saa3,7090
ENSMUSG00000040028,Elavl1,152008
ENSMUSG00000040029,Ipo8,46954
ENSMUSG00000040033,Stat2,44542
ENSMUSG00000040034,Nup43,12249
ENSMUSG00000040035,Disp2,83125
ENSMUSG00000040037,Negr1,9386
ENSMUSG00000040040,Ift88,72411
ENSMUSG00000040043,Rbms2,99446
ENSMUSG00000040044,Orc3,82344
ENSMUSG00000040046,Tph1,19255
ENSMUSG00000040048,Ndufb10,3895
ENSMUSG00000040054,Baz2a,45497
ENSMUSG00000040055,Gjb6,20533
ENSMUSG00000040061,Plcb2,15975
ENSMUSG00000040065,Pfpl,3918
ENSMUSG00000040084,Bub1b,39959
ENSMUSG00000040086,Tnni3k,50559
ENSMUSG00000040093,Bmf,14269
ENSMUSG00000040097,Flywch1,35210
ENSMUSG00000040102,Klhl42,14299
ENSMUSG00000040105,Plpp6,2859
ENSMUSG00000040111,Gramd1b,129393
ENSMUSG00000040112,Mrps35,30006
ENSMUSG00000040113,Ntmt2,9422
ENSMUSG00000040118,Cacna2d1,106941
ENSMUSG00000040121,Rep15,1662
ENSMUSG00000040123,Zmym5,229974
ENSMUSG00000040124,Gorab,2538
ENSMUSG00000040125,Gpr26,35478
ENSMUSG00000040127,Sdr9c7,2868
ENSMUSG00000040128,Pnrc1,23029
ENSMUSG00000040132,Semg1,3376
ENSMUSG00000040133,Gpr176,13328
ENSMUSG00000040134,Rdh7,7295
ENSMUSG00000040136,Abcc8,61792
ENSMUSG00000040138,Ndp,1943
ENSMUSG00000040139,9430038I01Rik,27110
ENSMUSG00000040140,Tdrd6,20568
ENSMUSG00000040146,Rgl3,22553
ENSMUSG00000040147,Maob,7308
ENSMUSG00000040148,Hmx3,1457
ENSMUSG00000040151,Hs2st1,28491
ENSMUSG00000040152,Thbs1,12463
ENSMUSG00000040154,Wfdc5,2322
ENSMUSG00000040158,Tax1bp3,9345
ENSMUSG00000040163,1700034J05Rik,13054
ENSMUSG00000040164,Kcns1,6032
ENSMUSG00000040165,Cd209c,1550
ENSMUSG00000040167,Ikzf5,45487
ENSMUSG00000040170,Fmo2,13431
ENSMUSG00000040174,Alkbh3,188796
ENSMUSG00000040177,2310057M21Rik,27098
ENSMUSG00000040181,Fmo1,24202
ENSMUSG00000040183,Ankrd6,150445
ENSMUSG00000040187,Bmal2,10791
ENSMUSG00000040188,Scamp2,13911
ENSMUSG00000040189,Odad1,54048
ENSMUSG00000040195,Nemp1,32684
ENSMUSG00000040197,Cd209e,1802
ENSMUSG00000040204,Pclaf,11170
ENSMUSG00000040205,Cuzd1,2256
ENSMUSG00000040209,Zfp704,41566
ENSMUSG00000040212,Emp3,10294
ENSMUSG00000040213,Kyat3,28961
ENSMUSG00000040219,Ttc12,22427
ENSMUSG00000040220,Gas8,8684
ENSMUSG00000040225,Prrc2c,54175
ENSMUSG00000040229,Gpr34,20643
ENSMUSG00000040231,Syngr4,18955
ENSMUSG00000040234,Tm7sf3,36235
ENSMUSG00000040236,Trappc5,6957
ENSMUSG00000040242,Fgfr1op2,38095
ENSMUSG00000040247,Tbc1d10c,10247
ENSMUSG00000040249,Lrp1,26172
ENSMUSG00000040250,Ints13,32757
ENSMUSG00000040253,Gbp7,34036
ENSMUSG00000040254,Sema3d,16773
ENSMUSG00000040258,Nxph4,1713
ENSMUSG00000040260,Daam2,101319
ENSMUSG00000040263,Klhdc4,17641
ENSMUSG00000040264,Gbp2b,2829
ENSMUSG00000040265,Dnm3,85898
ENSMUSG00000040268,Plekha1,252080
ENSMUSG00000040269,Mrps28,21751
ENSMUSG00000040270,Bach2,34903
ENSMUSG00000040272,Accs,43821
ENSMUSG00000040274,Cdk6,25327
ENSMUSG00000040276,Pacsin1,262660
ENSMUSG00000040280,Ndufa4l2,2729
ENSMUSG00000040282,Cdin1,25017
ENSMUSG00000040283,Btnl9,13807
ENSMUSG00000040284,Gzmg,909
ENSMUSG00000040287,Stac3,5961
ENSMUSG00000040289,Hey1,3886
ENSMUSG00000040296,Rigi,23347
ENSMUSG00000040297,Suco,33217
ENSMUSG00000040298,Btbd16,6820
ENSMUSG00000040302,Rbm48,9574
ENSMUSG00000040310,Alx4,12314
ENSMUSG00000040312,Cchcr1,15254
ENSMUSG00000040314,Ctsg,3420
ENSMUSG00000040321,Zfp770,18285
ENSMUSG00000040322,Slc25a24,10556
ENSMUSG00000040325,Dcaf1,37338
ENSMUSG00000040327,Cul9,41130
ENSMUSG00000040328,Or2v1,8819
ENSMUSG00000040329,Il7,19400
ENSMUSG00000040331,Nsmce4a,12227
ENSMUSG00000040339,Eeig2,28785
ENSMUSG00000040340,Saxo5,3139
ENSMUSG00000040345,Arhgap9,8668
ENSMUSG00000040350,Trim7,41040
ENSMUSG00000040351,Ankib1,41974
ENSMUSG00000040354,Mars1,17343
ENSMUSG00000040356,Skic2,48392
ENSMUSG00000040359,Ufl1,35536
ENSMUSG00000040363,Bcor,117956
ENSMUSG00000040364,Sec1,54688
ENSMUSG00000040365,Trim41,9032
ENSMUSG00000040367,Lrrd1,2951
ENSMUSG00000040370,Etfrf1,36120
ENSMUSG00000040372,Gpr63,5857
ENSMUSG00000040373,Cacng5,19019
ENSMUSG00000040374,Pex2,280859
ENSMUSG00000040380,Cbln3,4866
ENSMUSG00000040383,Aqr,9942
ENSMUSG00000040385,Ppp1ca,27117
ENSMUSG00000040387,Klhl32,64190
ENSMUSG00000040389,Wdr47,101197
ENSMUSG00000040390,Map3k10,16930
ENSMUSG00000040396,Abhd13,42900
ENSMUSG00000040405,Havcr1,6183
ENSMUSG00000040407,Akap9,13123
ENSMUSG00000040410,Fbxl4,76640
ENSMUSG00000040412,Elapor1,29806
ENSMUSG00000040413,Timd2,18817
ENSMUSG00000040414,Slc25a28,23108
ENSMUSG00000040415,Dtx3,6740
ENSMUSG00000040420,Cdh18,13830
ENSMUSG00000040423,Rc3h1,32643
ENSMUSG00000040424,Hipk4,5383
ENSMUSG00000040428,Plekha4,18736
ENSMUSG00000040429,Mterf1a,15070
ENSMUSG00000040430,Pitpnc1,11906
ENSMUSG00000040432,Ltb4r2,1481
ENSMUSG00000040433,Zbtb38,54875
ENSMUSG00000040434,Large2,12236
ENSMUSG00000040435,Ppp1r15a,5147
ENSMUSG00000040441,Slc26a10,6260
ENSMUSG00000040446,Rprd1a,12950
ENSMUSG00000040447,Spns2,39348
ENSMUSG00000040451,Sgms1,252356
ENSMUSG00000040452,Cdh12,42821
ENSMUSG00000040455,Usp45,21004
ENSMUSG00000040456,H2ap,581
ENSMUSG00000040459,Arglu1,16083
ENSMUSG00000040462,Os9,42649
ENSMUSG00000040463,Mybbp1a,48003
ENSMUSG00000040464,Gtpbp10,33654
ENSMUSG00000040466,Blvrb,11381
ENSMUSG00000040471,Ggt6,5560
ENSMUSG00000040472,Rabggta,26657
ENSMUSG00000040473,Cfap69,28980
ENSMUSG00000040478,Prdm13,6346
ENSMUSG00000040479,Dgkz,106451
ENSMUSG00000040481,Bptf,35375
ENSMUSG00000040482,Dxo,11369
ENSMUSG00000040483,Xaf1,13976
ENSMUSG00000040485,Lrrc52,2523
ENSMUSG00000040488,Ltbp4,145607
ENSMUSG00000040489,Sox30,3083
ENSMUSG00000040490,Lrfn2,3212
ENSMUSG00000040495,Chrm4,1440
ENSMUSG00000040498,Igsf23,4485
ENSMUSG00000040502,Marchf9,3159
ENSMUSG00000040505,Abcg5,7827
ENSMUSG00000040506,Ambra1,45464
ENSMUSG00000040511,Pvr,9200
ENSMUSG00000040514,Tex47,7802
ENSMUSG00000040520,Manea,29688
ENSMUSG00000040521,Tsfm,12823
ENSMUSG00000040522,Tlr8,9641
ENSMUSG00000040524,Zfp609,11820
ENSMUSG00000040525,Cblc,7212
ENSMUSG00000040528,Milr1,19128
ENSMUSG00000040532,Abhd11,30234
ENSMUSG00000040533,Matn1,8953
ENSMUSG00000040536,Necab1,42208
ENSMUSG00000040537,Adam22,141443
ENSMUSG00000040541,Tmem225,4038
ENSMUSG00000040543,Pitpnm3,75646
ENSMUSG00000040548,Tex2,101698
ENSMUSG00000040549,Ckap5,55092
ENSMUSG00000040550,Otud6b,22336
ENSMUSG00000040552,C3ar1,5011
ENSMUSG00000040554,Aipl1,7144
ENSMUSG00000040557,Mettl27,46591
ENSMUSG00000040560,Wdr7,55586
ENSMUSG00000040562,Gstm2,11490
ENSMUSG00000040563,Plppr2,66425
ENSMUSG00000040564,Apoc1,8293
ENSMUSG00000040565,Btaf1,7211
ENSMUSG00000040569,Slc26a7,5179
ENSMUSG00000040570,Rundc3b,38579
ENSMUSG00000040576,Tmem270,5736
ENSMUSG00000040583,Cyp2b13,1875
ENSMUSG00000040584,Abcb1a,17296
ENSMUSG00000040586,Ofd1,12447
ENSMUSG00000040591,Cstpp1,21761
ENSMUSG00000040592,Cd79b,3984
ENSMUSG00000040594,Ranbp17,44236
ENSMUSG00000040596,Pogk,127506
ENSMUSG00000040599,Mis12,30139
ENSMUSG00000040600,Eps8l3,2271
ENSMUSG00000040601,Nlrp4a,11885
ENSMUSG00000040605,Bace2,25354
ENSMUSG00000040606,Kazn,12564
ENSMUSG00000040610,Tlx3,1557
ENSMUSG00000040612,Ildr2,91888
ENSMUSG00000040613,Apobec1,31081
ENSMUSG00000040614,Nlrp9c,5847
ENSMUSG00000040616,Tmem51,34751
ENSMUSG00000040618,Pck2,28950
ENSMUSG00000040620,Dhx33,35238
ENSMUSG00000040621,Gemin8,18596
ENSMUSG00000040624,Plekhg1,26464
ENSMUSG00000040627,Aicda,4801
ENSMUSG00000040629,Mael,5199
ENSMUSG00000040631,Dok4,55094
ENSMUSG00000040632,Nrl,7410
ENSMUSG00000040640,Erc2,104536
ENSMUSG00000040648,Ppip5k2,371693
ENSMUSG00000040649,Rimklb,51974
ENSMUSG00000040650,Cyp2b23,2189
ENSMUSG00000040651,Tasor,30068
ENSMUSG00000040652,Oaz2,2646
ENSMUSG00000040653,Ppp1r14c,19461
ENSMUSG00000040658,Dnph1,6957
ENSMUSG00000040659,Efhd2,2381
ENSMUSG00000040660,Cyp2b9,5976
ENSMUSG00000040661,Rad54l2,15740
ENSMUSG00000040663,Clcf1,4169
ENSMUSG00000040666,Sh3bgr,34335
ENSMUSG00000040667,Nup88,57878
ENSMUSG00000040669,Phc1,128920
ENSMUSG00000040675,Mthfd1l,68699
ENSMUSG00000040680,Kremen2,8790
ENSMUSG00000040681,Hmgn1,28800
ENSMUSG00000040687,Madd,622079
ENSMUSG00000040688,Tbl3,54344
ENSMUSG00000040690,Col16a1,22687
ENSMUSG00000040693,Slco4c1,4908
ENSMUSG00000040694,Apobec2,12978
ENSMUSG00000040697,Dnajc16,23415
ENSMUSG00000040699,Limd2,31474
ENSMUSG00000040701,Ap1g2,29057
ENSMUSG00000040703,Cyp2s1,14913
ENSMUSG00000040706,Agmat,2838
ENSMUSG00000040710,St8sia4,30610
ENSMUSG00000040711,Sh3pxd2b,22284
ENSMUSG00000040712,Camta2,136093
ENSMUSG00000040713,Creg1,16242
ENSMUSG00000040714,Klc3,22086
ENSMUSG00000040717,Il17rd,37650
ENSMUSG00000040720,Virma,29630
ENSMUSG00000040721,Zfhx2,20794
ENSMUSG00000040722,Scamp5,151215
ENSMUSG00000040723,Rcsd1,32596
ENSMUSG00000040724,Kcna2,82845
ENSMUSG00000040725,Hnrnpul1,28796
ENSMUSG00000040726,Hesx1,5598
ENSMUSG00000040728,Esrp1,25892
ENSMUSG00000040729,Cep126,23116
ENSMUSG00000040731,Eif4h,21945
ENSMUSG00000040732,Erg,27563
ENSMUSG00000040734,Ppp1r13l,12005
ENSMUSG00000040738,Ints8,15411
ENSMUSG00000040740,Slc25a34,8110
ENSMUSG00000040746,Rnf167,18279
ENSMUSG00000040747,Cd53,11306
ENSMUSG00000040749,Siah1b,30800
ENSMUSG00000040751,Lat2,21612
ENSMUSG00000040752,Myh6,356989
ENSMUSG00000040759,Cmtm5,5041
ENSMUSG00000040760,Appl1,43323
ENSMUSG00000040761,Spen,24529
ENSMUSG00000040767,Snrnp25,2494
ENSMUSG00000040770,Il25,1064
ENSMUSG00000040771,Oard1,34138
ENSMUSG00000040774,Cept1,85129
ENSMUSG00000040782,Cop1,94546
ENSMUSG00000040785,Ttc3,71246
ENSMUSG00000040794,C1qtnf4,56071
ENSMUSG00000040795,Iqcc,7325
ENSMUSG00000040797,Iqsec3,34280
ENSMUSG00000040808,S100g,6351
ENSMUSG00000040809,Chil3,6212
ENSMUSG00000040811,Eml2,13946
ENSMUSG00000040812,Agbl2,25031
ENSMUSG00000040813,Tex264,66091
ENSMUSG00000040818,Dennd6a,65263
ENSMUSG00000040820,Hlcs,39533
ENSMUSG00000040822,1700123O20Rik,14412
ENSMUSG00000040824,Snrpd2,7276
ENSMUSG00000040828,Catsperd,3132
ENSMUSG00000040829,Zmynd15,18856
ENSMUSG00000040836,Gpr161,42250
ENSMUSG00000040841,Six5,3007
ENSMUSG00000040842,Szrd1,12828
ENSMUSG00000040843,Tiprl,21460
ENSMUSG00000040848,Sft2d2,29035
ENSMUSG00000040850,Psme4,44958
ENSMUSG00000040852,Plekhh2,31255
ENSMUSG00000040855,Reps2,146445
ENSMUSG00000040856,Dlk1,30150
ENSMUSG00000040857,Erf,5557
ENSMUSG00000040859,Bsdc1,13654
ENSMUSG00000040860,Crocc,44113
ENSMUSG00000040865,Ino80d,40877
ENSMUSG00000040866,Rsph6a,9444
ENSMUSG00000040867,Begain,28090
ENSMUSG00000040875,Osbpl10,20682
ENSMUSG00000040877,Wdr25,23592
ENSMUSG00000040883,Tmem205,24987
ENSMUSG00000040888,Gfer,21458
ENSMUSG00000040891,Foxa3,2045
ENSMUSG00000040896,Kcnd3,21536
ENSMUSG00000040899,Ccr6,16332
ENSMUSG00000040901,Kcnk18,3470
ENSMUSG00000040904,Gm21988,1621
ENSMUSG00000040907,Atp1a3,37946
ENSMUSG00000040913,Fbxw4,28889
ENSMUSG00000040918,Slc19a2,25568
ENSMUSG00000040919,Cimip6,904
ENSMUSG00000040928,S100pbp,27434
ENSMUSG00000040929,Rfx3,86216
ENSMUSG00000040935,Padi6,2333
ENSMUSG00000040936,Ulk4,31615
ENSMUSG00000040938,Slc16a11,23230
ENSMUSG00000040940,Arhgef1,166143
ENSMUSG00000040943,Tet2,85413
ENSMUSG00000040945,Rcc2,37184
ENSMUSG00000040950,Mgl2,8704
ENSMUSG00000040952,Rps19,2956
ENSMUSG00000040957,Cables1,34694
ENSMUSG00000040963,Asgr2,3826
ENSMUSG00000040964,Arhgef10l,203788
ENSMUSG00000040966,Slc22a2,6074
ENSMUSG00000040969,Arhgef38,9606
ENSMUSG00000040972,Igsf21,13214
ENSMUSG00000040978,Gm11992,2421
ENSMUSG00000040985,Sun3,5223
ENSMUSG00000040987,Mill2,36134
ENSMUSG00000040990,Sh3kbp1,72632
ENSMUSG00000040997,Abhd4,20860
ENSMUSG00000040998,Npnt,65908
ENSMUSG00000041000,Trim62,13564
ENSMUSG00000041009,Iqcf4,1510
ENSMUSG00000041012,Cmtm8,5429
ENSMUSG00000041014,Nrg3,31657
ENSMUSG00000041020,Map7d2,94298
ENSMUSG00000041025,Iffo2,24504
ENSMUSG00000041028,Ghitm,92281
ENSMUSG00000041035,Dpcd,13943
ENSMUSG00000041037,Irgq,24946
ENSMUSG00000041040,Fam117b,21889
ENSMUSG00000041044,Lrit1,4325
ENSMUSG00000041046,Ramp3,3710
ENSMUSG00000041052,Slc7a13,2141
ENSMUSG00000041057,Wdr43,48481
ENSMUSG00000041058,Wwp1,145486
ENSMUSG00000041062,Mslnl,8913
ENSMUSG00000041064,Pif1,32553
ENSMUSG00000041068,4930596D02Rik,1160
ENSMUSG00000041073,Nacad,4892
ENSMUSG00000041075,Fzd7,10680
ENSMUSG00000041078,Grid1,6016
ENSMUSG00000041079,Rwdd2b,12720
ENSMUSG00000041084,Ostc,4167
ENSMUSG00000041096,Tspyl2,40348
ENSMUSG00000041112,Elmo1,93326
ENSMUSG00000041115,Iqsec2,31265
ENSMUSG00000041117,Ccdc8,9618
ENSMUSG00000041119,Pde9a,37860
ENSMUSG00000041120,Nbl1,76203
ENSMUSG00000041124,Msantd4,29289
ENSMUSG00000041126,H2az2,16316
ENSMUSG00000041130,Zfp598,23358
ENSMUSG00000041132,N4bp2l1,12174
ENSMUSG00000041133,Smc1a,36572
ENSMUSG00000041134,Cyyr1,8289
ENSMUSG00000041135,Ripk2,9058
ENSMUSG00000041138,Nme8,4544
ENSMUSG00000041141,Pnma8a,25861
ENSMUSG00000041143,Tmco4,47976
ENSMUSG00000041144,Dnah7b,24637
ENSMUSG00000041147,Brca2,81399
ENSMUSG00000041153,Osgin2,13964
ENSMUSG00000041161,Otud3,5391
ENSMUSG00000041164,Zmiz2,77920
ENSMUSG00000041165,Spem1,2041
ENSMUSG00000041168,Lonp1,63587
ENSMUSG00000041180,Hectd2,14136
ENSMUSG00000041187,Prkd2,14058
ENSMUSG00000041189,Chrnb1,16298
ENSMUSG00000041193,Pla2g5,26396
ENSMUSG00000041199,Rpusd1,16066
ENSMUSG00000041202,Pla2g2d,4294
ENSMUSG00000041203,Trir,4786
ENSMUSG00000041205,Map6d1,9889
ENSMUSG00000041215,Yeats2,82452
ENSMUSG00000041216,Clvs1,25996
ENSMUSG00000041219,Arhgap11a,18625
ENSMUSG00000041220,Elovl6,46524
ENSMUSG00000041225,Arhgap12,118353
ENSMUSG00000041229,Phf8,80074
ENSMUSG00000041231,Ublcp1,45697
ENSMUSG00000041235,Chd7,27704
ENSMUSG00000041236,Vps41,163762
ENSMUSG00000041237,Pklr,6935
ENSMUSG00000041238,Rbbp8,39779
ENSMUSG00000041241,Mul1,19093
ENSMUSG00000041245,Wnk3,10647
ENSMUSG00000041247,Lamp3,3356
ENSMUSG00000041248,Kcnj1,7371
ENSMUSG00000041255,Tmco5b,4885
ENSMUSG00000041258,Zfp236,24349
ENSMUSG00000041261,Car8,36726
ENSMUSG00000041263,Rusc1,79658
ENSMUSG00000041264,Uspl1,53082
ENSMUSG00000041268,Dmxl2,36783
ENSMUSG00000041272,Tox,15798
ENSMUSG00000041278,Ttc1,17556
ENSMUSG00000041287,Sox15,2177
ENSMUSG00000041293,Adgrf1,3853
ENSMUSG00000041297,Cdk13,29024
ENSMUSG00000041298,Katnal1,69329
ENSMUSG00000041301,Cftr,13563
ENSMUSG00000041303,Gtf3c3,27826
ENSMUSG00000041308,Sntb2,29578
ENSMUSG00000041309,Nkx6-2,1299
ENSMUSG00000041313,Slc7a1,50790
ENSMUSG00000041319,Thoc6,16814
ENSMUSG00000041323,Ak7,10550
ENSMUSG00000041324,Inhba,31572
ENSMUSG00000041328,Pcf11,8266
ENSMUSG00000041329,Atp1b2,14930
ENSMUSG00000041333,Mup4,922
ENSMUSG00000041341,Atg2b,36428
ENSMUSG00000041343,Ankrd42,29644
ENSMUSG00000041346,Wrap53,5569
ENSMUSG00000041347,Bdkrb1,4347
ENSMUSG00000041351,Rap1gap,28336
ENSMUSG00000041353,Vcf2,43988
ENSMUSG00000041354,Rgl2,28575
ENSMUSG00000041355,Ssr2,117200
ENSMUSG00000041358,Nutm1,3731
ENSMUSG00000041359,Tcl1,11599
ENSMUSG00000041360,Pum3,191844
ENSMUSG00000041361,Myzap,30339
ENSMUSG00000041362,Shtn1,18858
ENSMUSG00000041372,B4galnt3,11183
ENSMUSG00000041375,Ccdc9,24137
ENSMUSG00000041377,Ninj2,5517
ENSMUSG00000041378,Cldn5,1416
ENSMUSG00000041380,Htr2c,20449
ENSMUSG00000041390,Mdfic,14150
ENSMUSG00000041396,Mettl18,8605
ENSMUSG00000041399,1700013G24Rik,7303
ENSMUSG00000041406,Firrm,23239
ENSMUSG00000041408,Wapl,82835
ENSMUSG00000041415,Dicer1,9851
ENSMUSG00000041417,Pik3r1,18717
ENSMUSG00000041420,Meis3,42439
ENSMUSG00000041423,Paqr6,25647
ENSMUSG00000041426,Hibch,61914
ENSMUSG00000041429,Nthl1,11459
ENSMUSG00000041431,Ccnb1,48591
ENSMUSG00000041438,Utp4,49240
ENSMUSG00000041439,Mfsd6,36647
ENSMUSG00000041440,Gk5,9591
ENSMUSG00000041444,Arhgap32,61466
ENSMUSG00000041445,Mmrn2,16217
ENSMUSG00000041453,Rpl21,12788
ENSMUSG00000041459,Tardbp,36012
ENSMUSG00000041460,Cacna2d4,20612
ENSMUSG00000041468,Gpr12,47515
ENSMUSG00000041471,Shld2,57016
ENSMUSG00000041476,Smpx,21780
ENSMUSG00000041477,Dcp1b,26090
ENSMUSG00000041479,Syt15,9042
ENSMUSG00000041481,Serpina3g,19103
ENSMUSG00000041482,Piezo2,40345
ENSMUSG00000041483,Zfp281,15968
ENSMUSG00000041488,Stx3,28689
ENSMUSG00000041491,Cep78,61448
ENSMUSG00000041498,Kif14,12686
ENSMUSG00000041505,Gm3402,3059
ENSMUSG00000041506,Rrp9,6433
ENSMUSG00000041515,Irf8,23787
ENSMUSG00000041523,Upk2,2134
ENSMUSG00000041528,Rnf123,233248
ENSMUSG00000041530,Ago1,21763
ENSMUSG00000041534,Rbp3,5295
ENSMUSG00000041536,Serpina3a,4281
ENSMUSG00000041538,H2-Ob,16280
ENSMUSG00000041540,Sox5,159548
ENSMUSG00000041544,Disp3,129162
ENSMUSG00000041548,Hspb8,5880
ENSMUSG00000041550,Serpina5,4366
ENSMUSG00000041552,Ptchd1,10149
ENSMUSG00000041556,Fbxo2,11014
ENSMUSG00000041559,Fmod,15498
ENSMUSG00000041560,Nop53,23723
ENSMUSG00000041565,L3mbtl4,4239
ENSMUSG00000041566,Tssk1,3700
ENSMUSG00000041567,Serpina12,3694
ENSMUSG00000041570,Camsap2,61867
ENSMUSG00000041571,Selenow,736
ENSMUSG00000041577,Prelp,64461
ENSMUSG00000041578,Crx,8548
ENSMUSG00000041583,Obox6,2843
ENSMUSG00000041592,Sdk2,11287
ENSMUSG00000041594,Tmtc4,79715
ENSMUSG00000041598,Cdc42ep4,31259
ENSMUSG00000041605,Inava,8965
ENSMUSG00000041607,Mbp,128306
ENSMUSG00000041608,Entpd3,22780
ENSMUSG00000041609,Bicdl1,6475
ENSMUSG00000041616,Nppa,5907
ENSMUSG00000041617,Ccdc74a,8404
ENSMUSG00000041620,Mmp1b,1449
ENSMUSG00000041623,Mtnap1,26336
ENSMUSG00000041624,Gucy1a2,13248
ENSMUSG00000041625,Ggact,6839
ENSMUSG00000041629,Vcf1,8846
ENSMUSG00000041632,Mrps27,17277
ENSMUSG00000041633,Kctd12b,14582
ENSMUSG00000041638,Gcn1,9361
ENSMUSG00000041642,Kif21b,42935
ENSMUSG00000041644,Slc5a12,11132
ENSMUSG00000041645,Ddx24,49573
ENSMUSG00000041649,Klf8,167002
ENSMUSG00000041650,Pcca,71095
ENSMUSG00000041653,Pnpla3,17030
ENSMUSG00000041654,Slc39a11,340054
ENSMUSG00000041658,Rragb,27992
ENSMUSG00000041660,Bbox1,12827
ENSMUSG00000041669,Prima1,11002
ENSMUSG00000041670,Rims1,59007
ENSMUSG00000041671,Pyroxd1,12988
ENSMUSG00000041673,Lrrc18,15849
ENSMUSG00000041679,Fbxl9,17667
ENSMUSG00000041681,Iapp,840
ENSMUSG00000041684,Bivm,126546
ENSMUSG00000041685,Fcho2,57878
ENSMUSG00000041688,Amot,13504
ENSMUSG00000041695,Kcnj2,5471
ENSMUSG00000041696,Rasl12,13655
ENSMUSG00000041697,Cox6a1,3909
ENSMUSG00000041698,Slco1a1,15481
ENSMUSG00000041700,Lhfpl1,9348
ENSMUSG00000041702,Btbd7,30783
ENSMUSG00000041703,Zic5,4784
ENSMUSG00000041707,Tmem273,4234
ENSMUSG00000041708,Mpped1,151308
ENSMUSG00000041710,Trpc5,8214
ENSMUSG00000041712,Ubr7,24796
ENSMUSG00000041716,Gm20604,2795
ENSMUSG00000041718,Alg13,78236
ENSMUSG00000041720,Pi4ka,104365
ENSMUSG00000041722,Khdc1c,1946
ENSMUSG00000041729,Coro2b,24836
ENSMUSG00000041730,Drgx,14017
ENSMUSG00000041731,Pgm5,3249
ENSMUSG00000041733,Coq5,22293
ENSMUSG00000041734,Kirrel1,61057
ENSMUSG00000041735,AAdacl4fm3,1227
ENSMUSG00000041736,Tspo,16659
ENSMUSG00000041737,Tmem45b,9162
ENSMUSG00000041740,Rnf10,116631
ENSMUSG00000041741,Pde3a,12409
ENSMUSG00000041747,Utp15,50658
ENSMUSG00000041750,Cd1d2,2658
ENSMUSG00000041754,Trem3,1011
ENSMUSG00000041757,Plekha6,96236
ENSMUSG00000041762,Gpr155,70476
ENSMUSG00000041763,Tpp2,63778
ENSMUSG00000041765,Ubac2,51256
ENSMUSG00000041769,Ppp2r2d,23710
ENSMUSG00000041771,Slc24a4,21504
ENSMUSG00000041773,Enc1,41351
ENSMUSG00000041774,Ydjc,16703
ENSMUSG00000041775,Mapk1ip1,15974
ENSMUSG00000041777,Cir1,3579
ENSMUSG00000041779,Tram2,19297
ENSMUSG00000041781,Cpsf2,64316
ENSMUSG00000041782,Lad1,8985
ENSMUSG00000041791,Capza3,1222
ENSMUSG00000041794,Myrip,30034
ENSMUSG00000041797,Abca9,41132
ENSMUSG00000041798,Gck,13488
ENSMUSG00000041801,Phlda3,2295
ENSMUSG00000041805,Pramel1,2811
ENSMUSG00000041809,Efhc1,12301
ENSMUSG00000041815,Poldip3,30741
ENSMUSG00000041817,Fam169a,98802
ENSMUSG00000041827,Oasl1,8610
ENSMUSG00000041828,Abca8a,6162
ENSMUSG00000041831,Sytl3,13277
ENSMUSG00000041836,Ptpre,42902
ENSMUSG00000041837,Pdcd7,4948
ENSMUSG00000041840,Haus1,16210
ENSMUSG00000041841,Rpl37,24335
ENSMUSG00000041842,Fhdc1,13603
ENSMUSG00000041845,Rhod,5589
ENSMUSG00000041846,Ppp4r3a,41007
ENSMUSG00000041849,Card6,20414
ENSMUSG00000041852,Tcf20,29962
ENSMUSG00000041857,Oosp1,1589
ENSMUSG00000041859,Mcm3,27798
ENSMUSG00000041870,Ankrd13a,18395
ENSMUSG00000041872,Il17f,2457
ENSMUSG00000041879,Ipo9,76344
ENSMUSG00000041881,Ndufa7,7901
ENSMUSG00000041885,Or56a41,936
ENSMUSG00000041886,Macc1,33088
ENSMUSG00000041889,Shisa4,11715
ENSMUSG00000041890,Git2,60892
ENSMUSG00000041891,Lman1,13534
ENSMUSG00000041895,Wipi1,35003
ENSMUSG00000041907,Gpr45,5322
ENSMUSG00000041911,Dlx1,8063
ENSMUSG00000041912,Tdrkh,113313
ENSMUSG00000041915,Ammecr1l,87629
ENSMUSG00000041920,Slc16a6,40690
ENSMUSG00000041921,Metap1d,44587
ENSMUSG00000041923,Nol4,113901
ENSMUSG00000041926,Rnpep,20183
ENSMUSG00000041930,Fam222a,7525
ENSMUSG00000041935,Rimoc1,31302
ENSMUSG00000041936,Agrn,75305
ENSMUSG00000041939,Mvk,102311
ENSMUSG00000041945,Mfsd9,3160
ENSMUSG00000041949,Tango6,55475
ENSMUSG00000041954,Tnfrsf18,3427
ENSMUSG00000041957,Pkp2,13998
ENSMUSG00000041958,Pigs,28862
ENSMUSG00000041959,S100a10,31455
ENSMUSG00000041961,Znrf3,22339
ENSMUSG00000041966,Dcaf17,48130
ENSMUSG00000041974,Spidr,31123
ENSMUSG00000041975,Mettl8,47826
ENSMUSG00000041977,Arhgef11,139188
ENSMUSG00000041984,Rptn,4146
ENSMUSG00000041986,Elmod1,25188
ENSMUSG00000041991,Hrnr,21843
ENSMUSG00000041992,Rapgef5,25552
ENSMUSG00000041995,Zbed3,4270
ENSMUSG00000041997,Tlk1,31126
ENSMUSG00000042002,Foxn4,3047
ENSMUSG00000042010,Acacb,53613
ENSMUSG00000042015,Wdr41,20112
ENSMUSG00000042029,Ncapg2,32914
ENSMUSG00000042031,Lce3b,562
ENSMUSG00000042032,Mat2b,20205
ENSMUSG00000042035,Igsf3,33186
ENSMUSG00000042041,2010003K11Rik,2865
ENSMUSG00000042042,Csgalnact2,79622
ENSMUSG00000042043,Tbca,3740
ENSMUSG00000042045,Sln,6721
ENSMUSG00000042046,Dstyk,37403
ENSMUSG00000042050,Dync2i1,46701
ENSMUSG00000042055,Wdr11,18703
ENSMUSG00000042063,Zfp386,47915
ENSMUSG00000042064,Myo3b,13791
ENSMUSG00000042066,Tmcc2,32361
ENSMUSG00000042073,Abhd14b,28840
ENSMUSG00000042078,Svop,30906
ENSMUSG00000042079,Hnrnpf,174958
ENSMUSG00000042082,Arsb,25503
ENSMUSG00000042092,Lce1c,724
ENSMUSG00000042096,Dao,5677
ENSMUSG00000042097,Zfp239,95891
ENSMUSG00000042099,Kank3,73939
ENSMUSG00000042102,Dmgdh,9785
ENSMUSG00000042104,Uggt2,21109
ENSMUSG00000042105,Inpp5f,33867
ENSMUSG00000042106,Inka1,1268
ENSMUSG00000042109,Csdc2,20151
ENSMUSG00000042111,Ccdc115,8982
ENSMUSG00000042115,Klhdc8a,32075
ENSMUSG00000042116,Vwa1,15329
ENSMUSG00000042118,Bhmt2,8490
ENSMUSG00000042121,Ssh1,41944
ENSMUSG00000042124,Lce1f,1370
ENSMUSG00000042129,Rassf4,14294
ENSMUSG00000042133,Ppig,127145
ENSMUSG00000042138,Msantd2,13626
ENSMUSG00000042148,Cox10,24520
ENSMUSG00000042155,Klhl23,48578
ENSMUSG00000042156,Dzip1,57787
ENSMUSG00000042157,Sprr2i,617
ENSMUSG00000042165,Adrm1b,1392
ENSMUSG00000042167,Tent2,80350
ENSMUSG00000042178,Armc5,29911
ENSMUSG00000042179,Pnliprp1,5628
ENSMUSG00000042182,Bend6,51228
ENSMUSG00000042185,Nfrkb,66464
ENSMUSG00000042189,Tekt3,1748
ENSMUSG00000042190,Cmklr1,14880
ENSMUSG00000042195,Slc35f2,8277
ENSMUSG00000042197,Zfp451,89646
ENSMUSG00000042198,Chchd7,12185
ENSMUSG00000042200,Cdrt4,2234
ENSMUSG00000042202,Slc35e2,45751
ENSMUSG00000042203,Tbc1d22b,19767
ENSMUSG00000042207,Kdm5b,74349
ENSMUSG00000042208,Sanbr,91900
ENSMUSG00000042210,Abhd14a,42251
ENSMUSG00000042211,Fbxo38,267661
ENSMUSG00000042212,Sprr2d,681
ENSMUSG00000042213,Zfand4,39342
ENSMUSG00000042215,Bag2,7678
ENSMUSG00000042216,Sgsm1,55671
ENSMUSG00000042219,Or51m1,960
ENSMUSG00000042225,Ammecr1,12391
ENSMUSG00000042228,Lyn,46697
ENSMUSG00000042229,Rabif,9379
ENSMUSG00000042240,Crybb2,1637
ENSMUSG00000042243,BC051665,1348
ENSMUSG00000042244,Pglyrp3,1107
ENSMUSG00000042246,Tmc7,23082
ENSMUSG00000042248,Cyp2c37,6491
ENSMUSG00000042249,Grk3,85693
ENSMUSG00000042250,Pglyrp4,4455
ENSMUSG00000042251,Pm20d1,29890
ENSMUSG00000042254,Cilp,13066
ENSMUSG00000042256,Ptchd4,13302
ENSMUSG00000042258,Isl1,3724
ENSMUSG00000042262,Ccr8,1466
ENSMUSG00000042265,Trem1,5659
ENSMUSG00000042268,Slc26a9,5586
ENSMUSG00000042269,Cibar2,1187
ENSMUSG00000042271,Nxt2,15062
ENSMUSG00000042272,Sestd1,101057
ENSMUSG00000042275,Pelo,2003
ENSMUSG00000042279,H1f8,2240
ENSMUSG00000042282,Gucy2f,17956
ENSMUSG00000042284,Itga1,27945
ENSMUSG00000042286,Stab1,7999
ENSMUSG00000042289,Hsd3b7,19702
ENSMUSG00000042292,Mrtfa,21611
ENSMUSG00000042293,Gm5617,531
ENSMUSG00000042298,Ttc19,66941
ENSMUSG00000042302,Ehbp1,61180
ENSMUSG00000042303,Sgsm3,126664
ENSMUSG00000042305,Tmem183a,59592
ENSMUSG00000042306,S100a14,6774
ENSMUSG00000042308,Setd1a,12494
ENSMUSG00000042312,S100a13,29172
ENSMUSG00000042320,Prox2,7323
ENSMUSG00000042323,Pbrm1,241420
ENSMUSG00000042328,Hps4,58460
ENSMUSG00000042331,Specc1,91127
ENSMUSG00000042333,Tnfrsf14,5127
ENSMUSG00000042340,Ctf1,9752
ENSMUSG00000042345,Ubash3a,16038
ENSMUSG00000042348,Arl15,10123
ENSMUSG00000042349,Ikbke,25420
ENSMUSG00000042350,Arel1,174421
ENSMUSG00000042351,Grap2,11758
ENSMUSG00000042353,Frem3,6384
ENSMUSG00000042354,Gnl3,13474
ENSMUSG00000042357,Gjb5,3107
ENSMUSG00000042359,Osbpl6,420146
ENSMUSG00000042363,Lgalsl,18371
ENSMUSG00000042364,Snx18,19503
ENSMUSG00000042367,Gjb3,29717
ENSMUSG00000042369,Rbm45,22640
ENSMUSG00000042371,Slc5a10,4320
ENSMUSG00000042372,Dmrt3,2399
ENSMUSG00000042377,Fam83g,28291
ENSMUSG00000042379,Esm1,2269
ENSMUSG00000042380,Smim12,3885
ENSMUSG00000042385,Gzmk,2332
ENSMUSG00000042386,Tex13b,2150
ENSMUSG00000042388,Dlgap3,91492
ENSMUSG00000042389,Tsen2,17467
ENSMUSG00000042390,Gatad2b,38825
ENSMUSG00000042396,Rbm7,60330
ENSMUSG00000042401,Crtac1,80409
ENSMUSG00000042404,Dennd4b,11664
ENSMUSG00000042406,Atf4,17250
ENSMUSG00000042408,Zmym6,63013
ENSMUSG00000042410,Agps,53923
ENSMUSG00000042414,Prdm14,52895
ENSMUSG00000042417,Ccno,7425
ENSMUSG00000042419,Nfkbil1,1472
ENSMUSG00000042423,Fbrs,9899
ENSMUSG00000042425,Frmpd3,7314
ENSMUSG00000042426,Dhx29,38317
ENSMUSG00000042428,Mgat3,30155
ENSMUSG00000042429,Adora1,121213
ENSMUSG00000042433,Dnaaf6,2878
ENSMUSG00000042436,Mfap4,7066
ENSMUSG00000042439,Zfp532,109841
ENSMUSG00000042444,Mindy2,60355
ENSMUSG00000042446,Zmym4,66475
ENSMUSG00000042447,Mios,76621
ENSMUSG00000042448,Hoxd1,1862
ENSMUSG00000042451,Mybph,8920
ENSMUSG00000042453,Reln,23392
ENSMUSG00000042459,Bpifa2,1015
ENSMUSG00000042460,C1galt1,23974
ENSMUSG00000042462,Dctpp1,4783
ENSMUSG00000042472,Zfp410,64648
ENSMUSG00000042473,Tbc1d8b,11755
ENSMUSG00000042474,Fcmr,3164
ENSMUSG00000042476,Abcb4,43235
ENSMUSG00000042477,Tfap2e,2090
ENSMUSG00000042485,Mustn1,2490
ENSMUSG00000042487,Leo1,15109
ENSMUSG00000042489,Clspn,11560
ENSMUSG00000042492,Tbc1d10b,48892
ENSMUSG00000042496,Prdm10,92976
ENSMUSG00000042498,Radx,11202
ENSMUSG00000042499,Hoxd11,2803
ENSMUSG00000042500,Ago4,13054
ENSMUSG00000042501,Cpa6,1932
ENSMUSG00000042502,Cd2bp2,48296
ENSMUSG00000042505,Sdhaf3,24010
ENSMUSG00000042506,Usp22,13308
ENSMUSG00000042507,Mideas,35183
ENSMUSG00000042508,Dmtf1,99651
ENSMUSG00000042510,AA986860,5645
ENSMUSG00000042514,Klhl14,8441
ENSMUSG00000042515,Pwwp3b,52603
ENSMUSG00000042520,Ubap2l,813370
ENSMUSG00000042523,Dnal1,12639
ENSMUSG00000042524,Sun2,18031
ENSMUSG00000042525,4933428M09Rik,1026
ENSMUSG00000042529,Kcnj12,60459
ENSMUSG00000042532,Golga7b,50879
ENSMUSG00000042535,Gtpbp1,10859
ENSMUSG00000042540,Acot5,4234
ENSMUSG00000042541,Sem1,6928
ENSMUSG00000042548,Asxl1,14003
ENSMUSG00000042554,Zp3r,7920
ENSMUSG00000042557,Sin3a,47666
ENSMUSG00000042558,Adprs,10269
ENSMUSG00000042564,Fam227a,4554
ENSMUSG00000042567,Nek10,25141
ENSMUSG00000042569,Dhrs7b,54384
ENSMUSG00000042570,Mier2,36793
ENSMUSG00000042572,Ube2q1,23272
ENSMUSG00000042581,Thsd7b,10227
ENSMUSG00000042589,Cux2,99724
ENSMUSG00000042590,Ipo11,100389
ENSMUSG00000042594,Sh2b3,101325
ENSMUSG00000042595,Fam199x,16689
ENSMUSG00000042596,Tfap2d,1761
ENSMUSG00000042599,Kdm7a,21738
ENSMUSG00000042604,Kcna4,13861
ENSMUSG00000042605,Atxn2,4472
ENSMUSG00000042606,Hirip3,13031
ENSMUSG00000042607,Asb4,11842
ENSMUSG00000042608,Stk40,26099
ENSMUSG00000042613,Pbxip1,70331
ENSMUSG00000042616,Oscp1,91334
ENSMUSG00000042622,Maff,10049
ENSMUSG00000042625,Safb2,28486
ENSMUSG00000042626,Shc1,20959
ENSMUSG00000042628,Zfyve1,59965
ENSMUSG00000042631,Xkr7,2711
ENSMUSG00000042632,Pla2g6,122783
ENSMUSG00000042638,Gucy2c,7974
ENSMUSG00000042641,Rgsl1,9151
ENSMUSG00000042642,Flad1,36216
ENSMUSG00000042644,Itpr3,8990
ENSMUSG00000042647,Acad12,19404
ENSMUSG00000042650,Alkbh5,12027
ENSMUSG00000042655,Shisal2b,2524
ENSMUSG00000042659,Arrdc4,27766
ENSMUSG00000042660,Wdr55,7909
ENSMUSG00000042662,Dusp15,11054
ENSMUSG00000042670,Immp1l,29953
ENSMUSG00000042671,Rgs8,149384
ENSMUSG00000042672,Dcst1,4597
ENSMUSG00000042675,Ypel3,5189
ENSMUSG00000042677,Zc3h12a,9844
ENSMUSG00000042678,Myo15a,31437
ENSMUSG00000042680,Garem1,25521
ENSMUSG00000042682,Selenok,2457
ENSMUSG00000042684,Npl,7614
ENSMUSG00000042686,Jph1,12553
ENSMUSG00000042688,Mapk6,50683
ENSMUSG00000042694,Stn1,26605
ENSMUSG00000042699,Dhx9,18062
ENSMUSG00000042700,Sipa1l1,122606
ENSMUSG00000042705,Commd10,23239
ENSMUSG00000042707,Dnali1,2133
ENSMUSG00000042708,Shcbp1l,2092
ENSMUSG00000042709,Atpaf2,12856
ENSMUSG00000042712,Tceal9,39197
ENSMUSG00000042717,Ppp1r3a,19712
ENSMUSG00000042719,Naa25,54120
ENSMUSG00000042724,Map3k9,11620
ENSMUSG00000042726,Trafd1,97056
ENSMUSG00000042729,Wdr74,6178
ENSMUSG00000042734,Ttc9,15677
ENSMUSG00000042737,Dpm3,1656
ENSMUSG00000042742,Samtor,25111
ENSMUSG00000042743,Sgtb,66657
ENSMUSG00000042744,Hectd4,16869
ENSMUSG00000042745,Id1,7140
ENSMUSG00000042747,Krtcap2,10949
ENSMUSG00000042750,Bex2,15683
ENSMUSG00000042751,Nmnat2,10378
ENSMUSG00000042757,Tmem108,40169
ENSMUSG00000042759,Apobr,10284
ENSMUSG00000042761,Mrap2,41950
ENSMUSG00000042763,Maneal,30122
ENSMUSG00000042766,Trim46,20514
ENSMUSG00000042770,Hebp1,6513
ENSMUSG00000042772,Smg7,96546
ENSMUSG00000042774,Or7a37,4931
ENSMUSG00000042784,Muc1,2252
ENSMUSG00000042787,Exog,13443
ENSMUSG00000042788,Cimip2b,4201
ENSMUSG00000042790,Rnf214,133496
ENSMUSG00000042793,Lgr6,34009
ENSMUSG00000042796,Or5m3,3768
ENSMUSG00000042797,Aqp11,11288
ENSMUSG00000042800,Spata46,771
ENSMUSG00000042801,Or6c2b,9552
ENSMUSG00000042804,Gpr153,20059
ENSMUSG00000042807,Hecw2,52058
ENSMUSG00000042808,Gpx2,1063
ENSMUSG00000042810,Krba1,144074
ENSMUSG00000042812,Foxf1,2466
ENSMUSG00000042814,Mcts2,912
ENSMUSG00000042816,Gpr151,1772
ENSMUSG00000042817,Flt3,7022
ENSMUSG00000042821,Snai1,1623
ENSMUSG00000042826,Fgf11,11711
ENSMUSG00000042828,Trim72,12622
ENSMUSG00000042831,Alkbh6,16257
ENSMUSG00000042834,Nrep,13754
ENSMUSG00000042842,Serpinb6b,14749
ENSMUSG00000042845,Wfdc12,775
ENSMUSG00000042846,Lrrtm3,8260
ENSMUSG00000042848,Vmn1r226,36417
ENSMUSG00000042849,Or6b3,7418
ENSMUSG00000042851,Zc3h6,12282
ENSMUSG00000042854,Trp53rkb,5801
ENSMUSG00000042861,Kcna10,1913
ENSMUSG00000042863,Or5m13b,3968
ENSMUSG00000042869,Or2p2,9558
ENSMUSG00000042870,Tom1,29062
ENSMUSG00000042873,Lhfpl4,20236
ENSMUSG00000042888,Prr30,3974
ENSMUSG00000042894,Or4c35,5159
ENSMUSG00000042895,Abra,6795
ENSMUSG00000042901,Aida,33492
ENSMUSG00000042903,Foxo4,3223
ENSMUSG00000042909,Or52h1,3880
ENSMUSG00000042918,Mamstr,16727
ENSMUSG00000042942,Greb1l,21850
ENSMUSG00000042961,Egflam,9678
ENSMUSG00000042978,Sbk1,4327
ENSMUSG00000042985,Upk3b,3531
ENSMUSG00000042988,Notum,36805
ENSMUSG00000042992,Borcs5,35181
ENSMUSG00000042993,Ifnk,820
ENSMUSG00000042997,Nhlrc3,10094
ENSMUSG00000043003,Rasef,12468
ENSMUSG00000043004,Gng2,112248
ENSMUSG00000043008,Klhl6,4845
ENSMUSG00000043013,Onecut1,11221
ENSMUSG00000043015,Nemp2,6860
ENSMUSG00000043017,Ptgir,6071
ENSMUSG00000043019,Edem3,113178
ENSMUSG00000043020,Dnai3,3176
ENSMUSG00000043029,Trpv3,5839
ENSMUSG00000043036,Ccdc63,9797
ENSMUSG00000043050,Tnp2,1751
ENSMUSG00000043051,Disc1,21782
ENSMUSG00000043059,Zfp513,21493
ENSMUSG00000043060,Fscb,3361
ENSMUSG00000043061,Tmem18,17698
ENSMUSG00000043065,Spice1,32294
ENSMUSG00000043066,Vmn1r66,10606
ENSMUSG00000043067,Dpy19l1,28561
ENSMUSG00000043068,Fam89a,1381
ENSMUSG00000043073,Usp17le,1885
ENSMUSG00000043079,Synpo,195386
ENSMUSG00000043085,Tmem82,4548
ENSMUSG00000043087,Or7g35,2789
ENSMUSG00000043088,Il17re,11748
ENSMUSG00000043089,Mmp1a,2012
ENSMUSG00000043090,Zfp866,8207
ENSMUSG00000043091,Tuba1c,6830
ENSMUSG00000043099,Hic1,19547
ENSMUSG00000043102,Qrfp,2927
ENSMUSG00000043110,Lrrn4,31768
ENSMUSG00000043119,Or2a5,6721
ENSMUSG00000043122,A530016L24Rik,20553
ENSMUSG00000043131,Mob1a,22915
ENSMUSG00000043140,Tmem186,6833
ENSMUSG00000043144,Aqp6,3899
ENSMUSG00000043153,Crppa,39793
ENSMUSG00000043154,Ppp2r3a,98938
ENSMUSG00000043155,Hpdl,3692
ENSMUSG00000043157,Arl11,3668
ENSMUSG00000043162,Pyurf,3573
ENSMUSG00000043164,Tmem212,3174
ENSMUSG00000043165,Loricrin,5424
ENSMUSG00000043183,Simc1,33137
ENSMUSG00000043190,Rfesd,23606
ENSMUSG00000043207,Zmpste24,41257
ENSMUSG00000043219,Hoxa6,874
ENSMUSG00000043226,Or5g9,4992
ENSMUSG00000043230,Fam124b,6134
ENSMUSG00000043241,Upf2,67834
ENSMUSG00000043243,Niban3,2493
ENSMUSG00000043251,Exoc3l,19976
ENSMUSG00000043252,Tmem64,20851
ENSMUSG00000043257,Pigv,51546
ENSMUSG00000043259,Fam13c,104344
ENSMUSG00000043262,Uevld,4616
ENSMUSG00000043263,Ifi209,3542
ENSMUSG00000043267,Or5m8,2957
ENSMUSG00000043274,Or10ag2,6217
ENSMUSG00000043279,Trim56,9343
ENSMUSG00000043282,Teddm1b,2527
ENSMUSG00000043284,Tmem11,4837
ENSMUSG00000043286,Pnpla1,4484
ENSMUSG00000043289,Mei4,8666
ENSMUSG00000043290,Zfp784,4270
ENSMUSG00000043298,Smco3,12616
ENSMUSG00000043300,B3galnt1,21314
ENSMUSG00000043301,Kcnj6,19385
ENSMUSG00000043308,Vmn1r75,33790
ENSMUSG00000043310,Or51s1,11254
ENSMUSG00000043311,D17H6S53E,9215
ENSMUSG00000043312,Or2y3,5716
ENSMUSG00000043313,Pcdhb19,7138
ENSMUSG00000043314,Or2z2,3470
ENSMUSG00000043319,Cox8c,2033
ENSMUSG00000043323,Fbrsl1,191026
ENSMUSG00000043331,Or10d5,3781
ENSMUSG00000043333,Rhbdl2,2337
ENSMUSG00000043336,Filip1l,25084
ENSMUSG00000043342,Hoxd9,4384
ENSMUSG00000043354,Or51g2,7365
ENSMUSG00000043357,Or5h19,2300
ENSMUSG00000043366,Or51e2,21074
ENSMUSG00000043372,Hexim2,22357
ENSMUSG00000043383,Or13p4,4271
ENSMUSG00000043384,Gprasp1,83685
ENSMUSG00000043385,Or2k2,4994
ENSMUSG00000043388,Tmem130,19286
ENSMUSG00000043391,2510009E07Rik,19408
ENSMUSG00000043398,Gpr135,3150
ENSMUSG00000043410,Hfm1,19228
ENSMUSG00000043411,Usp48,28750
ENSMUSG00000043415,Otud1,2832
ENSMUSG00000043418,Lrit2,2790
ENSMUSG00000043419,Rnf227,9321
ENSMUSG00000043421,Hilpda,6861
ENSMUSG00000043424,Eif3j2,2379
ENSMUSG00000043429,Ccdc185,2055
ENSMUSG00000043430,Psapl1,2548
ENSMUSG00000043432,Leng9,2460
ENSMUSG00000043439,Epop,2314
ENSMUSG00000043441,Gpr149,8684
ENSMUSG00000043445,Pgp,7612
ENSMUSG00000043448,Gjc2,20212
ENSMUSG00000043453,Magea10,1821
ENSMUSG00000043456,Zfp536,42030
ENSMUSG00000043458,Pcdhb12,3034
ENSMUSG00000043460,Elfn2,49901
ENSMUSG00000043461,Sptssb,22767
ENSMUSG00000043463,Rab9b,20014
ENSMUSG00000043467,Zbtb37,112143
ENSMUSG00000043468,Adam30,3510
ENSMUSG00000043472,Lce3d,491
ENSMUSG00000043485,Krt34,1609
ENSMUSG00000043487,Acot6,10203
ENSMUSG00000043496,Tril,5363
ENSMUSG00000043501,Lgals2,3215
ENSMUSG00000043505,Gimap5,12913
ENSMUSG00000043510,Hscb,8771
ENSMUSG00000043518,Rai2,9346
ENSMUSG00000043529,Or11i1,5361
ENSMUSG00000043531,Sorcs1,19067
ENSMUSG00000043535,Setx,21846
ENSMUSG00000043537,Vmn1r225,8664
ENSMUSG00000043541,Dnai7,10320
ENSMUSG00000043542,Zc2hc1a,24378
ENSMUSG00000043549,Fam90a1b,5607
ENSMUSG00000043556,Fbxl7,4637
ENSMUSG00000043557,Mdga1,16826
ENSMUSG00000043569,Cldn34c4,814
ENSMUSG00000043572,Pars2,12832
ENSMUSG00000043587,Pxylp1,70665
ENSMUSG00000043592,Unc5cl,11263
ENSMUSG00000043602,Zfp3,5232
ENSMUSG00000043605,Or2a7,4731
ENSMUSG00000043613,Mmp3,1801
ENSMUSG00000043614,Vps37d,6164
ENSMUSG00000043621,Ubxn10,19590
ENSMUSG00000043629,1700019D03Rik,90398
ENSMUSG00000043631,Ecm2,14470
ENSMUSG00000043633,Fam221b,6039
ENSMUSG00000043635,Adamts3,36092
ENSMUSG00000043639,Rbm20,13888
ENSMUSG00000043648,Pld6,948
ENSMUSG00000043659,Npsr1,12653
ENSMUSG00000043664,Tmem221,1744
ENSMUSG00000043668,Tox3,4806
ENSMUSG00000043670,Diras1,10043
ENSMUSG00000043671,Dpy19l3,87309
ENSMUSG00000043673,Kcns3,57807
ENSMUSG00000043681,Fam25a,4978
ENSMUSG00000043683,Fem1a,6801
ENSMUSG00000043687,1190005I06Rik,7661
ENSMUSG00000043692,Or3a4,2799
ENSMUSG00000043698,Or13p10,6173
ENSMUSG00000043702,Pde12,18719
ENSMUSG00000043705,Capn13,2614
ENSMUSG00000043715,Or7r1,3637
ENSMUSG00000043716,Rpl7,22292
ENSMUSG00000043719,Col6a6,31743
ENSMUSG00000043727,F830045P16Rik,2815
ENSMUSG00000043733,Ptpn11,22558
ENSMUSG00000043740,Trem6l,6516
ENSMUSG00000043747,Grep1,2660
ENSMUSG00000043753,Dmrta1,4238
ENSMUSG00000043760,Pkhd1,12935
ENSMUSG00000043782,Bicdl2,7607
ENSMUSG00000043787,Defb12,1014
ENSMUSG00000043789,Vwce,4543
ENSMUSG00000043795,Prr33,3698
ENSMUSG00000043807,Ly6g5b,2256
ENSMUSG00000043811,Rtn4r,10863
ENSMUSG00000043822,Adamtsl5,67891
ENSMUSG00000043827,Or2i1,2915
ENSMUSG00000043831,Lysmd4,136987
ENSMUSG00000043832,Clec4a3,9750
ENSMUSG00000043843,Tmem145,6868
ENSMUSG00000043850,Clrn1,9387
ENSMUSG00000043855,Or10ab4,7261
ENSMUSG00000043857,Mgat5b,13742
ENSMUSG00000043859,1700049L16Rik,813
ENSMUSG00000043865,Tas2r118,900
ENSMUSG00000043866,Taf10,12979
ENSMUSG00000043872,Zmym1,26145
ENSMUSG00000043873,Chil5,1296
ENSMUSG00000043880,Or11l3,2888
ENSMUSG00000043881,Kbtbd7,4526
ENSMUSG00000043885,Slc36a4,19667
ENSMUSG00000043892,Or2ah1,4122
ENSMUSG00000043895,S1pr2,44821
ENSMUSG00000043897,Vmn2r2,7750
ENSMUSG00000043903,Zfp469,15855
ENSMUSG00000043909,Trp53bp1,102400
ENSMUSG00000043911,Or8b55,5160
ENSMUSG00000043913,Ccdc60,14121
ENSMUSG00000043923,Cenatac,9761
ENSMUSG00000043924,Ncmap,40671
ENSMUSG00000043925,Or55b4,3270
ENSMUSG00000043929,Klhl15,49203
ENSMUSG00000043931,Gimap7,1269
ENSMUSG00000043932,Klri2,3936
ENSMUSG00000043939,Trem4,3534
ENSMUSG00000043940,Wdfy3,62618
ENSMUSG00000043943,Naalad2,18330
ENSMUSG00000043945,Adam6a,2558
ENSMUSG00000043948,Or52b2,3296
ENSMUSG00000043953,Ccrl2,9580
ENSMUSG00000043962,Thrap3,134686
ENSMUSG00000043964,Orai3,10956
ENSMUSG00000043969,Emx2,2916
ENSMUSG00000043972,Opn5,1906
ENSMUSG00000043982,Krtap19-4,304
ENSMUSG00000043986,Spata31d1d,3827
ENSMUSG00000043987,Cep164,26608
ENSMUSG00000043991,Pura,23089
ENSMUSG00000043998,Mgat2,2614
ENSMUSG00000043999,Gpr75,13427
ENSMUSG00000044005,Gls2,15282
ENSMUSG00000044006,Cilp2,8510
ENSMUSG00000044014,Npy5r,21998
ENSMUSG00000044017,Adgrd1,22874
ENSMUSG00000044018,Mrpl50,11036
ENSMUSG00000044022,Pcdhb21,4705
ENSMUSG00000044024,Rell2,16798
ENSMUSG00000044025,Or6c75,7401
ENSMUSG00000044026,Slc35g1,18040
ENSMUSG00000044029,Or5k15,5163
ENSMUSG00000044030,Irf2bp1,2734
ENSMUSG00000044033,Ccdc141,36392
ENSMUSG00000044034,Npb,3775
ENSMUSG00000044037,Als2cl,35681
ENSMUSG00000044039,Or4g7,2265
ENSMUSG00000044040,Or9q2,2617
ENSMUSG00000044041,Krt13,3305
ENSMUSG00000044042,Fmn1,53214
ENSMUSG00000044043,Pcdhb14,8695
ENSMUSG00000044052,Ccr10,1727
ENSMUSG00000044055,Otos,3625
ENSMUSG00000044056,Efcab9,4572
ENSMUSG00000044061,Or2w25,2658
ENSMUSG00000044066,Cep68,56689
ENSMUSG00000044067,Gpr22,18977
ENSMUSG00000044071,Tafa2,24567
ENSMUSG00000044072,Eml6,31525
ENSMUSG00000044080,S100a1,9440
ENSMUSG00000044083,Efcab8,5914
ENSMUSG00000044084,Spem2,3327
ENSMUSG00000044086,Lmod3,19831
ENSMUSG00000044092,C130050O18Rik,3153
ENSMUSG00000044098,Rsbn1,11474
ENSMUSG00000044103,Il36g,9564
ENSMUSG00000044106,Or7e174,8429
ENSMUSG00000044117,Bmerb1,48310
ENSMUSG00000044120,Or56a5,4801
ENSMUSG00000044121,5430402E10Rik,798
ENSMUSG00000044122,Proca1,9697
ENSMUSG00000044134,Pheta1,48766
ENSMUSG00000044139,Prss53,4051
ENSMUSG00000044145,1810024B03Rik,1277
ENSMUSG00000044147,Arf6,1632
ENSMUSG00000044148,1810030O07Rik,35272
ENSMUSG00000044149,Nkrf,12622
ENSMUSG00000044150,Bclaf3,122490
ENSMUSG00000044155,Lsm8,18396
ENSMUSG00000044156,Hepacam2,2328
ENSMUSG00000044162,Tnip3,19090
ENSMUSG00000044164,Rnf182,34359
ENSMUSG00000044165,Bcl2l15,5494
ENSMUSG00000044167,Foxo1,25931
ENSMUSG00000044170,Or2y14,5471
ENSMUSG00000044172,Ptx4,4211
ENSMUSG00000044176,Spink10,43140
ENSMUSG00000044177,Wfikkn2,11169
ENSMUSG00000044186,Nkx2-6,1134
ENSMUSG00000044197,Gpr146,26878
ENSMUSG00000044199,S1pr4,2386
ENSMUSG00000044201,Cdc25c,23385
ENSMUSG00000044205,Or8b57,7246
ENSMUSG00000044206,Vsig4,1432
ENSMUSG00000044213,Or5t9,2840
ENSMUSG00000044216,Kcnj4,9229
ENSMUSG00000044217,Aqp5,4845
ENSMUSG00000044220,Nkx2-3,2112
ENSMUSG00000044221,Grsf1,33355
ENSMUSG00000044222,Defb13,452
ENSMUSG00000044224,Dnajc21,14869
ENSMUSG00000044227,Krtap20-21,397
ENSMUSG00000044229,Nxpe4,172620
ENSMUSG00000044231,Nhlrc1,2294
ENSMUSG00000044243,Bhlha9,1207
ENSMUSG00000044244,Il20rb,4069
ENSMUSG00000044248,Vmn1r45,24512
ENSMUSG00000044249,Defb29,946
ENSMUSG00000044250,Pced1b,27237
ENSMUSG00000044252,Osbpl1a,144485
ENSMUSG00000044254,Pcsk9,15038
ENSMUSG00000044258,Ctla2a,5270
ENSMUSG00000044265,Olfm5,2268
ENSMUSG00000044279,Crb3,28574
ENSMUSG00000044286,Or5au1,12625
ENSMUSG00000044287,Nrn1l,1757
ENSMUSG00000044288,Cnr1,95481
ENSMUSG00000044292,Or10g7,2726
ENSMUSG00000044293,Or6c88,4007
ENSMUSG00000044294,Krt84,2570
ENSMUSG00000044296,Zfp879,26154
ENSMUSG00000044303,Cdkn2a,1747
ENSMUSG00000044308,Ubr3,97907
ENSMUSG00000044309,Apol7c,2060
ENSMUSG00000044312,Neurog3,1771
ENSMUSG00000044313,Mab21l3,14174
ENSMUSG00000044317,Gpr4,12277
ENSMUSG00000044320,1700001O22Rik,9952
ENSMUSG00000044322,Dsc1,8041
ENSMUSG00000044328,Trp53i13,10415
ENSMUSG00000044337,Ackr3,56136
ENSMUSG00000044338,Aplnr,3699
ENSMUSG00000044339,Alkbh2,8864
ENSMUSG00000044340,Phlpp1,17480
ENSMUSG00000044345,Marveld1,3066
ENSMUSG00000044348,Slc25a53,74105
ENSMUSG00000044350,Lacc1,17579
ENSMUSG00000044352,Sowaha,3702
ENSMUSG00000044359,P2ry4,4434
ENSMUSG00000044361,BC024139,8135
ENSMUSG00000044362,Ccdc89,2093
ENSMUSG00000044364,Tmem74b,39012
ENSMUSG00000044365,Cxxc4,17598
ENSMUSG00000044367,Slc16a13,4918
ENSMUSG00000044375,Pcare,9747
ENSMUSG00000044378,Slc15a5,2461
ENSMUSG00000044390,Tigd3,4717
ENSMUSG00000044393,Dsg2,13462
ENSMUSG00000044400,Sowahd,1574
ENSMUSG00000044405,Adig,4380
ENSMUSG00000044408,Sptssa,2796
ENSMUSG00000044429,Cryga,630
ENSMUSG00000044430,Klk12,2149
ENSMUSG00000044433,Camsap3,96747
ENSMUSG00000044441,Or5b94,11624
ENSMUSG00000044442,N6amt1,19242
ENSMUSG00000044444,Pfn3,545
ENSMUSG00000044447,Dock5,9988
ENSMUSG00000044452,Zfp507,64130
ENSMUSG00000044453,Ffar1,4175
ENSMUSG00000044454,Or7d11,9841
ENSMUSG00000044456,Rin3,11250
ENSMUSG00000044461,Shisa2,6302
ENSMUSG00000044465,Fhip1b,309986
ENSMUSG00000044468,Tent5c,11293
ENSMUSG00000044469,Tnfaip8l1,2493
ENSMUSG00000044475,Ascc1,27603
ENSMUSG00000044477,Zfand3,19794
ENSMUSG00000044485,Klk1b11,863
ENSMUSG00000044487,Or12e1,2400
ENSMUSG00000044496,2510039O18Rik,11241
ENSMUSG00000044499,Hs3st5,22898
ENSMUSG00000044501,Zfp758,27065
ENSMUSG00000044502,Bod1,12904
ENSMUSG00000044505,Lingo4,10833
ENSMUSG00000044518,Foxe3,867
ENSMUSG00000044519,Zfp488,8919
ENSMUSG00000044526,Znrf4,1184
ENSMUSG00000044528,Tram1l1,8687
ENSMUSG00000044533,Rps2,18260
ENSMUSG00000044534,Ackr2,19528
ENSMUSG00000044537,Or6c6b,929
ENSMUSG00000044542,Prop1,1133
ENSMUSG00000044548,Dact1,10099
ENSMUSG00000044550,Tceal3,34977
ENSMUSG00000044551,9930012K11Rik,6000
ENSMUSG00000044556,Tex38,809
ENSMUSG00000044560,Or4k52,6138
ENSMUSG00000044562,Rasip1,20441
ENSMUSG00000044566,Cage1,18888
ENSMUSG00000044573,Acp1,27226
ENSMUSG00000044576,Garem2,16571
ENSMUSG00000044581,Spata31h1,18274
ENSMUSG00000044583,Tlr7,14986
ENSMUSG00000044594,Serpinb3a,3249
ENSMUSG00000044595,Dnd1,1451
ENSMUSG00000044597,Mycs,2368
ENSMUSG00000044600,Smim7,30266
ENSMUSG00000044617,Zbtb39,12018
ENSMUSG00000044624,Gm4922,4395
ENSMUSG00000044626,Liph,15452
ENSMUSG00000044627,Swi5,2879
ENSMUSG00000044628,Rnf208,2470
ENSMUSG00000044629,Cnrip1,8324
ENSMUSG00000044636,Csrnp2,25870
ENSMUSG00000044641,Pard6b,10466
ENSMUSG00000044646,Zbtb7c,58497
ENSMUSG00000044647,Csrnp3,106269
ENSMUSG00000044649,Krtap4-2,974
ENSMUSG00000044664,Prss42,2687
ENSMUSG00000044667,Plppr4,38690
ENSMUSG00000044674,Fzd1,4197
ENSMUSG00000044676,Zfp612,71936
ENSMUSG00000044678,Ly6k,2851
ENSMUSG00000044681,Cnpy1,12346
ENSMUSG00000044700,Tmem201,46675
ENSMUSG00000044701,Il27,1118
ENSMUSG00000044702,Palb2,32086
ENSMUSG00000044703,Phf11a,2398
ENSMUSG00000044705,Or52e18,4668
ENSMUSG00000044707,Ccnjl,5310
ENSMUSG00000044708,Kcnj10,5419
ENSMUSG00000044709,Gemin7,24412
ENSMUSG00000044712,Slc38a6,20121
ENSMUSG00000044715,Gskip,10597
ENSMUSG00000044716,Dok7,29065
ENSMUSG00000044719,E230025N22Rik,2745
ENSMUSG00000044724,Gpr152,3936
ENSMUSG00000044726,Erich5,7522
ENSMUSG00000044730,Airim,2911
ENSMUSG00000044734,Serpinb1a,7342
ENSMUSG00000044737,Klk14,1271
ENSMUSG00000044743,Defb10,298
ENSMUSG00000044748,Defb1,1373
ENSMUSG00000044749,Abca6,32324
ENSMUSG00000044763,Trmt10c,9024
ENSMUSG00000044768,Macir,529288
ENSMUSG00000044770,Scml4,46057
ENSMUSG00000044772,Sntn,1485
ENSMUSG00000044783,Hjurp,70973
ENSMUSG00000044786,Zfp36,5287
ENSMUSG00000044787,Spata32,1112
ENSMUSG00000044788,Fads6,4951
ENSMUSG00000044791,Setd2,42400
ENSMUSG00000044792,Isca1,15284
ENSMUSG00000044795,Cyb5d1,27371
ENSMUSG00000044798,Or8b56,4982
ENSMUSG00000044801,Or13c7d,960
ENSMUSG00000044807,Zfp354c,28759
ENSMUSG00000044811,Cd300c2,10217
ENSMUSG00000044813,Shb,29643
ENSMUSG00000044814,Or55b3,2586
ENSMUSG00000044816,D630023F18Rik,8706
ENSMUSG00000044819,Oxgr1,3768
ENSMUSG00000044820,AY074887,769
ENSMUSG00000044824,Or55b10,4447
ENSMUSG00000044827,Tlr1,11555
ENSMUSG00000044835,Ankrd45,141470
ENSMUSG00000044847,Lsm11,10719
ENSMUSG00000044854,1700056E22Rik,967
ENSMUSG00000044857,Lemd2,18491
ENSMUSG00000044860,Gm1123,2875
ENSMUSG00000044863,Defb36,1016
ENSMUSG00000044864,Ankrd50,6909
ENSMUSG00000044876,Zfp444,112829
ENSMUSG00000044881,Coa4,4077
ENSMUSG00000044894,Uqcrq,13767
ENSMUSG00000044897,Or6c74,4855
ENSMUSG00000044899,Or52h2,2321
ENSMUSG00000044903,Psg22,5627
ENSMUSG00000044906,4930503L19Rik,61888
ENSMUSG00000044912,Syt16,155886
ENSMUSG00000044916,Frey1,3571
ENSMUSG00000044921,Rassf9,10807
ENSMUSG00000044923,Or5m5,4522
ENSMUSG00000044927,H1f10,2434
ENSMUSG00000044933,Sstr3,26162
ENSMUSG00000044934,Zfp367,6435
ENSMUSG00000044937,Ttc41,25452
ENSMUSG00000044938,Klhl31,14400
ENSMUSG00000044948,Cfap43,8657
ENSMUSG00000044949,Ubtd2,5502
ENSMUSG00000044950,Pwwp2a,45863
ENSMUSG00000044951,Mylk4,34087
ENSMUSG00000044952,Kctd21,31340
ENSMUSG00000044957,Pp2d1,2476
ENSMUSG00000044966,Fbxo48,15350
ENSMUSG00000044968,Napepld,30889
ENSMUSG00000044976,Wdr72,10356
ENSMUSG00000044982,Sft2d3,2727
ENSMUSG00000044985,Or2b4,14426
ENSMUSG00000044986,Tst,8124
ENSMUSG00000044988,Ucn3,1478
ENSMUSG00000044991,Shld1,32892
ENSMUSG00000044994,Or4d10c,18829
ENSMUSG00000045004,Spata21,16824
ENSMUSG00000045005,Fzd5,23464
ENSMUSG00000045007,Tubg2,14321
ENSMUSG00000045009,Prrt3,81879
ENSMUSG00000045010,Gm4779,3046
ENSMUSG00000045013,Or6b6,10725
ENSMUSG00000045019,Acer1,2429
ENSMUSG00000045022,H2bl1,481
ENSMUSG00000045027,Prss22,1324
ENSMUSG00000045030,Or5b95,8338
ENSMUSG00000045031,Cetn4,33243
ENSMUSG00000045034,Ankrd34b,20191
ENSMUSG00000045036,Tmem232,14872
ENSMUSG00000045038,Prkce,48740
ENSMUSG00000045039,Megf8,12147
ENSMUSG00000045045,Lrfn4,9774
ENSMUSG00000045052,Prlhr,3120
ENSMUSG00000045053,Kcng3,9221
ENSMUSG00000045062,Pcdhb7,3501
ENSMUSG00000045064,Zc2hc1c,19323
ENSMUSG00000045065,9930022D16Rik,2706
ENSMUSG00000045071,E130308A19Rik,54463
ENSMUSG00000045078,Rnf216,81327
ENSMUSG00000045083,Lingo2,162844
ENSMUSG00000045087,S1pr5,8233
ENSMUSG00000045091,Aqp12,2183
ENSMUSG00000045092,S1pr1,12771
ENSMUSG00000045094,Arhgef37,18784
ENSMUSG00000045095,Magi1,34297
ENSMUSG00000045098,Kmt5b,132039
ENSMUSG00000045100,Slc25a26,28727
ENSMUSG00000045102,Poln,9921
ENSMUSG00000045103,Dmd,42647
ENSMUSG00000045106,Ccdc73,31929
ENSMUSG00000045107,Saysd1,4625
ENSMUSG00000045109,Krtap4-7,984
ENSMUSG00000045111,Taar6,1038
ENSMUSG00000045114,Prrt2,23123
ENSMUSG00000045126,Or5b12b,1001
ENSMUSG00000045128,Rpl18a,21474
ENSMUSG00000045132,Or51v14,3157
ENSMUSG00000045136,Tubb2b,19561
ENSMUSG00000045140,Pigw,15155
ENSMUSG00000045148,Or4c12b,3186
ENSMUSG00000045150,Or5d35,8334
ENSMUSG00000045160,Bola3,11289
ENSMUSG00000045165,AI467606,8520
ENSMUSG00000045174,Amer3,28526
ENSMUSG00000045176,Borcs6,1862
ENSMUSG00000045179,Sox3,2065
ENSMUSG00000045180,Shroom2,30364
ENSMUSG00000045193,Cirbp,18438
ENSMUSG00000045201,Lrrc3b,14221
ENSMUSG00000045202,Or2g1,6529
ENSMUSG00000045204,Or7g20,3626
ENSMUSG00000045205,Dpy19l4,28290
ENSMUSG00000045210,Vcpip1,28894
ENSMUSG00000045211,Nudt18,13643
ENSMUSG00000045215,Asxl3,22838
ENSMUSG00000045216,Hs6st1,9527
ENSMUSG00000045225,Or5w19,7134
ENSMUSG00000045232,Rln3,902
ENSMUSG00000045236,Krtap5-4,1046
ENSMUSG00000045237,Eola1,5081
ENSMUSG00000045246,Kcng4,46865
ENSMUSG00000045248,Med26,9112
ENSMUSG00000045251,Zfp688,11538
ENSMUSG00000045252,Zfp574,25241
ENSMUSG00000045257,Morn2,2681
ENSMUSG00000045259,Klhdc9,5435
ENSMUSG00000045267,Tas2r119,1006
ENSMUSG00000045268,Zfp691,9530
ENSMUSG00000045273,Cenph,11391
ENSMUSG00000045275,Lca5l,8686
ENSMUSG00000045281,Gpr20,2144
ENSMUSG00000045282,Tmem86b,9796
ENSMUSG00000045284,Dcaf12l1,7308
ENSMUSG00000045287,Rtn4rl1,11632
ENSMUSG00000045288,Ush1g,3329
ENSMUSG00000045291,Ube2q2l,2929
ENSMUSG00000045294,Insig1,19417
ENSMUSG00000045302,Preb,92828
ENSMUSG00000045306,Or4m1,5449
ENSMUSG00000045312,Lhfpl2,101942
ENSMUSG00000045314,Sowahb,3900
ENSMUSG00000045316,Fahd1,2297
ENSMUSG00000045318,Adra2c,3445
ENSMUSG00000045319,Proser2,71378
ENSMUSG00000045322,Tlr9,3478
ENSMUSG00000045326,Fndc7,11516
ENSMUSG00000045328,Cenpe,12907
ENSMUSG00000045330,Magec2,3902
ENSMUSG00000045331,2310079G19Rik,881
ENSMUSG00000045333,Zfp423,14819
ENSMUSG00000045336,Hsfy2,1392
ENSMUSG00000045337,Defb11,3846
ENSMUSG00000045340,Vmn1r70,8950
ENSMUSG00000045341,Or2l5,8374
ENSMUSG00000045348,Nyap1,12000
ENSMUSG00000045349,Sh2d5,111115
ENSMUSG00000045350,Fam186a,10939
ENSMUSG00000045362,Tnfrsf26,6173
ENSMUSG00000045364,Ifne,664
ENSMUSG00000045374,Wdr81,13857
ENSMUSG00000045377,Tmem88,2447
ENSMUSG00000045378,Pxt1,2361
ENSMUSG00000045381,Or10aa1,5374
ENSMUSG00000045382,Cxcr4,1822
ENSMUSG00000045392,Or5m3b,16094
ENSMUSG00000045394,Epcam,3808
ENSMUSG00000045395,Or9i14,2886
ENSMUSG00000045404,Kcnk13,29953
ENSMUSG00000045409,Trim39,40094
ENSMUSG00000045410,Akr1e1,59005
ENSMUSG00000045411,2410002F23Rik,33178
ENSMUSG00000045414,Dipk2a,8048
ENSMUSG00000045417,Vmn1r230,25066
ENSMUSG00000045421,Or2y17,3811
ENSMUSG00000045427,Hnrnph2,29660
ENSMUSG00000045435,Tmem60,6716
ENSMUSG00000045438,Cox19,17628
ENSMUSG00000045440,Insm2,2660
ENSMUSG00000045441,Gprin3,66830
ENSMUSG00000045466,Zfp956,11050
ENSMUSG00000045467,Ttll13,9159
ENSMUSG00000045471,Hcrt,1108
ENSMUSG00000045474,Or2ad1,2453
ENSMUSG00000045475,Lce3c,1126
ENSMUSG00000045479,Or9a2,8594
ENSMUSG00000045482,Trrap,62317
ENSMUSG00000045493,Bhlhe23,2520
ENSMUSG00000045498,Pcdhb3,3787
ENSMUSG00000045502,Hcar2,1930
ENSMUSG00000045503,Sys1,8399
ENSMUSG00000045508,Or2b28,1055
ENSMUSG00000045509,Gpr150,2146
ENSMUSG00000045514,Or9a4,4431
ENSMUSG00000045515,Pou3f3,14739
ENSMUSG00000045518,Onecut3,4776
ENSMUSG00000045519,Zfp560,12824
ENSMUSG00000045521,Tssk2,1388
ENSMUSG00000045528,Or8c13,951
ENSMUSG00000045532,C1ql1,8210
ENSMUSG00000045534,Kcna5,2862
ENSMUSG00000045538,Ddx28,2262
ENSMUSG00000045539,Sprr3,3419
ENSMUSG00000045540,Or52ad1,4475
ENSMUSG00000045545,Krt14,2974
ENSMUSG00000045551,Fpr1,1324
ENSMUSG00000045555,Mettl24,22331
ENSMUSG00000045559,Or9k7,9515
ENSMUSG00000045566,Sprr4,231
ENSMUSG00000045569,Mc2r,27715
ENSMUSG00000045573,Penk,14317
ENSMUSG00000045575,Vmn1r233,14232
ENSMUSG00000045576,St7l,73120
ENSMUSG00000045581,Or2d4,1312
ENSMUSG00000045584,Or51ag1,2591
ENSMUSG00000045587,Lypd10,24564
ENSMUSG00000045589,Frrs1l,13722
ENSMUSG00000045591,Olig3,2072
ENSMUSG00000045594,Glb1,18666
ENSMUSG00000045598,Zfp553,18572
ENSMUSG00000045608,Dbx2,13477
ENSMUSG00000045613,Chrm2,42171
ENSMUSG00000045620,Cimap1c,6197
ENSMUSG00000045624,Esf1,27775
ENSMUSG00000045625,Pigz,14667
ENSMUSG00000045629,Sh3tc2,18754
ENSMUSG00000045631,Tmprss12,1362
ENSMUSG00000045636,Mtus1,42723
ENSMUSG00000045639,Zfp629,54235
ENSMUSG00000045648,Vwc2l,13283
ENSMUSG00000045655,Fam216b,6909
ENSMUSG00000045657,Pcdhb10,2851
ENSMUSG00000045658,Pid1,27749
ENSMUSG00000045659,Plekha7,52574
ENSMUSG00000045662,Henmt1,7007
ENSMUSG00000045664,Cdc42ep2,7792
ENSMUSG00000045665,Mfsd5,6895
ENSMUSG00000045667,Smtnl2,23140
ENSMUSG00000045671,Spred2,19832
ENSMUSG00000045672,Col27a1,7612
ENSMUSG00000045678,Or5b124,12251
ENSMUSG00000045679,Slc66a3,14337
ENSMUSG00000045680,Tcf21,5010
ENSMUSG00000045684,Lcn6,2628
ENSMUSG00000045689,Pcdhb4,3718
ENSMUSG00000045690,Wdr89,15404
ENSMUSG00000045691,Thtpa,16195
ENSMUSG00000045693,Nlrp4e,3382
ENSMUSG00000045699,Gm21411,517
ENSMUSG00000045708,Or2a25,4118
ENSMUSG00000045725,Prr15,4744
ENSMUSG00000045730,Adrb2,4721
ENSMUSG00000045731,Pnoc,11711
ENSMUSG00000045733,Sprn,3381
ENSMUSG00000045744,Bricd5,4153
ENSMUSG00000045751,Mms22l,35125
ENSMUSG00000045752,Tssc4,9131
ENSMUSG00000045757,Zfp764,2515
ENSMUSG00000045761,Togaram2,17606
ENSMUSG00000045763,Basp1,5322
ENSMUSG00000045767,B230219D22Rik,9200
ENSMUSG00000045775,Slc16a5,4468
ENSMUSG00000045776,Lrtm1,27278
ENSMUSG00000045777,Ifitm10,16064
ENSMUSG00000045780,Or51v8,5731
ENSMUSG00000045790,Ccdc149,15680
ENSMUSG00000045792,Or51g1,4607
ENSMUSG00000045794,Lkaaear1,13326
ENSMUSG00000045795,Whamm,5333
ENSMUSG00000045797,4930402K13Rik,1781
ENSMUSG00000045802,Hsf3,10094
ENSMUSG00000045812,Or4d5,16270
ENSMUSG00000045817,Zfp36l2,3764
ENSMUSG00000045822,Zswim3,10532
ENSMUSG00000045824,Or51t4,2080
ENSMUSG00000045826,Ptprcap,1566
ENSMUSG00000045827,Serpinb9,38902
ENSMUSG00000045835,Hdgfl1,1993
ENSMUSG00000045838,Ccdc9b,4715
ENSMUSG00000045854,Lyrm2,3805
ENSMUSG00000045867,Cradd,29214
ENSMUSG00000045868,Gvin1,17816
ENSMUSG00000045871,Slitrk6,4243
ENSMUSG00000045875,Adra1a,102313
ENSMUSG00000045876,Pcdhb8,3334
ENSMUSG00000045883,Or5b107,4420
ENSMUSG00000045886,Pam16l,1044
ENSMUSG00000045896,Paip2b,8549
ENSMUSG00000045903,Npas4,3622
ENSMUSG00000045912,C2cd4c,13573
ENSMUSG00000045915,Ccdc42,7369
ENSMUSG00000045917,Tmem268,195586
ENSMUSG00000045929,Gm20715,4460
ENSMUSG00000045930,Clec14a,4571
ENSMUSG00000045932,Ifit2,40766
ENSMUSG00000045934,Mtmr11,9681
ENSMUSG00000045942,Msantd5l,2623
ENSMUSG00000045948,Mrps12,10732
ENSMUSG00000045954,Cavin2,12839
ENSMUSG00000045962,Wnk1,63431
ENSMUSG00000045967,Gpr158,7550
ENSMUSG00000045968,Teddm2,4617
ENSMUSG00000045969,Ing1,17802
ENSMUSG00000045973,Slc25a51,30122
ENSMUSG00000045975,C2cd2,6556
ENSMUSG00000045980,Tmem104,23347
ENSMUSG00000045983,Eif4g1,127451
ENSMUSG00000045989,4930451I11Rik,3412
ENSMUSG00000045991,Onecut2,16234
ENSMUSG00000045994,B3gat1,26804
ENSMUSG00000045996,Polr2k,3448
ENSMUSG00000046000,Naa11,3430
ENSMUSG00000046006,Gapt,6542
ENSMUSG00000046008,Pnlip,3554
ENSMUSG00000046010,Zfp830,1591
ENSMUSG00000046016,Or2w2,7109
ENSMUSG00000046020,Pofut1,31134
ENSMUSG00000046027,Stard5,25391
ENSMUSG00000046031,Calhm6,1124
ENSMUSG00000046032,Snx12,21702
ENSMUSG00000046034,Otulin,15543
ENSMUSG00000046041,Or6c3b,3312
ENSMUSG00000046049,Rp1l1,6684
ENSMUSG00000046056,Sbsn,7022
ENSMUSG00000046058,Eid2,1392
ENSMUSG00000046062,Ppp1r15b,9852
ENSMUSG00000046070,Igfals,7610
ENSMUSG00000046079,Lrrc8d,104092
ENSMUSG00000046080,Clec9a,7222
ENSMUSG00000046082,Tmem174,2252
ENSMUSG00000046093,Hpcal4,43871
ENSMUSG00000046095,Krt32,1712
ENSMUSG00000046096,Mosmo,8583
ENSMUSG00000046101,Mcmdc2,27953
ENSMUSG00000046108,Il17c,1185
ENSMUSG00000046110,Serinc4,8045
ENSMUSG00000046111,Cep295,128193
ENSMUSG00000046130,Vmn1r184,38806
ENSMUSG00000046133,C130073F10Rik,42497
ENSMUSG00000046138,Brd10,39208
ENSMUSG00000046139,Patl1,12918
ENSMUSG00000046150,Or8b3b,4761
ENSMUSG00000046152,Pofut3,103521
ENSMUSG00000046157,Tmem229b,75971
ENSMUSG00000046159,Chrm3,6106
ENSMUSG00000046160,Olig1,2162
ENSMUSG00000046167,Gldn,4811
ENSMUSG00000046168,Kcnrg,4544
ENSMUSG00000046169,Adamts6,13131
ENSMUSG00000046173,Pabpc6,3223
ENSMUSG00000046178,Nxph1,6563
ENSMUSG00000046179,E2f8,25261
ENSMUSG00000046180,Magea13,3268
ENSMUSG00000046182,Gsg1l,30434
ENSMUSG00000046185,Zfp84,27796
ENSMUSG00000046186,Cd109,5976
ENSMUSG00000046191,Pcdhb20,3559
ENSMUSG00000046192,Iqub,10668
ENSMUSG00000046196,Ttc39d,4460
ENSMUSG00000046201,Scaf8,51808
ENSMUSG00000046203,Sprr2g,651
ENSMUSG00000046204,Pnma2,64468
ENSMUSG00000046207,Pik3r6,16044
ENSMUSG00000046210,Or4q3,4925
ENSMUSG00000046213,Cym,1236
ENSMUSG00000046215,Rprml,1010
ENSMUSG00000046223,Plaur,4745
ENSMUSG00000046229,Scand1,803
ENSMUSG00000046230,Vps13a,20355
ENSMUSG00000046240,Hepacam,20946
ENSMUSG00000046242,Nme9,3050
ENSMUSG00000046245,Pilra,5456
ENSMUSG00000046248,Krtap5-3,1652
ENSMUSG00000046258,Adam29,2726
ENSMUSG00000046259,Sprr2h,1064
ENSMUSG00000046262,Pramel29,3342
ENSMUSG00000046269,Usp27x,7513
ENSMUSG00000046272,Or5b21,3001
ENSMUSG00000046275,Trarg1,3467
ENSMUSG00000046280,She,41406
ENSMUSG00000046282,Adam20,2589
ENSMUSG00000046287,Pnma3,3405
ENSMUSG00000046295,Ankle1,10567
ENSMUSG00000046300,Or9s27,4629
ENSMUSG00000046311,Zfp62,104709
ENSMUSG00000046312,Myorg,51482
ENSMUSG00000046314,Stxbp6,40624
ENSMUSG00000046318,Ccbe1,11340
ENSMUSG00000046321,Hs3st2,3427
ENSMUSG00000046323,Dppa3,9119
ENSMUSG00000046324,Ermp1,42662
ENSMUSG00000046329,Slc25a23,39964
ENSMUSG00000046330,Rpl37a,34317
ENSMUSG00000046337,Fam178b,43785
ENSMUSG00000046338,Gpat2,79245
ENSMUSG00000046345,Smco1,1410
ENSMUSG00000046351,Zfp322a,64386
ENSMUSG00000046352,Gjb2,6266
ENSMUSG00000046354,Defb14,204
ENSMUSG00000046364,Rpl27a,12249
ENSMUSG00000046367,Mgat4e,5968
ENSMUSG00000046378,Asphd1,3765
ENSMUSG00000046380,Jrk,10001
ENSMUSG00000046387,Pcdhb17,4660
ENSMUSG00000046396,Or51af1,7712
ENSMUSG00000046402,Rbp1,10697
ENSMUSG00000046404,Yod1,14901
ENSMUSG00000046408,1700067K01Rik,2471
ENSMUSG00000046410,Kcnk6,16280
ENSMUSG00000046417,Lrrc75a,15457
ENSMUSG00000046431,Or10a3,3996
ENSMUSG00000046432,Bex3,32226
ENSMUSG00000046434,Hnrnpa1,47870
ENSMUSG00000046435,Pramel24,2106
ENSMUSG00000046438,Scgb2b24,523
ENSMUSG00000046441,Cmtr2,3587
ENSMUSG00000046442,Ppm1e,39060
ENSMUSG00000046447,Camk2n1,11689
ENSMUSG00000046449,Nexmif,27747
ENSMUSG00000046450,Or13j1,6233
ENSMUSG00000046456,Tmem150b,4422
ENSMUSG00000046460,Sh2d7,5804
ENSMUSG00000046470,Sox18,1625
ENSMUSG00000046474,Krtap4-16,954
ENSMUSG00000046480,Scn4b,10158
ENSMUSG00000046486,Or6k6,6128
ENSMUSG00000046490,Rnf222,3463
ENSMUSG00000046491,C1qtnf2,11539
ENSMUSG00000046493,Or7a36,4356
ENSMUSG00000046500,Tafa4,13844
ENSMUSG00000046516,Cox17,4590
ENSMUSG00000046518,Ferd3l,886
ENSMUSG00000046519,Golph3l,18806
ENSMUSG00000046523,Kctd4,3998
ENSMUSG00000046532,Ar,20077
ENSMUSG00000046541,Zfp526,8241
ENSMUSG00000046546,Fam43a,3075
ENSMUSG00000046550,Spin2c,2613
ENSMUSG00000046556,Zfp319,15772
ENSMUSG00000046561,Arsj,7062
ENSMUSG00000046562,Unc119b,30370
ENSMUSG00000046567,Rlig1,18682
ENSMUSG00000046572,Zfp518b,49469
ENSMUSG00000046573,Lyrm4,4173
ENSMUSG00000046574,Prr12,11235
ENSMUSG00000046585,Cfap58,4093
ENSMUSG00000046589,Lrrc8e,12660
ENSMUSG00000046590,Or5d20,950
ENSMUSG00000046591,Ticrr,9904
ENSMUSG00000046593,Tmem215,8524
ENSMUSG00000046598,Bdh1,38020
ENSMUSG00000046603,Tcaim,54216
ENSMUSG00000046605,B3gntl1,42736
ENSMUSG00000046607,Hrk,5417
ENSMUSG00000046610,Oacyl,6803
ENSMUSG00000046613,Vwa5b2,122542
ENSMUSG00000046615,Actrt1,1339
ENSMUSG00000046618,Olfml2a,11106
ENSMUSG00000046623,Gjb4,10239
ENSMUSG00000046634,Pkd1l1,8495
ENSMUSG00000046637,Ttc34,7935
ENSMUSG00000046643,Or10j3,7996
ENSMUSG00000046650,Or5an6,23592
ENSMUSG00000046652,Tas2r143,882
ENSMUSG00000046658,Zfp316,17988
ENSMUSG00000046667,Rbm12b1,45599
ENSMUSG00000046668,Cxxc5,55853
ENSMUSG00000046671,Mtfr1l,128632
ENSMUSG00000046675,Lyset,5686
ENSMUSG00000046676,Lce1l,670
ENSMUSG00000046678,Or10g6,9194
ENSMUSG00000046679,C87436,110992
ENSMUSG00000046688,Tifa,19943
ENSMUSG00000046691,Chtf8,27084
ENSMUSG00000046694,Tent5b,4572
ENSMUSG00000046697,Enpp7,3335
ENSMUSG00000046699,Slitrk4,115144
ENSMUSG00000046707,Csnk2a2,24617
ENSMUSG00000046709,Mapk10,182031
ENSMUSG00000046711,Hmga1,83958
ENSMUSG00000046714,Foxc2,2725
ENSMUSG00000046716,Vmn1r67,4766
ENSMUSG00000046717,Igbp1b,1456
ENSMUSG00000046718,Bst2,4199
ENSMUSG00000046719,Nxph3,2236
ENSMUSG00000046722,Cdc42se1,47521
ENSMUSG00000046723,Adam24,5797
ENSMUSG00000046727,Cystm1,50487
ENSMUSG00000046731,Kctd11,5867
ENSMUSG00000046733,Gprc5a,14121
ENSMUSG00000046743,Fat4,16109
ENSMUSG00000046748,Tmem45a2,9523
ENSMUSG00000046750,Selenov,1267
ENSMUSG00000046753,Ccdc66,33907
ENSMUSG00000046755,Kif2b,2244
ENSMUSG00000046756,Mrps7,7294
ENSMUSG00000046761,Fam83h,26259
ENSMUSG00000046768,Rhoj,23618
ENSMUSG00000046774,8030474K03Rik,2322
ENSMUSG00000046782,Ttc6,7266
ENSMUSG00000046785,Epm2aip1,11490
ENSMUSG00000046790,Or13p3,9939
ENSMUSG00000046791,Riox1,2344
ENSMUSG00000046792,Zfp787,32117
ENSMUSG00000046793,Gpr61,7660
ENSMUSG00000046794,Ppp1r3b,40940
ENSMUSG00000046798,Cldn12,102750
ENSMUSG00000046804,Phgr1,1076
ENSMUSG00000046805,Mpeg1,12946
ENSMUSG00000046806,Cyren,68270
ENSMUSG00000046807,Lrrc75b,9101
ENSMUSG00000046808,Atp10d,6052
ENSMUSG00000046811,Gltpd2,5682
ENSMUSG00000046814,Gchfr,1315
ENSMUSG00000046818,Ddit4l,11315
ENSMUSG00000046822,Slc39a3,37462
ENSMUSG00000046826,Fam187b,5172
ENSMUSG00000046828,Mettl21e,9944
ENSMUSG00000046834,Krt1,2455
ENSMUSG00000046836,Brox,70521
ENSMUSG00000046841,Ckap4,3174
ENSMUSG00000046844,Vat1l,15187
ENSMUSG00000046845,Il1f10,538
ENSMUSG00000046846,Spesp1,4525
ENSMUSG00000046854,Pip5kl1,19870
ENSMUSG00000046856,Cmklr2,2044
ENSMUSG00000046861,Hectd3,59527
ENSMUSG00000046862,Pramel12,57035
ENSMUSG00000046865,Fbl,8124
ENSMUSG00000046873,Mbtps2,48664
ENSMUSG00000046876,Atxn1,53584
ENSMUSG00000046879,Irgm1,22050
ENSMUSG00000046881,Or1ab2,9771
ENSMUSG00000046886,Zfp474,25208
ENSMUSG00000046897,Zfp740,65631
ENSMUSG00000046899,Prl7a2,1277
ENSMUSG00000046908,Ltb4r1,1521
ENSMUSG00000046909,Tefm,24265
ENSMUSG00000046913,Or5b99,2631
ENSMUSG00000046916,Myct1,4967
ENSMUSG00000046922,Gpr6,1809
ENSMUSG00000046924,Vmn1r179,972
ENSMUSG00000046932,Vmn1r193,20882
ENSMUSG00000046934,Csl,1953
ENSMUSG00000046942,Mageb16,24996
ENSMUSG00000046947,Adck2,49415
ENSMUSG00000046949,Nqo2,84345
ENSMUSG00000046957,Spz1,1537
ENSMUSG00000046959,Slc26a1,34172
ENSMUSG00000046961,Gpr156,9224
ENSMUSG00000046962,Zbtb21,27582
ENSMUSG00000046971,Pla2g4f,6243
ENSMUSG00000046974,Timd6,2020
ENSMUSG00000046975,Or5ap2,3719
ENSMUSG00000046982,Tshz1,27713
ENSMUSG00000046985,Tapt1,14660
ENSMUSG00000046991,Wdr27,11034
ENSMUSG00000046994,Mars2,11294
ENSMUSG00000046997,Spsb4,21979
ENSMUSG00000046999,1110032F04Rik,2578
ENSMUSG00000047002,Msgn1,613
ENSMUSG00000047003,Zfp41,26191
ENSMUSG00000047013,Fbxo41,45507
ENSMUSG00000047014,Catsperb,5268
ENSMUSG00000047021,Cfap65,5727
ENSMUSG00000047022,Mipol1,60087
ENSMUSG00000047025,Ccer1,1865
ENSMUSG00000047026,Acsm4,2154
ENSMUSG00000047030,Spata2,5593
ENSMUSG00000047031,Vmn1r68,7984
ENSMUSG00000047033,Pcdhb15,2801
ENSMUSG00000047034,Ankrd33,3081
ENSMUSG00000047036,Zfp445,41550
ENSMUSG00000047037,Nipa1,6564
ENSMUSG00000047039,Or5w8,3793
ENSMUSG00000047040,Prr15l,14815
ENSMUSG00000047044,D030056L22Rik,5058
ENSMUSG00000047045,Tmem164,75643
ENSMUSG00000047048,Or10aa3,9907
ENSMUSG00000047050,Or8b50,5899
ENSMUSG00000047053,Teddm1a,1317
ENSMUSG00000047067,Dusp28,3374
ENSMUSG00000047079,Ube2dnl2,744
ENSMUSG00000047084,Ngrn,3877
ENSMUSG00000047085,Lrrc4b,15176
ENSMUSG00000047090,Tmem198b,73822
ENSMUSG00000047094,Ofcc1,3859
ENSMUSG00000047098,Rnf31,29626
ENSMUSG00000047102,Tas2r139,960
ENSMUSG00000047104,Pbp2,1279
ENSMUSG00000047108,Dnajb7,1921
ENSMUSG00000047109,Cldn14,9826
ENSMUSG00000047115,Fam221a,8134
ENSMUSG00000047117,Ankdd1b,4780
ENSMUSG00000047123,Ticam1,2992
ENSMUSG00000047126,Cltc,120653
ENSMUSG00000047129,1700113H08Rik,7621
ENSMUSG00000047139,Cd24a,6185
ENSMUSG00000047141,Zfp654,29482
ENSMUSG00000047143,Dmrta2,5936
ENSMUSG00000047146,Tet1,28361
ENSMUSG00000047149,Or5j3,4160
ENSMUSG00000047150,Cimip3,2877
ENSMUSG00000047153,Khnyn,30158
ENSMUSG00000047155,Cyp4x1,7169
ENSMUSG00000047161,Chst9,1620
ENSMUSG00000047171,Helt,2834
ENSMUSG00000047180,Neurl3,3804
ENSMUSG00000047181,Samd14,26317
ENSMUSG00000047182,Irs3,16613
ENSMUSG00000047187,Rab2a,40653
ENSMUSG00000047193,Dync2h1,47483
ENSMUSG00000047197,Gjd3,837
ENSMUSG00000047203,Vmn1r54,4182
ENSMUSG00000047205,Dusp18,12296
ENSMUSG00000047207,Or10q12,5177
ENSMUSG00000047213,Ythdf3,71833
ENSMUSG00000047215,Rpl9,23270
ENSMUSG00000047216,Cdh19,15610
ENSMUSG00000047220,Iho1,17409
ENSMUSG00000047221,Fam185a,38249
ENSMUSG00000047222,Rnase2a,716
ENSMUSG00000047225,Or56a4,10379
ENSMUSG00000047227,Gm527,8979
ENSMUSG00000047228,A2ml1,4699
ENSMUSG00000047230,Cldn2,6294
ENSMUSG00000047237,Fbxw21,3774
ENSMUSG00000047238,Mageh1,3311
ENSMUSG00000047242,Taf9b,5156
ENSMUSG00000047246,H2bc6,17825
ENSMUSG00000047248,C2cd3,22205
ENSMUSG00000047250,Ptgs1,19751
ENSMUSG00000047253,Krtap1-5,1041
ENSMUSG00000047257,Prss45,2443
ENSMUSG00000047259,Mc4r,2803
ENSMUSG00000047260,Emc6,14645
ENSMUSG00000047261,Gap43,7010
ENSMUSG00000047264,Zfp358,10698
ENSMUSG00000047281,Sfn,1613
ENSMUSG00000047284,Neurl4,42779
ENSMUSG00000047286,Or10k2,8171
ENSMUSG00000047293,Gpr15,1638
ENSMUSG00000047295,Smgc,8518
ENSMUSG00000047298,Kcnv2,5108
ENSMUSG00000047307,Pcdhb13,3710
ENSMUSG00000047330,Kcne4,4639
ENSMUSG00000047342,Zfp286,62373
ENSMUSG00000047343,Mettl21c,24376
ENSMUSG00000047344,Lancl3,9177
ENSMUSG00000047352,Or10d5j,10045
ENSMUSG00000047356,Lcn10,1106
ENSMUSG00000047361,Gm973,5500
ENSMUSG00000047363,Cstad,3853
ENSMUSG00000047368,Abhd17b,38553
ENSMUSG00000047369,Dnah14,27487
ENSMUSG00000047371,Zfp768,5075
ENSMUSG00000047379,B4gat1,10064
ENSMUSG00000047388,Atmin,31613
ENSMUSG00000047390,Defb9,310
ENSMUSG00000047394,Cimap1b,5654
ENSMUSG00000047407,Tgif1,13380
ENSMUSG00000047409,Ctdspl,17050
ENSMUSG00000047412,Zbtb44,56097
ENSMUSG00000047414,Flrt2,61879
ENSMUSG00000047415,Gpr68,28615
ENSMUSG00000047417,Rexo1,38267
ENSMUSG00000047419,Cmya5,15534
ENSMUSG00000047420,Fam180a,1620
ENSMUSG00000047423,AI837181,3310
ENSMUSG00000047428,Dlk2,24354
ENSMUSG00000047434,Xxylt1,6811
ENSMUSG00000047441,Antxrl,2532
ENSMUSG00000047443,Erfe,3336
ENSMUSG00000047444,Or3a10,3318
ENSMUSG00000047446,Arl4a,36010
ENSMUSG00000047454,Gphn,287109
ENSMUSG00000047459,Dynlrb1,7076
ENSMUSG00000047462,Gpr141b,2764
ENSMUSG00000047466,Ark2n,66157
ENSMUSG00000047473,Zfp30,50794
ENSMUSG00000047485,Klhl34,1935
ENSMUSG00000047492,Inhbe,5319
ENSMUSG00000047495,Dlgap2,27126
ENSMUSG00000047496,Rnf152,25688
ENSMUSG00000047497,Adamts12,8580
ENSMUSG00000047501,Cldn4,1816
ENSMUSG00000047502,Mroh7,4346
ENSMUSG00000047507,Baiap3,52186
ENSMUSG00000047508,Mbd3l2,4195
ENSMUSG00000047511,Or2v2,14383
ENSMUSG00000047514,Tspyl1,3086
ENSMUSG00000047515,BC049715,4047
ENSMUSG00000047517,Dmbt1,18363
ENSMUSG00000047518,Slfnl1,4921
ENSMUSG00000047528,Flacc1,7669
ENSMUSG00000047531,Rtp2,10110
ENSMUSG00000047534,Mis18bp1,16424
ENSMUSG00000047535,Or52z1,3851
ENSMUSG00000047539,Fbxo28,10051
ENSMUSG00000047544,Or51ac3,4222
ENSMUSG00000047545,Or52ae9,5947
ENSMUSG00000047547,Cltb,50254
ENSMUSG00000047554,Tmem41b,45014
ENSMUSG00000047557,Lxn,6604
ENSMUSG00000047562,Mmp10,1722
ENSMUSG00000047564,Krtap3-1,604
ENSMUSG00000047565,Acot10,1537
ENSMUSG00000047583,Tyw3,21428
ENSMUSG00000047586,Nccrp1,3084
ENSMUSG00000047591,Mafa,2739
ENSMUSG00000047592,Nxpe5,21947
ENSMUSG00000047594,Or10ag57,6116
ENSMUSG00000047603,Zfp235,47023
ENSMUSG00000047604,Frat2,2161
ENSMUSG00000047606,Ankrd34c,16391
ENSMUSG00000047613,A430005L14Rik,13951
ENSMUSG00000047617,Paxx,16907
ENSMUSG00000047619,Ddi1,7114
ENSMUSG00000047626,Or6c2,3441
ENSMUSG00000047631,Apof,6247
ENSMUSG00000047632,Fgfbp3,5545
ENSMUSG00000047635,Mtrfr,10985
ENSMUSG00000047636,Cdcp2,4234
ENSMUSG00000047638,Nr1h4,11579
ENSMUSG00000047641,Krt87,4803
ENSMUSG00000047642,D930020B18Rik,6974
ENSMUSG00000047648,Fbxo30,50311
ENSMUSG00000047649,Polr1g,12493
ENSMUSG00000047654,Tssk6,1335
ENSMUSG00000047655,Vmn1r74,7523
ENSMUSG00000047656,Trpt1,5590
ENSMUSG00000047658,Gal3st3,6027
ENSMUSG00000047667,Or8d1,931
ENSMUSG00000047669,Msl3l2,2182
ENSMUSG00000047671,Dynlt4,4447
ENSMUSG00000047674,Pdha2,2893
ENSMUSG00000047675,Rps8,10151
ENSMUSG00000047678,Gpr82,2528
ENSMUSG00000047686,Rtl3,2948
ENSMUSG00000047694,Yipf6,40830
ENSMUSG00000047696,Gm57858,5082
ENSMUSG00000047702,Or2y16,3970
ENSMUSG00000047710,Champ1,21145
ENSMUSG00000047712,Ust,34875
ENSMUSG00000047714,Ppp1r2,95245
ENSMUSG00000047716,Or11j4,10419
ENSMUSG00000047719,Ubiad1,10486
ENSMUSG00000047720,Clec2m,24218
ENSMUSG00000047721,Bola2,21800
ENSMUSG00000047728,Ly6g2,23604
ENSMUSG00000047730,Fcgbp,15856
ENSMUSG00000047731,Wbp1l,23473
ENSMUSG00000047733,Tmem262,1647
ENSMUSG00000047735,Samd9l,16151
ENSMUSG00000047746,Fbxo40,34539
ENSMUSG00000047747,Rnf150,38349
ENSMUSG00000047749,Zc3hav1l,6536
ENSMUSG00000047751,Utf1,2558
ENSMUSG00000047757,Fancb,15376
ENSMUSG00000047759,Hs3st3a1,3955
ENSMUSG00000047766,Lrrc49,63172
ENSMUSG00000047767,Atg16l2,32666
ENSMUSG00000047773,Ankfn1,12592
ENSMUSG00000047777,Phf13,6415
ENSMUSG00000047786,Lix1,15023
ENSMUSG00000047787,Flrt1,11509
ENSMUSG00000047789,Slc38a9,37606
ENSMUSG00000047793,Sned1,41882
ENSMUSG00000047794,Or52l1,10839
ENSMUSG00000047797,Gjb1,28737
ENSMUSG00000047798,Cd300lf,7330
ENSMUSG00000047799,Oog4,3819
ENSMUSG00000047804,Akap10,26813
ENSMUSG00000047810,Ccdc88b,9929
ENSMUSG00000047819,Tigd4,3459
ENSMUSG00000047821,Trim16,13327
ENSMUSG00000047822,Angptl8,4429
ENSMUSG00000047824,Pygo2,9125
ENSMUSG00000047832,Cdca4,12128
ENSMUSG00000047841,Fndc11,7458
ENSMUSG00000047842,Diras2,17137
ENSMUSG00000047843,Bri3,6291
ENSMUSG00000047844,Bex4,12042
ENSMUSG00000047854,Stx19,2812
ENSMUSG00000047861,Foxi1,2357
ENSMUSG00000047866,Lonp2,72524
ENSMUSG00000047867,Gimap6,13123
ENSMUSG00000047868,Or6c201,5928
ENSMUSG00000047875,Gpr157,9934
ENSMUSG00000047878,A4galt,26627
ENSMUSG00000047879,Usp14,51630
ENSMUSG00000047880,Cxcr5,8308
ENSMUSG00000047881,Rell1,28465
ENSMUSG00000047884,Klk9,1476
ENSMUSG00000047888,Tnrc6b,39653
ENSMUSG00000047889,Serpinb6d,2771
ENSMUSG00000047894,Ang2,1334
ENSMUSG00000047897,Ripply2,1025
ENSMUSG00000047898,Ccr4,5650
ENSMUSG00000047904,Sstr2,5042
ENSMUSG00000047907,Tshz2,10700
ENSMUSG00000047909,Ankrd16,11583
ENSMUSG00000047910,Pcdhb16,5225
ENSMUSG00000047911,Npm2,1005
ENSMUSG00000047921,Trappc9,149928
ENSMUSG00000047940,Stpg2,5072
ENSMUSG00000047945,Marcksl1,9083
ENSMUSG00000047953,Gp5,2232
ENSMUSG00000047959,Kcna3,1902
ENSMUSG00000047960,Or5h18,5536
ENSMUSG00000047963,Stbd1,4538
ENSMUSG00000047969,Or5t5,5333
ENSMUSG00000047976,Kcna1,7181
ENSMUSG00000047977,Synb,4055
ENSMUSG00000047980,Pate5,1135
ENSMUSG00000047986,Palm3,2477
ENSMUSG00000047989,Ino80c,20632
ENSMUSG00000047990,C2cd4a,4403
ENSMUSG00000047992,Dipk1c,16381
ENSMUSG00000047995,Cypt4,629
ENSMUSG00000047996,Prrg1,59043
ENSMUSG00000048000,Gigyf2,67081
ENSMUSG00000048001,Hes5,1280
ENSMUSG00000048003,Catsper4,6088
ENSMUSG00000048004,Tmem196,14193
ENSMUSG00000048007,Timm8a1,20953
ENSMUSG00000048012,Zfp473,78145
ENSMUSG00000048013,Krt35,1722
ENSMUSG00000048015,Neurod4,3368
ENSMUSG00000048022,Tmem229a,5157
ENSMUSG00000048027,Rgmb,50937
ENSMUSG00000048029,Eno4,14437
ENSMUSG00000048031,Fcrl5,10224
ENSMUSG00000048038,Ccdc187,22325
ENSMUSG00000048039,Isg20l2,36618
ENSMUSG00000048040,Arxes2,1532
ENSMUSG00000048047,Zbtb33,10190
ENSMUSG00000048058,Ldlrad3,30619
ENSMUSG00000048062,Fpr-rs4,972
ENSMUSG00000048065,Cyb5r2,16997
ENSMUSG00000048067,Or10am5,15559
ENSMUSG00000048070,Pirt,12680
ENSMUSG00000048076,Arf1,56997
ENSMUSG00000048077,H1f7,1308
ENSMUSG00000048078,Tenm4,49510
ENSMUSG00000048080,Or4k6,12153
ENSMUSG00000048087,Ahcyl,2093
ENSMUSG00000048096,Lmod1,4088
ENSMUSG00000048100,Taf13,7556
ENSMUSG00000048101,Or7a40,3109
ENSMUSG00000048108,Tmem72,18794
ENSMUSG00000048109,Rbm15,21274
ENSMUSG00000048118,Arid4a,11548
ENSMUSG00000048120,Entpd1,27959
ENSMUSG00000048126,Col6a3,73663
ENSMUSG00000048138,Dmrt2,23748
ENSMUSG00000048142,Nat8l,6529
ENSMUSG00000048148,Nwd1,90173
ENSMUSG00000048153,Or6e1,6747
ENSMUSG00000048154,Kmt2d,39652
ENSMUSG00000048155,H2bw2,1052
ENSMUSG00000048163,Selplg,1871
ENSMUSG00000048170,Mcmbp,16095
ENSMUSG00000048173,Or1aa2,7983
ENSMUSG00000048174,Tmem81,7465
ENSMUSG00000048175,Asb8,58008
ENSMUSG00000048185,Rnf7l,425
ENSMUSG00000048186,Bend7,19888
ENSMUSG00000048197,Or5w20,3101
ENSMUSG00000048200,Cracr2b,8220
ENSMUSG00000048206,Dnajb8,990
ENSMUSG00000048216,Gpr85,107586
ENSMUSG00000048217,Nags,2028
ENSMUSG00000048218,Amigo2,5845
ENSMUSG00000048222,Mfap1b,9810
ENSMUSG00000048226,Or4c107,4572
ENSMUSG00000048230,Fbxo43,9469
ENSMUSG00000048231,H2-M10.4,2406
ENSMUSG00000048232,Fbxo10,41252
ENSMUSG00000048234,Rnf149,23521
ENSMUSG00000048236,Ovch2,1953
ENSMUSG00000048240,Gng7,76438
ENSMUSG00000048249,Crebrf,64591
ENSMUSG00000048251,Bcl11b,76911
ENSMUSG00000048264,Dip2c,20781
ENSMUSG00000048271,Rbm33,41654
ENSMUSG00000048277,Syngr2,8488
ENSMUSG00000048279,Sacs,26385
ENSMUSG00000048280,Zfp738,45556
ENSMUSG00000048281,Dleu7,1314
ENSMUSG00000048284,Tas2r126,930
ENSMUSG00000048285,Frmd6,71824
ENSMUSG00000048292,Or10v5,4530
ENSMUSG00000048294,Krtap4-13,815
ENSMUSG00000048299,Or10n1,3792
ENSMUSG00000048304,Slitrk3,31774
ENSMUSG00000048307,Ankrd46,69561
ENSMUSG00000048310,Pskh1,20381
ENSMUSG00000048312,Gm4884,2852
ENSMUSG00000048327,Ckap2l,16370
ENSMUSG00000048329,Mfsd6l,2060
ENSMUSG00000048330,Ric3,19166
ENSMUSG00000048332,Lhfpl6,16294
ENSMUSG00000048337,Npy4r,3627
ENSMUSG00000048347,Pcdhb18,5041
ENSMUSG00000048349,Pou4f1,13125
ENSMUSG00000048351,Coa7,8985
ENSMUSG00000048355,Arxes1,1580
ENSMUSG00000048356,Or1s2,4528
ENSMUSG00000048368,Omd,6500
ENSMUSG00000048371,Pdp2,17043
ENSMUSG00000048373,Fgfbp1,4657
ENSMUSG00000048376,F2r,8887
ENSMUSG00000048377,Foxi2,5314
ENSMUSG00000048378,Or2o1,3963
ENSMUSG00000048379,Socs4,6897
ENSMUSG00000048385,Scrt1,4489
ENSMUSG00000048387,Osr1,17836
ENSMUSG00000048388,Fam171b,54877
ENSMUSG00000048391,Or7g25,15677
ENSMUSG00000048398,Lgalsl2,2965
ENSMUSG00000048399,Tprg1,2552
ENSMUSG00000048400,Prss54,4154
ENSMUSG00000048402,Gli2,20559
ENSMUSG00000048410,Zfp407,20027
ENSMUSG00000048411,Spata31e5,2912
ENSMUSG00000048416,Mlf1,77059
ENSMUSG00000048424,Ranbp3l,5612
ENSMUSG00000048425,Or52x1,8889
ENSMUSG00000048429,Timm29,9305
ENSMUSG00000048439,Nup42,17798
ENSMUSG00000048440,Cyp4f16,6666
ENSMUSG00000048442,Smim5,14775
ENSMUSG00000048445,Ccdc57,39213
ENSMUSG00000048450,Msx1,3953
ENSMUSG00000048455,Sprr1b,830
ENSMUSG00000048456,Or5b12,13598
ENSMUSG00000048458,Inka2,17570
ENSMUSG00000048469,Or51f23,951
ENSMUSG00000048473,Sult6b2,1475
ENSMUSG00000048478,Spata33,26395
ENSMUSG00000048480,Cxcr1,3709
ENSMUSG00000048481,Mypop,13697
ENSMUSG00000048482,Bdnf,73258
ENSMUSG00000048483,Zdhhc22,15772
ENSMUSG00000048485,Zbtb8b,12564
ENSMUSG00000048486,Fitm2,7955
ENSMUSG00000048489,Depp1,2675
ENSMUSG00000048490,Nrip1,103157
ENSMUSG00000048495,Tyw5,10444
ENSMUSG00000048497,Mmgt2,16724
ENSMUSG00000048498,Cd300e,8803
ENSMUSG00000048500,Defb15,345
ENSMUSG00000048501,Or8g24,1190
ENSMUSG00000048502,Duxbl1,34717
ENSMUSG00000048503,Tlcd5,20410
ENSMUSG00000048516,Adam26a,2489
ENSMUSG00000048520,Fbxl13,10372
ENSMUSG00000048521,Cxcr6,3840
ENSMUSG00000048528,Nkx1-2,6510
ENSMUSG00000048534,Jaml,4821
ENSMUSG00000048537,Phldb1,132256
ENSMUSG00000048540,Nhlh2,11205
ENSMUSG00000048546,Tob2,39924
ENSMUSG00000048550,Thnsl1,21518
ENSMUSG00000048562,Sp8,13504
ENSMUSG00000048572,Tmem252,10479
ENSMUSG00000048573,Cypt3,2542
ENSMUSG00000048578,Mlec,11887
ENSMUSG00000048581,E130311K13Rik,9208
ENSMUSG00000048582,Gja3,20815
ENSMUSG00000048583,Igf2,19980
ENSMUSG00000048602,Morc2b,7569
ENSMUSG00000048612,Myof,56942
ENSMUSG00000048616,Nog,1695
ENSMUSG00000048617,Rtbdn,11075
ENSMUSG00000048620,Or6z3,7827
ENSMUSG00000048621,Gm6377,2810
ENSMUSG00000048626,Klf17,5885
ENSMUSG00000048644,Ctxn1,1221
ENSMUSG00000048647,Exd1,11338
ENSMUSG00000048652,Samd13,15249
ENSMUSG00000048655,Ccdc169,12428
ENSMUSG00000048661,Lemd3,36257
ENSMUSG00000048668,Rhno1,41472
ENSMUSG00000048677,Tpcn2,25619
ENSMUSG00000048686,Hmgb4,746
ENSMUSG00000048693,Or2a51,3433
ENSMUSG00000048696,Mex3d,3273
ENSMUSG00000048697,Vmn1r26,14576
ENSMUSG00000048699,Krt90,2534
ENSMUSG00000048701,Ccdc6,7798
ENSMUSG00000048703,Speer4b,2193
ENSMUSG00000048706,Lurap1l,6261
ENSMUSG00000048707,Tprn,14567
ENSMUSG00000048720,Tbc1d12,15936
ENSMUSG00000048721,Fndc9,4831
ENSMUSG00000048728,Zfp454,33145
ENSMUSG00000048731,Ggnbp1,12648
ENSMUSG00000048732,Klhl11,6553
ENSMUSG00000048745,Or6c33,9765
ENSMUSG00000048747,E130114P18Rik,2552
ENSMUSG00000048752,Prss50,2617
ENSMUSG00000048755,Mcat,5459
ENSMUSG00000048756,Foxo3,53824
ENSMUSG00000048758,Rpl29,40126
ENSMUSG00000048763,Hoxb3,9394
ENSMUSG00000048764,Tmprss11f,3605
ENSMUSG00000048766,Skint10,1914
ENSMUSG00000048772,Tmem53,25415
ENSMUSG00000048775,Serpinb13,1607
ENSMUSG00000048776,Pthlh,4647
ENSMUSG00000048779,P2ry6,21156
ENSMUSG00000048782,Insc,20839
ENSMUSG00000048787,Dcun1d3,70609
ENSMUSG00000048794,Cfap100,27361
ENSMUSG00000048796,Cyb561d1,25632
ENSMUSG00000048799,Cep120,67816
ENSMUSG00000048806,Ifnb1,750
ENSMUSG00000048807,Slc35e4,12523
ENSMUSG00000048810,Or5ac20,3562
ENSMUSG00000048814,Lonrf2,33467
ENSMUSG00000048826,Dact2,3250
ENSMUSG00000048827,Pkd1l3,19638
ENSMUSG00000048830,Krtap13-21,1028
ENSMUSG00000048832,Vps37c,67958
ENSMUSG00000048833,Slc39a9,40774
ENSMUSG00000048834,Vstm2a,27931
ENSMUSG00000048852,Gm12185,10612
ENSMUSG00000048856,Slc25a47,6590
ENSMUSG00000048865,Arhgap30,8985
ENSMUSG00000048874,Phf3,22795
ENSMUSG00000048875,Pudp,1069
ENSMUSG00000048878,Hexim1,3495
ENSMUSG00000048895,Cdk5r1,4162
ENSMUSG00000048897,Zfp710,81769
ENSMUSG00000048899,Rimkla,12719
ENSMUSG00000048904,Neurog1,1686
ENSMUSG00000048905,Bnip5,4603
ENSMUSG00000048911,Rnf24,35621
ENSMUSG00000048915,Efna5,10429
ENSMUSG00000048919,Or2aa1,2806
ENSMUSG00000048920,Fkrp,56594
ENSMUSG00000048921,Zfp689,6745
ENSMUSG00000048922,Cdca2,33105
ENSMUSG00000048924,Ccdc125,23109
ENSMUSG00000048930,Tada3,55932
ENSMUSG00000048933,Or4n5,1582
ENSMUSG00000048938,Nr1h5,5817
ENSMUSG00000048939,Atp13a5,34246
ENSMUSG00000048960,Prex2,22507
ENSMUSG00000048965,Mrgpre,11028
ENSMUSG00000048967,Yjefn3,2942
ENSMUSG00000048970,C1galt1c1,4505
ENSMUSG00000048978,Nrsn1,67660
ENSMUSG00000048981,Krt31,1581
ENSMUSG00000048982,Gphb5,1612
ENSMUSG00000048988,Elfn1,32103
ENSMUSG00000048992,Prss32,1712
ENSMUSG00000048994,H2al3,553
ENSMUSG00000048996,Or1f12,8265
ENSMUSG00000048997,Atxn7l2,24427
ENSMUSG00000049001,Ndnf,20451
ENSMUSG00000049008,BB014433,3296
ENSMUSG00000049010,Or10s1,5576
ENSMUSG00000049011,Or4k5,13724
ENSMUSG00000049013,Prss48,1776
ENSMUSG00000049015,Or5b113,4598
ENSMUSG00000049018,Or5c1,2185
ENSMUSG00000049028,Or7e177,5837
ENSMUSG00000049036,Tmem121,27028
ENSMUSG00000049037,Clec4a1,8487
ENSMUSG00000049038,Mterf2,35361
ENSMUSG00000049041,Or1r1,11428
ENSMUSG00000049044,Rapgef4,137977
ENSMUSG00000049047,Armcx3,80716
ENSMUSG00000049052,Or6c216,4595
ENSMUSG00000049057,Or4c10b,3772
ENSMUSG00000049073,Or8d4,2995
ENSMUSG00000049076,Acap2,83144
ENSMUSG00000049086,Bmyc,983
ENSMUSG00000049090,Ptgr3,8969
ENSMUSG00000049091,Sephs2,2177
ENSMUSG00000049092,Gpr137c,15254
ENSMUSG00000049093,Il23r,4658
ENSMUSG00000049097,Ankrd34a,55056
ENSMUSG00000049098,Or8b3,6522
ENSMUSG00000049100,Pcdh10,42004
ENSMUSG00000049103,Ccr2,15707
ENSMUSG00000049106,Dcaf5,37591
ENSMUSG00000049107,Ntf3,4443
ENSMUSG00000049109,Themis,9758
ENSMUSG00000049112,Oxtr,43791
ENSMUSG00000049115,Agtr1a,38004
ENSMUSG00000049119,Fam110b,138270
ENSMUSG00000049122,Frmd3,15884
ENSMUSG00000049123,Catsperg2,7395
ENSMUSG00000049128,Ivl,1922
ENSMUSG00000049130,C5ar1,5023
ENSMUSG00000049133,Flg2,20803
ENSMUSG00000049134,Nrap,137732
ENSMUSG00000049148,Plcxd3,1851
ENSMUSG00000049149,Or4c10,15051
ENSMUSG00000049152,Ugt3a1,8245
ENSMUSG00000049154,Cfap144,6784
ENSMUSG00000049160,Tex50,2873
ENSMUSG00000049164,Zfp518a,40858
ENSMUSG00000049168,Or6b1,4932
ENSMUSG00000049173,Myoz3,4285
ENSMUSG00000049176,Frmpd4,39458
ENSMUSG00000049184,Purg,40461
ENSMUSG00000049191,Rtl5,8978
ENSMUSG00000049214,Skint7,4910
ENSMUSG00000049217,Or6c3,5683
ENSMUSG00000049225,Pdp1,47945
ENSMUSG00000049229,Or7g26,2616
ENSMUSG00000049230,Myef2l,1830
ENSMUSG00000049232,Tigd2,6161
ENSMUSG00000049235,Gm7324,1647
ENSMUSG00000049241,Hcar1,3285
ENSMUSG00000049252,Lrp1b,31948
ENSMUSG00000049265,Kcnk3,18460
ENSMUSG00000049280,Or10ab5,11575
ENSMUSG00000049281,Scn3b,83439
ENSMUSG00000049285,Mblac1,1308
ENSMUSG00000049287,Iba57,4885
ENSMUSG00000049288,Lix1l,6611
ENSMUSG00000049291,Prss38,1243
ENSMUSG00000049295,Zfp219,128267
ENSMUSG00000049299,Trappc1,9949
ENSMUSG00000049300,Prmt6,8433
ENSMUSG00000049303,Syt12,49462
ENSMUSG00000049305,Ccdc71,19272
ENSMUSG00000049307,Fut4,4074
ENSMUSG00000049313,Sorl1,63647
ENSMUSG00000049314,Fbxw13,1485
ENSMUSG00000049315,Or1j19,11673
ENSMUSG00000049321,Zfp2,311665
ENSMUSG00000049323,Smcr8,23657
ENSMUSG00000049327,Kmt5a,13568
ENSMUSG00000049334,Or8b43,3169
ENSMUSG00000049336,Tenm2,26874
ENSMUSG00000049339,Retreg2,7721
ENSMUSG00000049350,Zg16,2072
ENSMUSG00000049353,Rd3,18897
ENSMUSG00000049354,Dcaf7,11522
ENSMUSG00000049357,Brd8dc,2362
ENSMUSG00000049362,Or5k1,3942
ENSMUSG00000049372,Or4c31,17523
ENSMUSG00000049382,Krt8,5860
ENSMUSG00000049387,Cox7b2,21995
ENSMUSG00000049396,Gemin4,4724
ENSMUSG00000049401,Ogfr,7269
ENSMUSG00000049404,Rarres1,1325
ENSMUSG00000049409,Prokr1,12517
ENSMUSG00000049410,Zfp683,1491
ENSMUSG00000049411,Tmem241,76055
ENSMUSG00000049420,Tmem200a,23935
ENSMUSG00000049421,Zfp260,38624
ENSMUSG00000049422,Chchd10,17420
ENSMUSG00000049436,Upk1b,14126
ENSMUSG00000049439,Cyp20a1,10453
ENSMUSG00000049456,Or10j3b,8025
ENSMUSG00000049470,Aff4,64193
ENSMUSG00000049482,Ctu2,7718
ENSMUSG00000049488,Tmem67,17679
ENSMUSG00000049489,Ccnq,1224
ENSMUSG00000049491,Slc36a3,5666
ENSMUSG00000049493,Pls1,24790
ENSMUSG00000049498,Or5b24,4702
ENSMUSG00000049502,Dtx3l,11743
ENSMUSG00000049504,Proser1,5744
ENSMUSG00000049506,Sppl2c,4442
ENSMUSG00000049511,Htr1b,6018
ENSMUSG00000049515,Espnl,8331
ENSMUSG00000049516,Spty2d1,5233
ENSMUSG00000049517,Rps23,8109
ENSMUSG00000049521,Cdc42ep1,20163
ENSMUSG00000049526,Tmem202,1256
ENSMUSG00000049528,Or6n1,3453
ENSMUSG00000049530,Clrn2,944
ENSMUSG00000049532,Sall2,14586
ENSMUSG00000049536,Tceal1,25430
ENSMUSG00000049537,Tecrl,19718
ENSMUSG00000049538,Adamts16,13364
ENSMUSG00000049539,H1f1,741
ENSMUSG00000049548,Krt82,2110
ENSMUSG00000049550,Clip1,507909
ENSMUSG00000049551,Fzd9,2293
ENSMUSG00000049553,Polr1a,12605
ENSMUSG00000049555,Tmie,49798
ENSMUSG00000049556,Lingo1,24759
ENSMUSG00000049560,Defb20,690
ENSMUSG00000049561,Or10c1,10046
ENSMUSG00000049562,Ap5b1,5899
ENSMUSG00000049565,Aknad1,2603
ENSMUSG00000049571,Cfap46,8180
ENSMUSG00000049573,Or6c68,3935
ENSMUSG00000049577,Zfpm1,32038
ENSMUSG00000049580,Tsku,47190
ENSMUSG00000049583,Grm5,20274
ENSMUSG00000049588,Ccdc69,6627
ENSMUSG00000049593,Lce1h,706
ENSMUSG00000049598,Vsig8,3326
ENSMUSG00000049600,Zbtb45,48906
ENSMUSG00000049604,Hoxb13,2242
ENSMUSG00000049605,Or10j2,5379
ENSMUSG00000049606,Zfp644,149117
ENSMUSG00000049608,Gpr55,11046
ENSMUSG00000049612,Omg,3449
ENSMUSG00000049618,Or12d13,4021
ENSMUSG00000049620,Prss33,1379
ENSMUSG00000049624,Slc17a5,41050
ENSMUSG00000049625,Tifab,26546
ENSMUSG00000049630,C1ql3,8596
ENSMUSG00000049641,Vgll2,10718
ENSMUSG00000049643,2310022A10Rik,22879
ENSMUSG00000049648,Or13c3,5855
ENSMUSG00000049649,Gpr3,6178
ENSMUSG00000049653,Spatc1,6765
ENSMUSG00000049657,Zbtb5,14633
ENSMUSG00000049658,Bdp1,27352
ENSMUSG00000049659,Aftph,48925
ENSMUSG00000049670,Morn4,11419
ENSMUSG00000049672,Zbtb14,29044
ENSMUSG00000049674,Or10a2,5278
ENSMUSG00000049676,Catsperg1,9542
ENSMUSG00000049680,Urgcp,139245
ENSMUSG00000049685,Cyp2g1,1907
ENSMUSG00000049686,Orai1,7568
ENSMUSG00000049687,Pheta2,5779
ENSMUSG00000049690,Nckap5,50484
ENSMUSG00000049691,Nkx3-2,2884
ENSMUSG00000049692,Tmem239,3161
ENSMUSG00000049694,BC048671,6442
ENSMUSG00000049699,Ucn2,1155
ENSMUSG00000049708,Or8g19,3362
ENSMUSG00000049709,Nlrp10,18914
ENSMUSG00000049717,Lig4,10017
ENSMUSG00000049719,Prss46,1751
ENSMUSG00000049721,Gal3st1,60979
ENSMUSG00000049723,Mmp12,6244
ENSMUSG00000049728,Zfp668,196461
ENSMUSG00000049734,Trex1,2143
ENSMUSG00000049737,Or2w6,3746
ENSMUSG00000049739,Zfp646,45614
ENSMUSG00000049741,Rxfp4,1245
ENSMUSG00000049744,Arhgap15,7462
ENSMUSG00000049751,Rpl36al,5496
ENSMUSG00000049755,Zfp672,189035
ENSMUSG00000049758,Or4f62,8993
ENSMUSG00000049760,Micos13,9572
ENSMUSG00000049761,Pmis2,1552
ENSMUSG00000049764,Zfp280b,50359
ENSMUSG00000049775,Tmsb4x,9266
ENSMUSG00000049791,Fzd4,6720
ENSMUSG00000049792,Bag5,38553
ENSMUSG00000049796,Crh,2821
ENSMUSG00000049797,Or51a10,4715
ENSMUSG00000049799,Lrrc19,5628
ENSMUSG00000049800,Sertad2,44616
ENSMUSG00000049804,Armcx4,24342
ENSMUSG00000049806,Or9s18,5119
ENSMUSG00000049807,Arhgap23,30944
ENSMUSG00000049809,Krtap9-3,759
ENSMUSG00000049811,Fam161a,69366
ENSMUSG00000049823,Zbtb12,5470
ENSMUSG00000049843,Or5t17,2869
ENSMUSG00000049848,Ceacam19,3734
ENSMUSG00000049858,Suox,7975
ENSMUSG00000049864,Or8c10,4965
ENSMUSG00000049866,Arl4c,6737
ENSMUSG00000049871,Nlrc3,9935
ENSMUSG00000049872,Calhm5,12968
ENSMUSG00000049878,Rlf,40028
ENSMUSG00000049882,Vcpkmt,10530
ENSMUSG00000049892,Rasd1,4838
ENSMUSG00000049894,Or6c65,5462
ENSMUSG00000049897,Stkld1,9643
ENSMUSG00000049902,4921517D22Rik,4456
ENSMUSG00000049904,Tmem17,2992
ENSMUSG00000049907,Rasl11b,22786
ENSMUSG00000049908,Gja8,6940
ENSMUSG00000049916,2610318N02Rik,21197
ENSMUSG00000049922,Slc35c1,6540
ENSMUSG00000049926,Or8b54,9508
ENSMUSG00000049928,Glp2r,17496
ENSMUSG00000049929,Lpar4,8622
ENSMUSG00000049932,H2ax,1384
ENSMUSG00000049939,Lrrc4,15033
ENSMUSG00000049940,Pgrmc2,13104
ENSMUSG00000049946,BC030500,5393
ENSMUSG00000049950,Rpp38,41430
ENSMUSG00000049957,Ccdc137,17577
ENSMUSG00000049960,Mrps16,7470
ENSMUSG00000049969,Plekhf2,27505
ENSMUSG00000049971,Glt1d1,3413
ENSMUSG00000049972,Skint9,1372
ENSMUSG00000049985,Ankrd55,24441
ENSMUSG00000049988,Lrrc25,6323
ENSMUSG00000049999,Ppp1r3d,3267
ENSMUSG00000050002,Idnk,13999
ENSMUSG00000050010,Shisa3,3768
ENSMUSG00000050014,Apol10b,15204
ENSMUSG00000050015,Or1j4,5047
ENSMUSG00000050017,Pitpnb,11034
ENSMUSG00000050022,Amz1,38568
ENSMUSG00000050023,Or5d46,3772
ENSMUSG00000050028,Or11h6,3105
ENSMUSG00000050029,Rap2c,16276
ENSMUSG00000050030,Or4k1,8023
ENSMUSG00000050035,Fhl4,7080
ENSMUSG00000050043,Tmx2,6248
ENSMUSG00000050050,Ccdc158,18606
ENSMUSG00000050052,Tdrp,41318
ENSMUSG00000050058,Prm3,410
ENSMUSG00000050063,Klk6,5912
ENSMUSG00000050064,Zfp697,22553
ENSMUSG00000050069,Grem2,24318
ENSMUSG00000050071,Bex1,14164
ENSMUSG00000050074,Spink8,3545
ENSMUSG00000050075,Gpr171,2225
ENSMUSG00000050079,Rspry1,63262
ENSMUSG00000050085,Or52a33,5500
ENSMUSG00000050087,Cby3,2232
ENSMUSG00000050088,1600012H06Rik,10598
ENSMUSG00000050089,Akap4,15130
ENSMUSG00000050092,Sprr2b,836
ENSMUSG00000050097,Ces2b,3408
ENSMUSG00000050100,Hmx2,6075
ENSMUSG00000050102,Vmn1r235,21666
ENSMUSG00000050103,Agmo,20399
ENSMUSG00000050105,Fam110d,5865
ENSMUSG00000050106,Tmc8,32748
ENSMUSG00000050107,Haspin,2810
ENSMUSG00000050108,Bpifc,3204
ENSMUSG00000050114,Prdx6b,2885
ENSMUSG00000050121,Opalin,10337
ENSMUSG00000050122,Vwa3b,9550
ENSMUSG00000050128,Or5m10,5676
ENSMUSG00000050132,Sarm1,36152
ENSMUSG00000050134,Or6n2,8127
ENSMUSG00000050138,Kcnk12,8645
ENSMUSG00000050141,Spata31f3,3114
ENSMUSG00000050144,Slc25a44,56832
ENSMUSG00000050147,F2rl3,3212
ENSMUSG00000050148,Ubqln2,3344
ENSMUSG00000050150,Slc9b1,18934
ENSMUSG00000050157,Gm867,5416
ENSMUSG00000050158,Or2m13,3942
ENSMUSG00000050164,Mchr1,3816
ENSMUSG00000050174,Nudt6,18277
ENSMUSG00000050188,Lsm10,20150
ENSMUSG00000050190,Adam34l,2326
ENSMUSG00000050192,Eif5a2,30835
ENSMUSG00000050195,Scd4,4839
ENSMUSG00000050197,Rhox13,920
ENSMUSG00000050198,Or6c38,939
ENSMUSG00000050199,Lgr4,38476
ENSMUSG00000050201,Otop2,9276
ENSMUSG00000050211,Pla2g4e,13405
ENSMUSG00000050212,Eva1b,36167
ENSMUSG00000050213,Snip1,2345
ENSMUSG00000050215,Or13e8,2568
ENSMUSG00000050217,Lgsn,1937
ENSMUSG00000050222,Il17d,8222
ENSMUSG00000050224,Krtap13,892
ENSMUSG00000050229,Pigm,7554
ENSMUSG00000050232,Cxcr3,1731
ENSMUSG00000050234,Gja4,7195
ENSMUSG00000050239,Krtap24-1,1575
ENSMUSG00000050240,Hic2,22093
ENSMUSG00000050241,Klre1,4940
ENSMUSG00000050244,Heatr1,6781
ENSMUSG00000050248,Evc2,42931
ENSMUSG00000050251,Or6c76,2200
ENSMUSG00000050266,Or52b1,5195
ENSMUSG00000050270,Tmem220,13189
ENSMUSG00000050271,Prag1,12815
ENSMUSG00000050272,Dscam,8930
ENSMUSG00000050276,Mrgprg,1824
ENSMUSG00000050281,Or51l4,2198
ENSMUSG00000050288,Fzd2,3663
ENSMUSG00000050295,Foxc1,5844
ENSMUSG00000050296,Abca12,9137
ENSMUSG00000050304,Slc25a2,1346
ENSMUSG00000050310,Rictor,23290
ENSMUSG00000050312,Nsun3,7009
ENSMUSG00000050315,Synpo2,31375
ENSMUSG00000050321,Neto1,87221
ENSMUSG00000050323,Ndufaf6,7746
ENSMUSG00000050328,Hoxc12,3276
ENSMUSG00000050332,Amer1,8496
ENSMUSG00000050335,Lgals3,12033
ENSMUSG00000050343,Or1ad6,5272
ENSMUSG00000050345,4930486L24Rik,4310
ENSMUSG00000050350,Gpr18,1609
ENSMUSG00000050357,Carmil2,8931
ENSMUSG00000050359,Sprr1a,1647
ENSMUSG00000050366,Or6b13,6102
ENSMUSG00000050368,Hoxd10,1854
ENSMUSG00000050370,Ch25h,1387
ENSMUSG00000050373,Snx21,28190
ENSMUSG00000050377,Il31ra,7388
ENSMUSG00000050379,Septin6,49196
ENSMUSG00000050382,Kif7,48903
ENSMUSG00000050383,Svs3b,1249
ENSMUSG00000050390,Nhsl3,24021
ENSMUSG00000050394,Armcx6,41113
ENSMUSG00000050395,Tnfsf15,11748
ENSMUSG00000050397,Foxl2,3256
ENSMUSG00000050410,Tcf19,8921
ENSMUSG00000050423,Ppp1r3g,4750
ENSMUSG00000050424,Pnma5,2287
ENSMUSG00000050425,Mrgprb2,4353
ENSMUSG00000050428,Fbxo46,39463
ENSMUSG00000050435,Ube2dnl1,1578
ENSMUSG00000050439,Enthd1,10969
ENSMUSG00000050440,Hamp,4614
ENSMUSG00000050445,Cyp8b1,1950
ENSMUSG00000050447,Lypd6,36022
ENSMUSG00000050463,Krt78,3437
ENSMUSG00000050468,Astl,6867
ENSMUSG00000050471,Fam118b,72184
ENSMUSG00000050473,Slc35d3,6204
ENSMUSG00000050478,Or6c214,4651
ENSMUSG00000050493,Fam167b,1932
ENSMUSG00000050503,Fbxl22,8897
ENSMUSG00000050504,Or5bh3,11797
ENSMUSG00000050505,Pcdh20,38709
ENSMUSG00000050511,Oprd1,4066
ENSMUSG00000050520,Cldn8,2356
ENSMUSG00000050526,Mgat4f,1768
ENSMUSG00000050530,Fam171a1,71951
ENSMUSG00000050534,Htr5b,4106
ENSMUSG00000050538,B230217C12Rik,7778
ENSMUSG00000050541,Adra1b,6378
ENSMUSG00000050545,Fam228b,28932
ENSMUSG00000050549,Fam241a,4525
ENSMUSG00000050552,Lamtor4,3587
ENSMUSG00000050553,Gk2,1880
ENSMUSG00000050555,Hyls1,20508
ENSMUSG00000050556,Kcnb1,34361
ENSMUSG00000050558,Prokr2,30975
ENSMUSG00000050565,Tor1aip2,82145
ENSMUSG00000050567,Maml1,19662
ENSMUSG00000050577,Or8u3,4530
ENSMUSG00000050578,Mmp13,2673
ENSMUSG00000050587,Lrrc4c,53462
ENSMUSG00000050592,Fam78a,11766
ENSMUSG00000050600,Zfp831,9807
ENSMUSG00000050603,Or8k16,942
ENSMUSG00000050605,Zfp61,4148
ENSMUSG00000050608,Micos10,28918
ENSMUSG00000050612,Txndc2,4058
ENSMUSG00000050613,Or14j1,4953
ENSMUSG00000050619,Zscan29,28496
ENSMUSG00000050621,Rps27rt,374
ENSMUSG00000050623,Catsperz,4605
ENSMUSG00000050625,Ccdc121rt1,1819
ENSMUSG00000050627,Gpd1l,22597
ENSMUSG00000050628,Ubald2,2797
ENSMUSG00000050635,Sprr2f,609
ENSMUSG00000050640,Tmem150c,49111
ENSMUSG00000050641,BC048562,3225
ENSMUSG00000050645,Defb19,1533
ENSMUSG00000050650,Mrgpra1,1088
ENSMUSG00000050654,Or6d15,4112
ENSMUSG00000050663,Trhde,41037
ENSMUSG00000050666,Vstm4,26867
ENSMUSG00000050668,Gpatch11,28486
ENSMUSG00000050671,Ism2,31720
ENSMUSG00000050675,Gp1ba,5406
ENSMUSG00000050677,Ccdc96,3585
ENSMUSG00000050685,Ccdc54,2512
ENSMUSG00000050697,Prkaa1,16272
ENSMUSG00000050700,Emilin3,6954
ENSMUSG00000050704,Krtap13-22,794
ENSMUSG00000050705,2310061I04Rik,8881
ENSMUSG00000050708,Ftl1,5705
ENSMUSG00000050711,Scg2,4910
ENSMUSG00000050714,Zbtb26,10164
ENSMUSG00000050721,Plekho2,16198
ENSMUSG00000050730,Arhgap42,36596
ENSMUSG00000050732,Vamp8,9672
ENSMUSG00000050737,Ptges,18958
ENSMUSG00000050742,Or2m12,3887
ENSMUSG00000050747,Trim15,3730
ENSMUSG00000050751,Pgbd5,25629
ENSMUSG00000050756,Defb6,323
ENSMUSG00000050761,Gp1bb,3171
ENSMUSG00000050762,Prss27,2616
ENSMUSG00000050763,Or2t26,6821
ENSMUSG00000050766,Ear14,1416
ENSMUSG00000050772,Or10ag58,3379
ENSMUSG00000050776,Or4f47,6017
ENSMUSG00000050777,Tmem37,3079
ENSMUSG00000050783,Htr1f,5560
ENSMUSG00000050786,Ccdc126,35924
ENSMUSG00000050788,Or10z1,3773
ENSMUSG00000050796,B3galt6,3184
ENSMUSG00000050799,H2bc1,384
ENSMUSG00000050803,Or7e173,1077
ENSMUSG00000050808,Muc15,10356
ENSMUSG00000050810,Oog3,1865
ENSMUSG00000050812,Ecpas,29251
ENSMUSG00000050813,Or2av9,3426
ENSMUSG00000050815,Or5a3,5419
ENSMUSG00000050818,Or2t48,3970
ENSMUSG00000050821,Fam131a,39815
ENSMUSG00000050822,Slc29a4,53737
ENSMUSG00000050824,Sstr5,17914
ENSMUSG00000050830,Vwc2,23743
ENSMUSG00000050840,Cdh20,4031
ENSMUSG00000050844,1700020N01Rik,6725
ENSMUSG00000050846,Zfp623,60122
ENSMUSG00000050853,Or10d3,8288
ENSMUSG00000050854,Tmem125,10515
ENSMUSG00000050855,Zfp940,20234
ENSMUSG00000050856,Atp5me,2758
ENSMUSG00000050860,Phospho1,24499
ENSMUSG00000050865,Or10q1,3048
ENSMUSG00000050866,Clrn3,3305
ENSMUSG00000050870,Mrgprb8,1123
ENSMUSG00000050875,Minar2,11769
ENSMUSG00000050876,Spata31d1a,14372
ENSMUSG00000050890,Pdik1l,28276
ENSMUSG00000050891,Tatdn1,15557
ENSMUSG00000050896,Rtn4rl2,5354
ENSMUSG00000050901,Mtnr1b,1095
ENSMUSG00000050908,Tvp23a,23687
ENSMUSG00000050910,Cdr2l,14878
ENSMUSG00000050912,Tmem123,11854
ENSMUSG00000050914,Ankrd37,4341
ENSMUSG00000050917,Fgf4,21845
ENSMUSG00000050919,Zfp366,12984
ENSMUSG00000050921,P2ry10,8761
ENSMUSG00000050926,Dcaf12l2,2885
ENSMUSG00000050930,Map10,3542
ENSMUSG00000050931,Sgms2,34518
ENSMUSG00000050933,Vmn1r231,5520
ENSMUSG00000050944,Efcab5,5180
ENSMUSG00000050945,Zfp438,33183
ENSMUSG00000050947,Amigo1,11916
ENSMUSG00000050953,Gja1,62685
ENSMUSG00000050954,Zfp169,8956
ENSMUSG00000050957,Insl6,1449
ENSMUSG00000050961,AY358078,1461
ENSMUSG00000050963,Kcns2,18178
ENSMUSG00000050965,Prkca,103853
ENSMUSG00000050966,Lin28a,3526
ENSMUSG00000050967,Creg2,17989
ENSMUSG00000050973,Gdpgp1,36895
ENSMUSG00000050982,Apol10a,3033
ENSMUSG00000050989,Selenon,3790
ENSMUSG00000050994,Adgb,16756
ENSMUSG00000050996,Cetn1,3212
ENSMUSG00000051000,Fhip1a,8727
ENSMUSG00000051003,Or1f19,8075
ENSMUSG00000051007,Gatd1,9473
ENSMUSG00000051022,Hs3st1,25911
ENSMUSG00000051029,Serpinb1b,1771
ENSMUSG00000051034,Zfp11,8219
ENSMUSG00000051037,Zfp455,5277
ENSMUSG00000051038,Rhox11,811
ENSMUSG00000051041,Olfml1,9954
ENSMUSG00000051043,Gprc5c,46224
ENSMUSG00000051046,Or6d14,10282
ENSMUSG00000051048,P4ha3,8350
ENSMUSG00000051050,Spink14,1108
ENSMUSG00000051051,Or6f2,20081
ENSMUSG00000051054,Spata31d1e,4026
ENSMUSG00000051056,Gja10,3974
ENSMUSG00000051062,Fbll1,1503
ENSMUSG00000051065,Mb21d2,3055
ENSMUSG00000051067,Lingo3,36272
ENSMUSG00000051076,Vtcn1,2729
ENSMUSG00000051079,Rgs13,3074
ENSMUSG00000051081,Gm4847,5932
ENSMUSG00000051095,Or6x1,11159
ENSMUSG00000051098,Mblac2,11820
ENSMUSG00000051111,Sv2c,11298
ENSMUSG00000051113,Garin5a,5167
ENSMUSG00000051118,Or7d10,19150
ENSMUSG00000051124,Gimap9,3645
ENSMUSG00000051136,Ghsr,8531
ENSMUSG00000051146,Camk2n2,2677
ENSMUSG00000051147,Nat2,7113
ENSMUSG00000051149,Adnp,43961
ENSMUSG00000051153,Tas2r105,964
ENSMUSG00000051154,Commd3,8633
ENSMUSG00000051156,Or10q1b,9443
ENSMUSG00000051159,Cited1,5617
ENSMUSG00000051160,Or7g33,4806
ENSMUSG00000051166,Eml5,39527
ENSMUSG00000051169,Rpusd3,18949
ENSMUSG00000051172,Or52e15,2429
ENSMUSG00000051176,Zfp42,212393
ENSMUSG00000051177,Plcb1,18613
ENSMUSG00000051180,Or6ae1,4766
ENSMUSG00000051182,Or52ac1,4949
ENSMUSG00000051184,Zfp524,15651
ENSMUSG00000051185,Fam174a,9657
ENSMUSG00000051190,Or7c70,3986
ENSMUSG00000051200,Or5e1,2959
ENSMUSG00000051207,Mrgprd,3144
ENSMUSG00000051209,Gpr119,2269
ENSMUSG00000051212,Gpr183,3098
ENSMUSG00000051220,Ercc6l,10682
ENSMUSG00000051223,Bzw1,100508
ENSMUSG00000051224,Tceanc,5130
ENSMUSG00000051225,Fam83a,7307
ENSMUSG00000051228,Nyx,16075
ENSMUSG00000051232,Tmem199,6577
ENSMUSG00000051234,Rnf7,8246
ENSMUSG00000051235,Gen1,23501
ENSMUSG00000051236,Msrb3,44924
ENSMUSG00000051238,Swsap1,5580
ENSMUSG00000051242,Pcdhb9,6062
ENSMUSG00000051243,Islr2,24484
ENSMUSG00000051246,Msantd1,6114
ENSMUSG00000051251,Nhlh1,2464
ENSMUSG00000051256,Jagn1,3676
ENSMUSG00000051257,Trap1a,3509
ENSMUSG00000051258,Or2w4,3045
ENSMUSG00000051262,Nat8f3,5116
ENSMUSG00000051276,Actrt2,1435
ENSMUSG00000051278,Zgrf1,26429
ENSMUSG00000051279,Gdf6,3563
ENSMUSG00000051285,Pcmtd1,82783
ENSMUSG00000051306,Usp42,10624
ENSMUSG00000051313,Or4c127,7092
ENSMUSG00000051314,Ffar2,17975
ENSMUSG00000051316,Taf7,3617
ENSMUSG00000051319,Mtln,901
ENSMUSG00000051323,Pcdh19,58504
ENSMUSG00000051329,Nup160,56396
ENSMUSG00000051331,Cacna1c,163906
ENSMUSG00000051335,Gfod1,8405
ENSMUSG00000051339,2900026A02Rik,52540
ENSMUSG00000051340,Or51a24,3677
ENSMUSG00000051341,Zfp52,15641
ENSMUSG00000051343,Rab11fip5,23335
ENSMUSG00000051344,Plekhm3,8562
ENSMUSG00000051346,Spryd4,2346
ENSMUSG00000051351,Zfp46,28363
ENSMUSG00000051354,Samd3,11642
ENSMUSG00000051355,Commd1,16159
ENSMUSG00000051359,Ncald,634940
ENSMUSG00000051361,6030498E09Rik,1801
ENSMUSG00000051362,Or52e2,1920
ENSMUSG00000051367,Six1,6265
ENSMUSG00000051373,Plpp7,11393
ENSMUSG00000051375,Pcdh1,35292
ENSMUSG00000051378,Kif18b,20119
ENSMUSG00000051379,Flrt3,32795
ENSMUSG00000051390,Zbtb22,7784
ENSMUSG00000051391,Ywhag,27227
ENSMUSG00000051392,Or13l2,5014
ENSMUSG00000051396,Msantd7,29476
ENSMUSG00000051397,Tacstd2,1735
ENSMUSG00000051401,Kctd16,4839
ENSMUSG00000051403,Ppp1r37,26487
ENSMUSG00000051413,Plagl2,11069
ENSMUSG00000051414,Or7g17,3556
ENSMUSG00000051424,Or4p22,4100
ENSMUSG00000051427,Ccdc157,70713
ENSMUSG00000051431,Gpr87,2612
ENSMUSG00000051435,Fhad1,11058
ENSMUSG00000051437,Ubqlnl,2298
ENSMUSG00000051439,Cd14,1641
ENSMUSG00000051444,Bbs12,15550
ENSMUSG00000051451,Crebzf,5210
ENSMUSG00000051452,Gm11437,1251
ENSMUSG00000051455,Meioc,4626
ENSMUSG00000051456,Hspb3,781
ENSMUSG00000051457,Spn,3743
ENSMUSG00000051469,Zfp24,103279
ENSMUSG00000051481,Krtap31-2,935
ENSMUSG00000051483,Cbr1,15343
ENSMUSG00000051486,Pcdhb11,4419
ENSMUSG00000051490,Foxd4,1962
ENSMUSG00000051493,Or8d6,4641
ENSMUSG00000051495,Irf2bp2,9839
ENSMUSG00000051497,Kcnj16,22116
ENSMUSG00000051498,Tlr6,26161
ENSMUSG00000051499,Zfp786,6380
ENSMUSG00000051502,Ufsp1,1439
ENSMUSG00000051503,Ccdc121rt3,2233
ENSMUSG00000051504,Siglech,20869
ENSMUSG00000051506,Wdfy4,19839
ENSMUSG00000051509,Or6p1,5481
ENSMUSG00000051510,Mafg,236448
ENSMUSG00000051515,Fam181b,2002
ENSMUSG00000051517,Arhgef39,9836
ENSMUSG00000051518,Rps19bp1,4067
ENSMUSG00000051527,Usp29,16964
ENSMUSG00000051528,Or6k4,2590
ENSMUSG00000051550,Zfp579,6979
ENSMUSG00000051557,Pusl1,9787
ENSMUSG00000051579,Tceal8,26874
ENSMUSG00000051582,Otud6a,873
ENSMUSG00000051586,Mical3,137250
ENSMUSG00000051590,Map3k19,10591
ENSMUSG00000051591,Or2ag15,2237
ENSMUSG00000051592,Ccnb3,9029
ENSMUSG00000051593,Or13c25,4877
ENSMUSG00000051596,Otop1,6499
ENSMUSG00000051599,Pcdhb2,2813
ENSMUSG00000051611,Or14j9,12976
ENSMUSG00000051615,Rap2a,8709
ENSMUSG00000051617,Krt9,2580
ENSMUSG00000051618,Ubqln3,4822
ENSMUSG00000051627,H1f4,1930
ENSMUSG00000051648,Kctd19,6075
ENSMUSG00000051650,B3gnt2,47659
ENSMUSG00000051652,Lrrc3,8608
ENSMUSG00000051663,Pcdhb1,2588
ENSMUSG00000051669,AU021092,36838
ENSMUSG00000051671,Coa6,2230
ENSMUSG00000051674,Dcun1d4,51576
ENSMUSG00000051675,Trim32,149228
ENSMUSG00000051678,Pcdhb6,3729
ENSMUSG00000051680,Or2ag12,4967
ENSMUSG00000051682,Treml4,5125
ENSMUSG00000051687,Vmn1r73,7067
ENSMUSG00000051695,Pcbp1,5960
ENSMUSG00000051703,Tmem198,10268
ENSMUSG00000051705,Senp8,35202
ENSMUSG00000051706,Or13ae2,8100
ENSMUSG00000051716,Apon,3400
ENSMUSG00000051721,Wdcp,24978
ENSMUSG00000051726,Kcnf1,4789
ENSMUSG00000051727,Kctd14,10409
ENSMUSG00000051728,Fam243,2677
ENSMUSG00000051730,Mettl5,14498
ENSMUSG00000051732,Pabpc2,2586
ENSMUSG00000051735,Rinl,23194
ENSMUSG00000051736,Fam229b,21088
ENSMUSG00000051747,Ttn,307325
ENSMUSG00000051748,Wfdc21,2788
ENSMUSG00000051768,Xrcc1,36282
ENSMUSG00000051769,Wfdc15a,1524
ENSMUSG00000051777,Iqcj,1670
ENSMUSG00000051786,Tubgcp6,37092
ENSMUSG00000051790,Nlgn2,13482
ENSMUSG00000051793,Or8s5,1884
ENSMUSG00000051802,Krtap19-5,490
ENSMUSG00000051804,Adam6b,2547
ENSMUSG00000051811,Cox6b2,7204
ENSMUSG00000051817,Sox12,4453
ENSMUSG00000051827,Rhox2a,1552
ENSMUSG00000051839,Gypa,3870
ENSMUSG00000051851,Rtl8c,7426
ENSMUSG00000051853,Arf3,38064
ENSMUSG00000051855,Mest,65605
ENSMUSG00000051860,Samd7,3144
ENSMUSG00000051864,Tbc1d22a,31214
ENSMUSG00000051877,Vmn2r72,13777
ENSMUSG00000051879,Krt71,2186
ENSMUSG00000051885,Or52n1,966
ENSMUSG00000051890,Klhdc1,25208
ENSMUSG00000051896,Spmip9,3146
ENSMUSG00000051900,Abca16,5088
ENSMUSG00000051906,Cd209f,7810
ENSMUSG00000051910,Sox6,248750
ENSMUSG00000051917,Tas2r144,960
ENSMUSG00000051920,Rspo2,155565
ENSMUSG00000051934,Spats2,11471
ENSMUSG00000051936,Prss58,979
ENSMUSG00000051940,5031410I06Rik,2995
ENSMUSG00000051950,B3glct,52070
ENSMUSG00000051951,Xkr4,3944
ENSMUSG00000051952,Or7c19,2101
ENSMUSG00000051956,Rnf133,2641
ENSMUSG00000051965,Nanos2,1563
ENSMUSG00000051969,Tlr11,6200
ENSMUSG00000051977,Prdm9,13154
ENSMUSG00000051978,Erich1,7646
ENSMUSG00000051980,Casr,26424
ENSMUSG00000051984,Sec31b,58514
ENSMUSG00000051985,Igfn1,8989
ENSMUSG00000051989,Smim11,6897
ENSMUSG00000051998,Lax1,8067
ENSMUSG00000052012,Or10p1,4487
ENSMUSG00000052013,Btla,10317
ENSMUSG00000052026,Slc6a7,6650
ENSMUSG00000052031,Tagap1,8221
ENSMUSG00000052033,Pfdn4,15080
ENSMUSG00000052040,Klf13,17563
ENSMUSG00000052056,Zfp217,28640
ENSMUSG00000052058,Or8b42,6310
ENSMUSG00000052062,Pard3b,19494
ENSMUSG00000052075,1700029F12Rik,7449
ENSMUSG00000052085,Dock8,7838
ENSMUSG00000052087,Rgs14,102576
ENSMUSG00000052099,Prss51,3634
ENSMUSG00000052102,Gnpda1,25835
ENSMUSG00000052105,Mtcl1,221460
ENSMUSG00000052117,D630039A03Rik,6101
ENSMUSG00000052131,Akr1b7,22948
ENSMUSG00000052133,Sema5b,45472
ENSMUSG00000052135,Foxo6,11757
ENSMUSG00000052137,Rbm12b2,111155
ENSMUSG00000052139,Babam2,45830
ENSMUSG00000052142,Rasal3,20511
ENSMUSG00000052144,Ppp4r2,9778
ENSMUSG00000052146,Rps10,13536
ENSMUSG00000052151,Plpp2,6286
ENSMUSG00000052155,Acvr2a,20447
ENSMUSG00000052160,Pld4,13600
ENSMUSG00000052180,Serpinb6c,41727
ENSMUSG00000052182,Or7g30,7079
ENSMUSG00000052187,Hbb-y,633
ENSMUSG00000052212,Cd177,5459
ENSMUSG00000052214,Opa3,12383
ENSMUSG00000052217,Hbb-bh1,613
ENSMUSG00000052221,Ppp1r36,4457
ENSMUSG00000052229,Gpr17,5394
ENSMUSG00000052234,Epx,2689
ENSMUSG00000052253,Zfp622,17211
ENSMUSG00000052270,Fpr2,2212
ENSMUSG00000052271,Bhlha15,3512
ENSMUSG00000052273,Dnah3,24517
ENSMUSG00000052276,Ostn,9646
ENSMUSG00000052293,Taf9,4725
ENSMUSG00000052296,Ppp6r1,56137
ENSMUSG00000052298,Cdc42se2,100788
ENSMUSG00000052299,Ltn1,108321
ENSMUSG00000052301,Doc2a,36069
ENSMUSG00000052302,Tbc1d30,12168
ENSMUSG00000052303,Mrgpra6,1090
ENSMUSG00000052305,Hbb-bs,11367
ENSMUSG00000052310,Slc39a1,16386
ENSMUSG00000052316,Lrrc15,5320
ENSMUSG00000052331,Ankrd44,20396
ENSMUSG00000052334,1700024B05Rik,12283
ENSMUSG00000052336,Cx3cr1,15866
ENSMUSG00000052337,Immt,279810
ENSMUSG00000052353,Cemip,11334
ENSMUSG00000052363,Zdhhc19,4916
ENSMUSG00000052364,B630019K06Rik,2583
ENSMUSG00000052369,Tmem106c,29443
ENSMUSG00000052372,Il1rapl1,13220
ENSMUSG00000052373,Mpp3,53100
ENSMUSG00000052374,Actn2,84080
ENSMUSG00000052382,Rnase9,3747
ENSMUSG00000052384,Nrros,71357
ENSMUSG00000052387,Trpm3,133982
ENSMUSG00000052392,Acot4,17453
ENSMUSG00000052395,Rft1,22655
ENSMUSG00000052396,Mogat2,1784
ENSMUSG00000052397,Ezr,19239
ENSMUSG00000052406,Rexo4,29166
ENSMUSG00000052407,Ccdc171,28050
ENSMUSG00000052414,Gm28047,1611
ENSMUSG00000052415,Tchh,5823
ENSMUSG00000052417,Or2t6,14984
ENSMUSG00000052419,Smim30,34820
ENSMUSG00000052423,B4galt3,52614
ENSMUSG00000052428,Tmco1,9085
ENSMUSG00000052430,Bmpr1b,87066
ENSMUSG00000052435,Cebpe,1241
ENSMUSG00000052446,Zfp961,22498
ENSMUSG00000052456,Get3,9115
ENSMUSG00000052459,Atp6v1a,90690
ENSMUSG00000052468,Pmp2,5119
ENSMUSG00000052469,Tcp10c,21006
ENSMUSG00000052477,Sp140l2,17115
ENSMUSG00000052485,Tmem171,3181
ENSMUSG00000052488,Cherp,78804
ENSMUSG00000052496,Pkdrej,7065
ENSMUSG00000052504,Epha3,25571
ENSMUSG00000052508,Or12j5,12104
ENSMUSG00000052512,Nav2,22189
ENSMUSG00000052516,Robo2,56290
ENSMUSG00000052520,Cyp2j5,12330
ENSMUSG00000052525,Spdya,8880
ENSMUSG00000052533,Nup188,70102
ENSMUSG00000052534,Pbx1,16311
ENSMUSG00000052537,Or5ac16,3254
ENSMUSG00000052539,Magi3,45442
ENSMUSG00000052544,St6galnac3,8174
ENSMUSG00000052549,Arl13a,1740
ENSMUSG00000052551,Adarb2,15062
ENSMUSG00000052554,Defb34,246
ENSMUSG00000052557,Gan,2652
ENSMUSG00000052560,Cpne8,14501
ENSMUSG00000052562,Slc22a30,13238
ENSMUSG00000052565,H1f3,7425
ENSMUSG00000052566,Hook2,37329
ENSMUSG00000052572,Dlg2,59018
ENSMUSG00000052581,Lrrtm4,20882
ENSMUSG00000052584,Serp2,14752
ENSMUSG00000052593,Adam17,31419
ENSMUSG00000052595,A1cf,9440
ENSMUSG00000052605,Isoc2b,9362
ENSMUSG00000052609,Plekhg3,91328
ENSMUSG00000052613,Pcdh15,183771
ENSMUSG00000052616,Terb1,14881
ENSMUSG00000052625,Or7g32,8062
ENSMUSG00000052631,Sh2d6,8500
ENSMUSG00000052632,Asap2,19672
ENSMUSG00000052642,Lypd9,1275
ENSMUSG00000052656,Rnf103,24847
ENSMUSG00000052675,Zfp112,67359
ENSMUSG00000052676,Zmat1,21118
ENSMUSG00000052681,Rap1b,66249
ENSMUSG00000052684,Jun,6378
ENSMUSG00000052688,Rab7b,35977
ENSMUSG00000052698,Tln2,45210
ENSMUSG00000052707,Tnrc6a,62666
ENSMUSG00000052712,BC004004,270183
ENSMUSG00000052713,Zfp608,25274
ENSMUSG00000052726,Kcnt2,97602
ENSMUSG00000052727,Map1b,17149
ENSMUSG00000052736,Klrc2,12461
ENSMUSG00000052738,Suclg1,15032
ENSMUSG00000052748,Swt1,37248
ENSMUSG00000052749,Trim30b,8809
ENSMUSG00000052751,Repin1,36721
ENSMUSG00000052752,Traf7,150450
ENSMUSG00000052759,Gpr25,1077
ENSMUSG00000052760,A630001G21Rik,4012
ENSMUSG00000052763,Zfp212,24532
ENSMUSG00000052776,Oas1a,13742
ENSMUSG00000052783,Grk4,17578
ENSMUSG00000052794,1700030K09Rik,24132
ENSMUSG00000052798,Nup107,24617
ENSMUSG00000052812,Atad2b,46864
ENSMUSG00000052818,Or6c76b,3343
ENSMUSG00000052819,Best2,6127
ENSMUSG00000052821,Cysltr1,6224
ENSMUSG00000052833,Sae1,31831
ENSMUSG00000052837,Junb,3237
ENSMUSG00000052850,Tas2r137,1073
ENSMUSG00000052852,Reep1,122984
ENSMUSG00000052854,Nrk,24225
ENSMUSG00000052861,Dnah6,45843
ENSMUSG00000052889,Prkcb,45252
ENSMUSG00000052906,Ubxn8,23253
ENSMUSG00000052911,Lamb2,5636
ENSMUSG00000052914,Cyp2j6,7083
ENSMUSG00000052915,Msl1,23531
ENSMUSG00000052917,Senp7,103433
ENSMUSG00000052920,Prkg1,24861
ENSMUSG00000052921,Arhgef15,41889
ENSMUSG00000052922,Bpi,5757
ENSMUSG00000052926,Rnaseh2a,17631
ENSMUSG00000052928,Ctif,46973
ENSMUSG00000052934,Fbxo31,70185
ENSMUSG00000052942,Glis3,15852
ENSMUSG00000052949,Rnf157,79842
ENSMUSG00000052955,Cpvl,4814
ENSMUSG00000052957,Gas1,4116
ENSMUSG00000052962,Mrpl35,12470
ENSMUSG00000052974,Cyp2f2,18768
ENSMUSG00000052981,Ube2ql1,2674
ENSMUSG00000052997,Uba2,47748
ENSMUSG00000053004,Hrh1,46744
ENSMUSG00000053007,Creb5,31502
ENSMUSG00000053012,Krcc1,16353
ENSMUSG00000053024,Cntn2,29039
ENSMUSG00000053025,Sv2b,295828
ENSMUSG00000053030,Spink2,2427
ENSMUSG00000053040,Aph1c,11390
ENSMUSG00000053044,Cd8b1,8657
ENSMUSG00000053046,Brsk2,100694
ENSMUSG00000053054,Adh6a,3704
ENSMUSG00000053062,Jam2,71099
ENSMUSG00000053063,Clec12a,9489
ENSMUSG00000053070,Cfap300,17515
ENSMUSG00000053080,Zfta,21095
ENSMUSG00000053091,Lins1,48767
ENSMUSG00000053093,Myh7,117614
ENSMUSG00000053094,Tmem248,45470
ENSMUSG00000053101,Gpr141,6771
ENSMUSG00000053110,Yap1,25290
ENSMUSG00000053111,Fank1,22372
ENSMUSG00000053113,Socs3,15228
ENSMUSG00000053119,Chmp3,36987
ENSMUSG00000053128,Rnf26,6785
ENSMUSG00000053129,Gsx1,1790
ENSMUSG00000053134,Supt7l,31773
ENSMUSG00000053137,Mapk11,10155
ENSMUSG00000053141,Ptprt,48475
ENSMUSG00000053146,Or1j20,4285
ENSMUSG00000053153,Spag16,8537
ENSMUSG00000053158,Fes,19966
ENSMUSG00000053161,Daw1,6095
ENSMUSG00000053164,Gpr21,3619
ENSMUSG00000053166,Cdh22,39307
ENSMUSG00000053175,Bcl3,9579
ENSMUSG00000053178,Mterf1b,12897
ENSMUSG00000053182,Cd200l1,5188
ENSMUSG00000053184,Spaca3,10099
ENSMUSG00000053192,Mllt11,63784
ENSMUSG00000053194,Cib4,1422
ENSMUSG00000053198,Prx,19438
ENSMUSG00000053199,Arhgap20,16024
ENSMUSG00000053205,Styx,25854
ENSMUSG00000053211,Zfy1,5732
ENSMUSG00000053216,Btn2a2,9257
ENSMUSG00000053217,Tas2r136,984
ENSMUSG00000053219,Raet1e,24823
ENSMUSG00000053226,Dand5,1585
ENSMUSG00000053228,Ceacam3,3351
ENSMUSG00000053251,Or6d12,7312
ENSMUSG00000053253,Ndfip2,9035
ENSMUSG00000053268,Dspp,4431
ENSMUSG00000053279,Aldh1a1,107025
ENSMUSG00000053286,Trmt1l,17890
ENSMUSG00000053287,Or9g19,5843
ENSMUSG00000053289,Ddx10,26076
ENSMUSG00000053291,Rab4b,3162
ENSMUSG00000053293,Pom121,11103
ENSMUSG00000053297,AI854703,7327
ENSMUSG00000053303,Slc22a26,5935
ENSMUSG00000053310,Nrgn,29555
ENSMUSG00000053317,Sec61b,7844
ENSMUSG00000053318,Slamf8,3012
ENSMUSG00000053329,Gatd3a,37564
ENSMUSG00000053333,Dis3l2,31017
ENSMUSG00000053334,Ficd,22885
ENSMUSG00000053338,Tarm1,6083
ENSMUSG00000053347,Zfp943,38076
ENSMUSG00000053367,Eddm13,958
ENSMUSG00000053368,Rxfp2,7515
ENSMUSG00000053375,Atp6v1e2,5852
ENSMUSG00000053388,Trim50,3259
ENSMUSG00000053389,Tas2r107,1032
ENSMUSG00000053390,Zfp952,19900
ENSMUSG00000053391,Or13a1,5810
ENSMUSG00000053395,Cacng8,3894
ENSMUSG00000053398,Phgdh,37249
ENSMUSG00000053399,Adamts18,5642
ENSMUSG00000053411,Cbx7,37038
ENSMUSG00000053414,Hunk,15471
ENSMUSG00000053436,Mapk14,45772
ENSMUSG00000053441,Adamts19,10209
ENSMUSG00000053453,Thoc7,9220
ENSMUSG00000053460,Ggcx,36093
ENSMUSG00000053461,Hhipl2,5328
ENSMUSG00000053465,Hs6st3,2344
ENSMUSG00000053469,Tg,13456
ENSMUSG00000053470,Kdm3a,102115
ENSMUSG00000053475,Tnfaip6,7950
ENSMUSG00000053477,Tcf4,567605
ENSMUSG00000053483,Usp21,37966
ENSMUSG00000053490,Trim60,2670
ENSMUSG00000053508,Gtsf2,4689
ENSMUSG00000053510,Nrdc,91958
ENSMUSG00000053519,Kcnip1,18358
ENSMUSG00000053522,Lgals7,3455
ENSMUSG00000053536,Cstf2t,4233
ENSMUSG00000053550,Shisa7,57680
ENSMUSG00000053552,Ebf4,8252
ENSMUSG00000053553,Chlsn,15256
ENSMUSG00000053559,Smagp,13096
ENSMUSG00000053560,Ier2,1524
ENSMUSG00000053565,Eif3k,5849
ENSMUSG00000053574,4930563E22Rik,3397
ENSMUSG00000053580,Tanc2,42570
ENSMUSG00000053581,Zfand2a,31602
ENSMUSG00000053593,Fate1,1991
ENSMUSG00000053600,Zfp472,4785
ENSMUSG00000053604,Rpia,1829
ENSMUSG00000053617,Sh3pxd2a,31223
ENSMUSG00000053624,Gykl1,1861
ENSMUSG00000053626,Tll1,4767
ENSMUSG00000053641,Dennd4a,32283
ENSMUSG00000053644,Aldh7a1,42256
ENSMUSG00000053646,Plxnb1,106159
ENSMUSG00000053647,Gper1,14964
ENSMUSG00000053654,Krt42,1542
ENSMUSG00000053675,Tgm5,2613
ENSMUSG00000053678,Defb40,389
ENSMUSG00000053684,Kics2,22568
ENSMUSG00000053687,Dpep2,3091
ENSMUSG00000053693,Mast1,17682
ENSMUSG00000053695,Defb37,352
ENSMUSG00000053702,Nebl,76607
ENSMUSG00000053716,Dusp7,11666
ENSMUSG00000053719,Klk1b26,1386
ENSMUSG00000053720,Vmn2r43,2849
ENSMUSG00000053729,Spinkl,1226
ENSMUSG00000053730,Tmem39b,7200
ENSMUSG00000053742,Gm5114,3047
ENSMUSG00000053746,Ptrh1,3227
ENSMUSG00000053747,Sox14,2065
ENSMUSG00000053754,Chd8,16787
ENSMUSG00000053765,Oas1f,1482
ENSMUSG00000053768,Chchd3,42987
ENSMUSG00000053769,Lysmd1,7189
ENSMUSG00000053773,Rdh8,1405
ENSMUSG00000053774,Ubxn7,53185
ENSMUSG00000053783,Liat1,3363
ENSMUSG00000053790,Defb38,286
ENSMUSG00000053797,Krt16,1632
ENSMUSG00000053799,Exoc6,45178
ENSMUSG00000053801,Grwd1,13619
ENSMUSG00000053815,Or11g2,5453
ENSMUSG00000053819,Camk2d,324547
ENSMUSG00000053820,Bcl2a1c,444
ENSMUSG00000053825,Ppfia2,213577
ENSMUSG00000053835,H2-T24,17492
ENSMUSG00000053838,Nudcd3,42343
ENSMUSG00000053841,Txlna,27712
ENSMUSG00000053846,Lipg,3792
ENSMUSG00000053852,Adgrg4,19903
ENSMUSG00000053856,Dnajc5g,5758
ENSMUSG00000053862,Slc51b,1637
ENSMUSG00000053863,Mepe,1682
ENSMUSG00000053870,Fpgt,18470
ENSMUSG00000053877,Srcap,80127
ENSMUSG00000053886,Sh2d4a,24568
ENSMUSG00000053896,4933409G03Rik,7418
ENSMUSG00000053897,Slc39a8,19453
ENSMUSG00000053898,Ech1,15184
ENSMUSG00000053907,Mat2a,38406
ENSMUSG00000053909,Rhox10,763
ENSMUSG00000053914,Kdm4d,12667
ENSMUSG00000053916,Nanp,13346
ENSMUSG00000053929,Zftraf1,22736
ENSMUSG00000053930,Shisa6,3910
ENSMUSG00000053931,Cnn3,9900
ENSMUSG00000053950,Adnp2,24019
ENSMUSG00000053961,Ang5,708
ENSMUSG00000053963,Stum,14251
ENSMUSG00000053964,Lgals4,5942
ENSMUSG00000053965,Pde5a,18411
ENSMUSG00000053977,Cd8a,6103
ENSMUSG00000053985,Zfp14,8353
ENSMUSG00000054000,Tusc1,1374
ENSMUSG00000054003,Tdrd9,9624
ENSMUSG00000054005,Mill1,2489
ENSMUSG00000054008,Ndst1,24017
ENSMUSG00000054013,Tmem179,26442
ENSMUSG00000054021,Sirt5,39071
ENSMUSG00000054027,Nt5dc3,17716
ENSMUSG00000054033,Adam39,2636
ENSMUSG00000054034,Tceal5,9058
ENSMUSG00000054036,Or11m3,11868
ENSMUSG00000054046,Klk13,9428
ENSMUSG00000054051,Ercc6,17857
ENSMUSG00000054052,Rdh19,1889
ENSMUSG00000054054,Or13g1,4220
ENSMUSG00000054065,Pkp3,5858
ENSMUSG00000054072,Iigp1,27964
ENSMUSG00000054074,Skida1,4376
ENSMUSG00000054079,Utp18,22206
ENSMUSG00000054083,Capn12,3040
ENSMUSG00000054087,Fbxw28,4510
ENSMUSG00000054091,Arln,2336
ENSMUSG00000054099,Slc25a40,40323
ENSMUSG00000054102,Nlrp9a,12153
ENSMUSG00000054106,Try4,804
ENSMUSG00000054115,Skp2,26125
ENSMUSG00000054116,E130116L18Rik,306
ENSMUSG00000054117,Zdhhc25,1368
ENSMUSG00000054128,H2-T3,4494
ENSMUSG00000054134,Umodl1,16125
ENSMUSG00000054136,Adm2,6013
ENSMUSG00000054141,Or1m1,5484
ENSMUSG00000054142,Vmn1r236,16222
ENSMUSG00000054146,Krt15,1700
ENSMUSG00000054150,Syne3,20925
ENSMUSG00000054160,Nkx2-4,1763
ENSMUSG00000054161,Fam83e,2908
ENSMUSG00000054162,Spock3,70216
ENSMUSG00000054169,Ceacam10,1802
ENSMUSG00000054191,Klf1,4569
ENSMUSG00000054196,Cthrc1,5349
ENSMUSG00000054199,Gon4l,51348
ENSMUSG00000054200,Ffar4,12272
ENSMUSG00000054203,Ifi205,3520
ENSMUSG00000054204,Alkal2,10467
ENSMUSG00000054206,Gzmm,1287
ENSMUSG00000054215,Sprr2k,637
ENSMUSG00000054226,Tprkb,53709
ENSMUSG00000054236,Or5p4,6186
ENSMUSG00000054237,Fra10ac1,56992
ENSMUSG00000054252,Fgfr3,54208
ENSMUSG00000054256,Msi1,9969
ENSMUSG00000054263,Lifr,54290
ENSMUSG00000054266,Serpinb9d,1250
ENSMUSG00000054272,Zscan4c,4545
ENSMUSG00000054277,Arfgap3,35729
ENSMUSG00000054280,Prr14l,53356
ENSMUSG00000054293,P2ry10b,22135
ENSMUSG00000054302,Eapp,12129
ENSMUSG00000054309,Cpsf3,44823
ENSMUSG00000054310,Obox1,7047
ENSMUSG00000054312,Mrps21,6758
ENSMUSG00000054320,Lrrc36,11293
ENSMUSG00000054321,Taf4b,34633
ENSMUSG00000054325,Lce3a,549
ENSMUSG00000054342,Kcnn4,8791
ENSMUSG00000054360,Bsx,2960
ENSMUSG00000054362,Cimap2,3118
ENSMUSG00000054364,Rhob,2349
ENSMUSG00000054381,Zfp747,13126
ENSMUSG00000054383,Pnma1,2359
ENSMUSG00000054385,Ceacam2,10201
ENSMUSG00000054387,Mdm4,137519
ENSMUSG00000054400,Cklf,11064
ENSMUSG00000054404,Slfn5,24055
ENSMUSG00000054405,Dnajc8,25496
ENSMUSG00000054406,Or3a1d,3594
ENSMUSG00000054408,Spcs3,10395
ENSMUSG00000054409,Tmem74,10341
ENSMUSG00000054414,Slc30a7,28549
ENSMUSG00000054417,Cyp3a44,1964
ENSMUSG00000054422,Fabp1,4508
ENSMUSG00000054423,Cadps,188312
ENSMUSG00000054428,Atp5if1,18995
ENSMUSG00000054431,Or2q1,2832
ENSMUSG00000054434,Tmem120b,28032
ENSMUSG00000054435,Gimap4,8654
ENSMUSG00000054446,Cpa1,3140
ENSMUSG00000054452,Tle5,38747
ENSMUSG00000054453,Sytl5,4536
ENSMUSG00000054455,Vapb,18026
ENSMUSG00000054459,Vsnl1,13899
ENSMUSG00000054469,Lclat1,45164
ENSMUSG00000054474,Thnsl2,14264
ENSMUSG00000054477,Kcnn2,17738
ENSMUSG00000054484,Tmem62,33591
ENSMUSG00000054497,Tas2r130,1090
ENSMUSG00000054498,Or6f1,6047
ENSMUSG00000054499,Dedd2,19702
ENSMUSG00000054509,Parp4,22469
ENSMUSG00000054517,Trim65,10141
ENSMUSG00000054519,Zfp867,12428
ENSMUSG00000054520,Sh3bp2,11920
ENSMUSG00000054523,Ms4a5,4477
ENSMUSG00000054526,Or9q1,12653
ENSMUSG00000054537,Tmprss11e,3416
ENSMUSG00000054545,Ugt1a6a,16608
ENSMUSG00000054555,Adam12,7675
ENSMUSG00000054568,Usp17la,2656
ENSMUSG00000054580,Pla2r1,10344
ENSMUSG00000054582,Pabpc1l,2354
ENSMUSG00000054594,Oscar,7222
ENSMUSG00000054604,Cggbp1,57327
ENSMUSG00000054611,Kdm2a,48474
ENSMUSG00000054612,Mgmt,46913
ENSMUSG00000054619,Tmt1a,6571
ENSMUSG00000054626,Xlr,16505
ENSMUSG00000054630,Ugt2b5,9724
ENSMUSG00000054640,Slc8a1,30980
ENSMUSG00000054641,Mmrn1,8951
ENSMUSG00000054648,Zfp869,23978
ENSMUSG00000054659,Pm20d2,23667
ENSMUSG00000054662,Ano9,12414
ENSMUSG00000054666,Or10h28,7978
ENSMUSG00000054667,Irs4,6294
ENSMUSG00000054672,Scart2,6333
ENSMUSG00000054675,Tmem119,11901
ENSMUSG00000054676,1600014C10Rik,40682
ENSMUSG00000054679,Srsf12,5865
ENSMUSG00000054690,Emcn,11960
ENSMUSG00000054693,Adam10,9995
ENSMUSG00000054702,Ap1s3,2876
ENSMUSG00000054708,Ankrd24,5320
ENSMUSG00000054715,Zscan22,54884
ENSMUSG00000054716,Zfp771,9021
ENSMUSG00000054717,Hmgb2,33777
ENSMUSG00000054720,Lrrc8c,21976
ENSMUSG00000054723,Vmac,4191
ENSMUSG00000054727,1700013H16Rik,8842
ENSMUSG00000054728,Phactr1,32350
ENSMUSG00000054733,Msra,29227
ENSMUSG00000054737,Zfp182,29217
ENSMUSG00000054746,Abca15,12170
ENSMUSG00000054752,Fsd1l,53977
ENSMUSG00000054753,AU018091,10041
ENSMUSG00000054757,Akr1c20,16782
ENSMUSG00000054759,Krtap5-2,1471
ENSMUSG00000054763,Defb42,1237
ENSMUSG00000054764,Mtnr1a,1576
ENSMUSG00000054766,Set,29035
ENSMUSG00000054770,Kctd18,26270
ENSMUSG00000054792,Klhl18,48516
ENSMUSG00000054793,Cadm4,2161
ENSMUSG00000054808,Actn4,69272
ENSMUSG00000054814,Usp46,45360
ENSMUSG00000054823,Nsd3,116380
ENSMUSG00000054827,Cyp2c50,8788
ENSMUSG00000054836,Elp6,21581
ENSMUSG00000054843,Atrnl1,71962
ENSMUSG00000054850,Smim10l2a,2393
ENSMUSG00000054855,Rnd1,10150
ENSMUSG00000054863,Tafa5,10272
ENSMUSG00000054871,Tmem158,1712
ENSMUSG00000054874,Pcnx3,71254
ENSMUSG00000054889,Dsp,25770
ENSMUSG00000054890,Or2b7,4940
ENSMUSG00000054892,Txk,9071
ENSMUSG00000054893,Zfp667,64827
ENSMUSG00000054894,Dmac2l,36976
ENSMUSG00000054901,Arhgef33,11317
ENSMUSG00000054905,Stfa3,1712
ENSMUSG00000054920,Klhl5,113773
ENSMUSG00000054931,Zkscan4,7197
ENSMUSG00000054932,Afp,22422
ENSMUSG00000054934,Kcnmb4,6123
ENSMUSG00000054938,Or6z5,10005
ENSMUSG00000054939,Zfp174,9613
ENSMUSG00000054940,Or2j3,3456
ENSMUSG00000054942,Miga1,129433
ENSMUSG00000054951,9130008F23Rik,2940
ENSMUSG00000054958,Nt5c1a,1307
ENSMUSG00000054966,Lmntd1,16167
ENSMUSG00000054967,Zfp647,4462
ENSMUSG00000054976,Nyap2,47307
ENSMUSG00000054978,Kbtbd13,2969
ENSMUSG00000054986,Sec14l3,3940
ENSMUSG00000054988,Agtr1b,9084
ENSMUSG00000054994,Pramel3e,3698
ENSMUSG00000054999,Naaladl1,2689
ENSMUSG00000055003,Lrtm2,11088
ENSMUSG00000055010,A830031A19Rik,1573
ENSMUSG00000055013,Agap1,157202
ENSMUSG00000055022,Cntn1,135923
ENSMUSG00000055024,Ep300,15987
ENSMUSG00000055026,Gabrg3,11808
ENSMUSG00000055027,Smyd1,20834
ENSMUSG00000055030,Sprr2e,647
ENSMUSG00000055033,Or6k2,4852
ENSMUSG00000055041,Commd5,7085
ENSMUSG00000055044,Pdlim1,19487
ENSMUSG00000055053,Nfic,59502
ENSMUSG00000055065,Ddx17,24952
ENSMUSG00000055067,Smyd3,17857
ENSMUSG00000055069,Rab39,3098
ENSMUSG00000055078,Gabra5,86318
ENSMUSG00000055088,Or1n2,10623
ENSMUSG00000055095,Spink6,1669
ENSMUSG00000055102,Zfp819,10106
ENSMUSG00000055109,Ptchd1as,1009
ENSMUSG00000055114,Anxa13,3482
ENSMUSG00000055116,Bmal1,281579
ENSMUSG00000055128,Cgrrf1,15922
ENSMUSG00000055137,Sugct,7967
ENSMUSG00000055148,Klf2,6445
ENSMUSG00000055150,Zfp78,22029
ENSMUSG00000055170,Ifng,1208
ENSMUSG00000055172,C1ra,5899
ENSMUSG00000055177,Cstl1,24435
ENSMUSG00000055184,Fam72a,4335
ENSMUSG00000055193,Klk15,3993
ENSMUSG00000055194,Actbl2,2737
ENSMUSG00000055197,Fev,2915
ENSMUSG00000055200,Sertad3,9801
ENSMUSG00000055202,Zfp811,9583
ENSMUSG00000055204,Ankrd17,67942
ENSMUSG00000055210,Foxd2,2592
ENSMUSG00000055214,Pld5,17798
ENSMUSG00000055228,Gm49359,1631
ENSMUSG00000055235,Wdr86,10085
ENSMUSG00000055239,Kcmf1,19981
ENSMUSG00000055240,Zfp101,20249
ENSMUSG00000055254,Ntrk2,172294
ENSMUSG00000055296,Tmem245,50835
ENSMUSG00000055298,Ctsj,2839
ENSMUSG00000055301,Adh7,4227
ENSMUSG00000055302,Mrfap1,7665
ENSMUSG00000055305,Zfp93,25113
ENSMUSG00000055312,Them7,1626
ENSMUSG00000055313,Pgbd1,18828
ENSMUSG00000055319,Sec23ip,36420
ENSMUSG00000055320,Tead1,65341
ENSMUSG00000055322,Tns1,58196
ENSMUSG00000055333,Fat2,29045
ENSMUSG00000055334,Snupn,40084
ENSMUSG00000055341,Zfp457,2117
ENSMUSG00000055357,Capza1b,7013
ENSMUSG00000055360,Prl2c5,2466
ENSMUSG00000055368,Slc6a2,32061
ENSMUSG00000055371,Stam2,32503
ENSMUSG00000055373,Fut9,49234
ENSMUSG00000055385,Rnf212,2065
ENSMUSG00000055401,Fbxo6,26391
ENSMUSG00000055407,Map6,36066
ENSMUSG00000055409,Nell1,85633
ENSMUSG00000055413,H2-Q5,998
ENSMUSG00000055415,Atp10b,6825
ENSMUSG00000055421,Pcdh9,34530
ENSMUSG00000055430,Nap1l5,1844
ENSMUSG00000055435,Maf,25218
ENSMUSG00000055436,Srsf11,38039
ENSMUSG00000055447,Cd47,116427
ENSMUSG00000055471,Alk,7221
ENSMUSG00000055480,Zfp458,10745
ENSMUSG00000055485,Mtcl2,40298
ENSMUSG00000055489,Ano5,133551
ENSMUSG00000055491,Pprc1,93188
ENSMUSG00000055493,Epm2a,3303
ENSMUSG00000055515,Vmn2r81,3361
ENSMUSG00000055523,Gucy2g,3888
ENSMUSG00000055531,Cpsf6,118340
ENSMUSG00000055538,Zcchc24,20166
ENSMUSG00000055540,Epha6,3930
ENSMUSG00000055541,Lair1,35315
ENSMUSG00000055546,Timd4,10991
ENSMUSG00000055547,Apobec4,1566
ENSMUSG00000055553,Kxd1,84248
ENSMUSG00000055555,Ct55,4375
ENSMUSG00000055560,Zfp459,10584
ENSMUSG00000055561,Spink5,4785
ENSMUSG00000055567,Unc80,23844
ENSMUSG00000055571,Or14a259,11973
ENSMUSG00000055594,5530400C23Rik,649
ENSMUSG00000055602,Tcp10b,7459
ENSMUSG00000055609,Hba-x,801
ENSMUSG00000055610,Or14a260,10045
ENSMUSG00000055612,Cdca7,16882
ENSMUSG00000055629,B4galnt4,14814
ENSMUSG00000055632,Hmcn2,18567
ENSMUSG00000055633,Zfp580,3114
ENSMUSG00000055639,Dach1,10282
ENSMUSG00000055643,Ubqln5,1915
ENSMUSG00000055652,Klhl25,33780
ENSMUSG00000055653,Gpc3,7294
ENSMUSG00000055660,Mettl4,100106
ENSMUSG00000055670,Zzef1,40314
ENSMUSG00000055675,Kbtbd11,13681
ENSMUSG00000055679,Ctsr,1414
ENSMUSG00000055681,Cope,49573
ENSMUSG00000055691,Gja6,2017
ENSMUSG00000055692,Tmem191,19951
ENSMUSG00000055707,Klhl26,27236
ENSMUSG00000055717,Slain1,11233
ENSMUSG00000055720,Ubl7,79307
ENSMUSG00000055723,Rras2,6328
ENSMUSG00000055725,Paqr3,21847
ENSMUSG00000055730,Ces2a,9410
ENSMUSG00000055733,Nap1l3,2837
ENSMUSG00000055737,Ghr,130618
ENSMUSG00000055745,Rtl6,4426
ENSMUSG00000055746,Magea2,6645
ENSMUSG00000055748,Gsdmc4,4074
ENSMUSG00000055760,Gemin6,16686
ENSMUSG00000055761,Nkain3,15723
ENSMUSG00000055762,Eef1d,103855
ENSMUSG00000055775,Myh8,39352
ENSMUSG00000055780,Usp26,49065
ENSMUSG00000055782,Abcd2,27417
ENSMUSG00000055789,Ftdc2,1108
ENSMUSG00000055799,Tcf7l1,27276
ENSMUSG00000055805,Fmnl1,55113
ENSMUSG00000055809,Dnaaf3,2241
ENSMUSG00000055811,Cldn17,1172
ENSMUSG00000055817,Mta3,108969
ENSMUSG00000055820,Or8g4,2143
ENSMUSG00000055826,Tescl,855
ENSMUSG00000055827,Gsdmc3,5765
ENSMUSG00000055835,Zfp1,38693
ENSMUSG00000055838,Or1q1,6459
ENSMUSG00000055839,Elob,4760
ENSMUSG00000055850,Rnf181,26225
ENSMUSG00000055862,Izumo4,22858
ENSMUSG00000055865,Tafa3,13600
ENSMUSG00000055866,Per2,12461
ENSMUSG00000055874,Foxi3,4107
ENSMUSG00000055882,Abhd16b,3833
ENSMUSG00000055884,Fancm,15398
ENSMUSG00000055891,Ubl4b,1387
ENSMUSG00000055895,Oosp2,1131
ENSMUSG00000055900,Tmem69,2164
ENSMUSG00000055912,Tmem150a,18653
ENSMUSG00000055917,Zfp277,19542
ENSMUSG00000055923,Aasdh,42463
ENSMUSG00000055926,Gm14137,6134
ENSMUSG00000055932,Fto,48835
ENSMUSG00000055933,Oosp3,1444
ENSMUSG00000055937,Krt28,1630
ENSMUSG00000055942,Obox7,2782
ENSMUSG00000055943,Emc7,24820
ENSMUSG00000055945,Prr18,10357
ENSMUSG00000055960,Skint4,12041
ENSMUSG00000055963,Triqk,17013
ENSMUSG00000055971,Or1e19,1508
ENSMUSG00000055976,Cldn23,1848
ENSMUSG00000055978,Fut2,5944
ENSMUSG00000055980,Irs1,9345
ENSMUSG00000055991,Zkscan5,39828
ENSMUSG00000055994,Nod2,14038
ENSMUSG00000056004,Elapor2,42463
ENSMUSG00000056014,A430033K04Rik,15609
ENSMUSG00000056018,Ccdc7b,6150
ENSMUSG00000056019,Zfp709,20132
ENSMUSG00000056025,Clca3a1,3524
ENSMUSG00000056035,Cyp3a11,16714
ENSMUSG00000056043,Rgs9bp,6590
ENSMUSG00000056050,Mia3,95407
ENSMUSG00000056054,S100a8,4849
ENSMUSG00000056055,Sag,5099
ENSMUSG00000056069,Otulinl,29918
ENSMUSG00000056071,S100a9,11524
ENSMUSG00000056073,Grik2,76715
ENSMUSG00000056076,Eif3b,32442
ENSMUSG00000056078,Lipm,5438
ENSMUSG00000056091,St3gal5,34202
ENSMUSG00000056115,Tas2r134,898
ENSMUSG00000056116,H2-T22,30089
ENSMUSG00000056121,Fez2,36107
ENSMUSG00000056124,B4galt6,58083
ENSMUSG00000056130,Ticam2,8365
ENSMUSG00000056131,Pgm3,41648
ENSMUSG00000056133,Unc93a2,21923
ENSMUSG00000056144,Trim34a,14942
ENSMUSG00000056148,Rdh9,6713
ENSMUSG00000056153,Socs6,55323
ENSMUSG00000056155,Nanos3,1448
ENSMUSG00000056158,Car10,27744
ENSMUSG00000056162,Cndp1,11169
ENSMUSG00000056167,Cnot10,101774
ENSMUSG00000056174,Col8a2,21996
ENSMUSG00000056184,Or8s2,3494
ENSMUSG00000056185,Snx32,50664
ENSMUSG00000056197,Jkampl,1087
ENSMUSG00000056201,Cfl1,28708
ENSMUSG00000056203,Tas2r135,1093
ENSMUSG00000056204,Pgpep1,18320
ENSMUSG00000056209,Npm3,4602
ENSMUSG00000056211,R3hdm1,43880
ENSMUSG00000056214,Pard6g,14675
ENSMUSG00000056215,Lrguk,33201
ENSMUSG00000056216,Cebpg,22821
ENSMUSG00000056220,Pla2g4a,5709
ENSMUSG00000056222,Spock1,17135
ENSMUSG00000056223,Spata31,7078
ENSMUSG00000056228,Cars2,131437
ENSMUSG00000056234,Ncoa4,49696
ENSMUSG00000056258,Kcnq3,11824
ENSMUSG00000056260,Lrif1,12226
ENSMUSG00000056267,Cep70,68741
ENSMUSG00000056268,Dennd1b,76560
ENSMUSG00000056270,Prr9,1189
ENSMUSG00000056271,Lman1l,1685
ENSMUSG00000056281,Or11n2,4819
ENSMUSG00000056290,Ms4a4b,38295
ENSMUSG00000056293,Gsdmc2,6372
ENSMUSG00000056296,Synpr,10241
ENSMUSG00000056300,Zfp981,36099
ENSMUSG00000056305,Usp39,22915
ENSMUSG00000056306,Sertm1,12779
ENSMUSG00000056310,Tyw1,50843
ENSMUSG00000056313,Tcim,1805
ENSMUSG00000056328,Myh1,154652
ENSMUSG00000056342,Usp34,31284
ENSMUSG00000056350,Krtap13-1,750
ENSMUSG00000056367,Actr3b,39103
ENSMUSG00000056370,Sftpb,3051
ENSMUSG00000056379,Taar1,1114
ENSMUSG00000056380,Gpr50,3070
ENSMUSG00000056383,AI987944,6643
ENSMUSG00000056394,Lig1,9712
ENSMUSG00000056399,Prss34,2413
ENSMUSG00000056413,Adap1,48197
ENSMUSG00000056423,Uts2b,835
ENSMUSG00000056426,Nat3,2883
ENSMUSG00000056427,Slit3,15982
ENSMUSG00000056429,Tgoln1,10313
ENSMUSG00000056436,Cyct,15348
ENSMUSG00000056457,Prl2c3,857
ENSMUSG00000056458,Mok,90870
ENSMUSG00000056459,Zbtb25,85666
ENSMUSG00000056476,Med12l,60773
ENSMUSG00000056481,Cd248,2605
ENSMUSG00000056486,Chn1,79343
ENSMUSG00000056487,Tmt1a2,3602
ENSMUSG00000056492,Adgrf5,61704
ENSMUSG00000056493,Foxk1,15562
ENSMUSG00000056494,Cngb3,4708
ENSMUSG00000056498,Tmem154,6394
ENSMUSG00000056501,Cebpb,1504
ENSMUSG00000056508,1700001K19Rik,15889
ENSMUSG00000056509,Misfa,1672
ENSMUSG00000056515,Rab31,23971
ENSMUSG00000056529,Ptafr,3652
ENSMUSG00000056531,Ccdc18,48421
ENSMUSG00000056536,Pign,45248
ENSMUSG00000056537,Rlim,75337
ENSMUSG00000056544,Defb21,1439
ENSMUSG00000056553,Ptprn2,3201
ENSMUSG00000056564,Or2ab1,8442
ENSMUSG00000056569,Mpz,13572
ENSMUSG00000056579,Tug1,1612
ENSMUSG00000056586,Zar1l,895
ENSMUSG00000056592,Zfp175,10738
ENSMUSG00000056596,Trnp1,1654
ENSMUSG00000056598,Drc3,39767
ENSMUSG00000056600,Or2h2,9974
ENSMUSG00000056602,Fry,21897
ENSMUSG00000056605,Krt72,2021
ENSMUSG00000056608,Chd9,36577
ENSMUSG00000056612,Ppp1r14b,17796
ENSMUSG00000056617,4931429L15Rik,3177
ENSMUSG00000056629,Fkbp2,4767
ENSMUSG00000056632,Dsg3,9703
ENSMUSG00000056643,Chst13,6593
ENSMUSG00000056648,Hoxb8,5294
ENSMUSG00000056656,Apol8,26740
ENSMUSG00000056665,Them6,1784
ENSMUSG00000056666,Retsat,19197
ENSMUSG00000056671,Prelid2,7509
ENSMUSG00000056673,Kdm5d,12278
ENSMUSG00000056679,Gpr173,31399
ENSMUSG00000056692,Ilrun,49902
ENSMUSG00000056696,Or5bw2,4216
ENSMUSG00000056698,Elmod3,63765
ENSMUSG00000056706,Krtap7-1,621
ENSMUSG00000056708,Ier5,3276
ENSMUSG00000056718,Gm13199,747
ENSMUSG00000056724,Nbeal2,41153
ENSMUSG00000056728,Ctsll3,1337
ENSMUSG00000056737,Capg,16572
ENSMUSG00000056749,Nfil3,33457
ENSMUSG00000056752,Dnah9,24824
ENSMUSG00000056755,Grm7,7325
ENSMUSG00000056758,Hmga2,16054
ENSMUSG00000056763,Cspp1,104565
ENSMUSG00000056770,Setd3,86858
ENSMUSG00000056782,Or52n2b,3676
ENSMUSG00000056812,St8sia3,59420
ENSMUSG00000056820,Tsnax,61562
ENSMUSG00000056822,Or2l13,9616
ENSMUSG00000056824,Zfp663,6609
ENSMUSG00000056829,Foxb2,2962
ENSMUSG00000056832,Ift56,16027
ENSMUSG00000056851,Pcbp2,92849
ENSMUSG00000056853,Or6c8b,3524
ENSMUSG00000056854,Pou3f4,2928
ENSMUSG00000056856,Jakmip3,13759
ENSMUSG00000056858,Or9i1,951
ENSMUSG00000056863,Or13n4,2994
ENSMUSG00000056870,Gulp1,37432
ENSMUSG00000056880,Gadl1,28746
ENSMUSG00000056883,Or12j4,11544
ENSMUSG00000056885,Krtap5-20,600
ENSMUSG00000056888,Glipr1,4394
ENSMUSG00000056895,H2bc27,1350
ENSMUSG00000056899,Immp2l,2709
ENSMUSG00000056900,Usp13,121282
ENSMUSG00000056901,Tas2r102,1044
ENSMUSG00000056910,Vmn2r107,10110
ENSMUSG00000056912,1700017N19Rik,10397
ENSMUSG00000056917,Sipa1,117955
ENSMUSG00000056919,Cep162,31347
ENSMUSG00000056921,Or1e34,12123
ENSMUSG00000056926,Tas2r113,930
ENSMUSG00000056938,Acbd4,1959
ENSMUSG00000056941,Commd7,29898
ENSMUSG00000056946,Or10a3m,2112
ENSMUSG00000056947,Mab21l1,2492
ENSMUSG00000056952,Tatdn2,8791
ENSMUSG00000056959,Or2t45,3456
ENSMUSG00000056961,Or8g51,4783
ENSMUSG00000056962,Jmjd6,23682
ENSMUSG00000056966,Gjc3,15815
ENSMUSG00000056972,Magel2,4631
ENSMUSG00000056973,Ces1d,13181
ENSMUSG00000056978,Hamp2,1750
ENSMUSG00000056987,Garin2,8861
ENSMUSG00000056995,Or4p7,7452
ENSMUSG00000056999,Ide,81072
ENSMUSG00000057000,Nxf3,6225
ENSMUSG00000057003,Myh4,92992
ENSMUSG00000057021,Vmn2r129,5787
ENSMUSG00000057037,Cfhr1,19280
ENSMUSG00000057050,Or1e1f,9307
ENSMUSG00000057054,Inca1,15288
ENSMUSG00000057058,Skap1,13601
ENSMUSG00000057060,Slc35f3,15735
ENSMUSG00000057067,Or14c45,2861
ENSMUSG00000057068,Fam47e,22751
ENSMUSG00000057069,Ero1b,33347
ENSMUSG00000057072,Spata45,4295
ENSMUSG00000057074,Ces1g,3207
ENSMUSG00000057092,Fxyd3,20050
ENSMUSG00000057093,Zfp607b,15327
ENSMUSG00000057098,Ebf1,17943
ENSMUSG00000057101,Zfp180,52397
ENSMUSG00000057103,Nat8f1,10077
ENSMUSG00000057110,Cntrl,49414
ENSMUSG00000057113,Npm1,83550
ENSMUSG00000057116,Semp2l2a,3157
ENSMUSG00000057123,Gja5,13153
ENSMUSG00000057130,Txnl4a,87124
ENSMUSG00000057132,Rpgrip1,14175
ENSMUSG00000057133,Chd6,16499
ENSMUSG00000057134,Ado,9116
ENSMUSG00000057135,Scimp,2854
ENSMUSG00000057137,Tmem140,21174
ENSMUSG00000057143,Trim12c,7378
ENSMUSG00000057147,Dph6,24410
ENSMUSG00000057149,Or4k51,5759
ENSMUSG00000057156,Homez,11373
ENSMUSG00000057163,Prss2,819
ENSMUSG00000057170,Prl3d1,1747
ENSMUSG00000057173,Rfx8,3965
ENSMUSG00000057174,Krtap19-9b,462
ENSMUSG00000057176,Cfap119,25448
ENSMUSG00000057177,Gsk3a,31812
ENSMUSG00000057179,Or11h4b,3503
ENSMUSG00000057181,5730455P16Rik,60994
ENSMUSG00000057182,Scn3a,21664
ENSMUSG00000057191,AB124611,11107
ENSMUSG00000057193,Slc44a2,27616
ENSMUSG00000057195,Ceacam13,1951
ENSMUSG00000057203,Vmn1r234,9169
ENSMUSG00000057207,Or5m11,3474
ENSMUSG00000057219,Armc7,8795
ENSMUSG00000057228,Aadat,12088
ENSMUSG00000057229,Dmac2,11082
ENSMUSG00000057230,Aak1,232257
ENSMUSG00000057234,Mettl15,28121
ENSMUSG00000057236,Rbbp4,27924
ENSMUSG00000057240,Ms4a13,10101
ENSMUSG00000057246,Tsbp1,5165
ENSMUSG00000057265,Bbof1,6020
ENSMUSG00000057270,Or9i2,9573
ENSMUSG00000057278,Snrpg,3166
ENSMUSG00000057280,Musk,22126
ENSMUSG00000057286,St6galnac2,7638
ENSMUSG00000057315,Arhgap24,32535
ENSMUSG00000057321,Usp17ld,1987
ENSMUSG00000057322,Rpl38,3012
ENSMUSG00000057329,Bcl2,10088
ENSMUSG00000057335,Cep170,127806
ENSMUSG00000057337,Chst3,18223
ENSMUSG00000057342,Sphk2,76439
ENSMUSG00000057346,Apol9a,3057
ENSMUSG00000057349,Or8g30,5130
ENSMUSG00000057363,Uxs1,33716
ENSMUSG00000057367,Birc2,34994
ENSMUSG00000057375,Yipf1,25083
ENSMUSG00000057378,Ryr3,76670
ENSMUSG00000057381,Tas2r123,1002
ENSMUSG00000057388,Mrpl18,9914
ENSMUSG00000057396,Zfp759,3482
ENSMUSG00000057400,Ces1c,9034
ENSMUSG00000057402,Cldn34b2,2255
ENSMUSG00000057406,Nsd2,74686
ENSMUSG00000057409,Zfp53,25765
ENSMUSG00000057411,Antkmt,8959
ENSMUSG00000057417,Dcpp3,1289
ENSMUSG00000057421,Las1l,33189
ENSMUSG00000057424,Or10d1c,5835
ENSMUSG00000057425,Ugt2b37,1894
ENSMUSG00000057439,Kir3dl2,3666
ENSMUSG00000057440,Mpp7,60633
ENSMUSG00000057443,Or2n1e,4606
ENSMUSG00000057444,Or8b1d,933
ENSMUSG00000057446,Cts8,2505
ENSMUSG00000057447,Or4c11c,7073
ENSMUSG00000057454,Lypd3,1654
ENSMUSG00000057455,Rit2,37302
ENSMUSG00000057457,Phex,6265
ENSMUSG00000057461,Or52s1b,5747
ENSMUSG00000057464,Or6b2b,4177
ENSMUSG00000057465,Saa2,3155
ENSMUSG00000057469,E2f6,20887
ENSMUSG00000057497,Fam136a,9432
ENSMUSG00000057503,Or5b106,9956
ENSMUSG00000057506,Bloc1s2,3347
ENSMUSG00000057513,Vmn1r177,930
ENSMUSG00000057522,Spop,45858
ENSMUSG00000057530,Ece1,22465
ENSMUSG00000057531,Dtnbp1,46571
ENSMUSG00000057534,Elobl,1863
ENSMUSG00000057540,Or14c46,2482
ENSMUSG00000057541,Pus7,42304
ENSMUSG00000057551,Zfp317,164662
ENSMUSG00000057554,Lgals8,80462
ENSMUSG00000057561,Eif1a,22991
ENSMUSG00000057564,Or4e1,5791
ENSMUSG00000057572,Zbtb8os,22650
ENSMUSG00000057592,Vmn1r48,909
ENSMUSG00000057594,Arl16,911
ENSMUSG00000057596,Trim30d,10872
ENSMUSG00000057604,Lmcd1,6247
ENSMUSG00000057606,Colq,19735
ENSMUSG00000057609,Lce1a1,705
ENSMUSG00000057614,Gnai1,8824
ENSMUSG00000057615,Ldoc1,2906
ENSMUSG00000057637,Prdm2,28888
ENSMUSG00000057649,Brd9,19654
ENSMUSG00000057650,Krtap19-2,643
ENSMUSG00000057654,Or2t47,7829
ENSMUSG00000057666,Gapdh,14731
ENSMUSG00000057667,Bloc1s3,9658
ENSMUSG00000057672,Pkn1,62874
ENSMUSG00000057674,Krtap2-22,663
ENSMUSG00000057691,Zfp746,88366
ENSMUSG00000057697,Vmn1r53,1122
ENSMUSG00000057699,Tas2r131,1036
ENSMUSG00000057706,Mex3b,3481
ENSMUSG00000057715,A830018L16Rik,101074
ENSMUSG00000057716,Tmem178b,6585
ENSMUSG00000057719,Sh3rf2,20474
ENSMUSG00000057722,Lepr,31516
ENSMUSG00000057723,Krt33b,1581
ENSMUSG00000057726,Serpinb9g,1927
ENSMUSG00000057729,Prtn3,3606
ENSMUSG00000057735,Or4c99,3344
ENSMUSG00000057738,Sptan1,98094
ENSMUSG00000057751,Megf6,14717
ENSMUSG00000057754,Tas2r106,927
ENSMUSG00000057761,Or5m10b,948
ENSMUSG00000057762,Plp2rt,1030
ENSMUSG00000057766,Ankrd29,68740
ENSMUSG00000057770,Or52n2c,4570
ENSMUSG00000057777,Mab21l2,4937
ENSMUSG00000057778,Cyb5d2,21075
ENSMUSG00000057788,Ddx49,5580
ENSMUSG00000057789,Bak1,7807
ENSMUSG00000057801,Or2n1c,3996
ENSMUSG00000057805,1700084M14Rik,1168
ENSMUSG00000057816,Cfap299,4884
ENSMUSG00000057817,Or5b96,3461
ENSMUSG00000057835,Zfp119a,4709
ENSMUSG00000057836,Xlr3a,16272
ENSMUSG00000057841,Rpl32,12053
ENSMUSG00000057842,Zfp595,19240
ENSMUSG00000057855,Krtap20-1,964
ENSMUSG00000057858,Fam204a,124313
ENSMUSG00000057863,Rpl36,6385
ENSMUSG00000057880,Abat,91028
ENSMUSG00000057890,Or1x6,942
ENSMUSG00000057894,Zfp329,17054
ENSMUSG00000057895,Zfp105,20816
ENSMUSG00000057897,Camk2b,347653
ENSMUSG00000057899,Adgrf2,5848
ENSMUSG00000057903,Or11g24,4511
ENSMUSG00000057914,Cacnb2,16362
ENSMUSG00000057933,Gsta2,8087
ENSMUSG00000057948,Unc13d,33642
ENSMUSG00000057963,Itpk1,32567
ENSMUSG00000057967,Fgf18,5445
ENSMUSG00000057969,Sema3b,84171
ENSMUSG00000057977,Skint11,2213
ENSMUSG00000057981,Vmn1r12,14054
ENSMUSG00000057982,Zfp809,21997
ENSMUSG00000057997,Or13a26,2745
ENSMUSG00000058005,Tdpoz3,1098
ENSMUSG00000058006,Mdn1,37773
ENSMUSG00000058013,Septin11,94216
ENSMUSG00000058014,Or5p76,4341
ENSMUSG00000058017,Serpinb3d,1216
ENSMUSG00000058019,Ces5a,2042
ENSMUSG00000058022,Adtrp,9507
ENSMUSG00000058028,Zscan5b,3387
ENSMUSG00000058030,Vmn1r237,2703
ENSMUSG00000058046,4933430I17Rik,9340
ENSMUSG00000058052,Defb35,267
ENSMUSG00000058056,Palld,82702
ENSMUSG00000058057,Tmt1a3,1689
ENSMUSG00000058063,Trim31,2257
ENSMUSG00000058070,Eml1,79178
ENSMUSG00000058071,Or6c219,2806
ENSMUSG00000058076,Sdhc,25421
ENSMUSG00000058084,Or9k2,4661
ENSMUSG00000058093,Zfp729b,14655
ENSMUSG00000058099,Nfam1,21448
ENSMUSG00000058114,Or14j6,4828
ENSMUSG00000058119,Prss1l,823
ENSMUSG00000058124,H2-M10.3,1593
ENSMUSG00000058126,Tpm3-rs7,2147
ENSMUSG00000058132,Vmn1r82,9353
ENSMUSG00000058135,Gstm1,24687
ENSMUSG00000058145,Adamts17,21562
ENSMUSG00000058147,Xlr3c,16460
ENSMUSG00000058152,Chsy3,3572
ENSMUSG00000058153,Sez6l,89631
ENSMUSG00000058159,T2,7047
ENSMUSG00000058163,Gm5431,8508
ENSMUSG00000058172,Krtap6-1,594
ENSMUSG00000058173,Smco4,16475
ENSMUSG00000058174,Gm5148,19422
ENSMUSG00000058183,Mmel1,8109
ENSMUSG00000058186,Zfp980,25848
ENSMUSG00000058188,Or11h7,1932
ENSMUSG00000058192,Zfp846,34491
ENSMUSG00000058194,Or12e7,2772
ENSMUSG00000058200,Or51b4,4016
ENSMUSG00000058207,Serpina3k,49117
ENSMUSG00000058216,Gstp3,2835
ENSMUSG00000058230,Arhgap35,27929
ENSMUSG00000058239,Usf2,9621
ENSMUSG00000058240,Cryzl1,71232
ENSMUSG00000058244,Or5p78,4236
ENSMUSG00000058246,Krbox5,9586
ENSMUSG00000058248,Kcnh1,49772
ENSMUSG00000058250,Tas2r138,996
ENSMUSG00000058251,Or6c69c,3605
ENSMUSG00000058252,Tcp11x2,1781
ENSMUSG00000058254,Tspan7,26946
ENSMUSG00000058258,Idi1,8491
ENSMUSG00000058260,Serpina9,11099
ENSMUSG00000058267,Mrps14,12461
ENSMUSG00000058270,Or8c9,8909
ENSMUSG00000058275,Or1d2,2725
ENSMUSG00000058287,Gm12253,1356
ENSMUSG00000058290,Espl1,37307
ENSMUSG00000058291,Zfp68,62375
ENSMUSG00000058295,Prp2,1074
ENSMUSG00000058297,Spock2,9274
ENSMUSG00000058298,Mcm9,23547
ENSMUSG00000058301,Upf1,65581
ENSMUSG00000058317,Ube2e2,4131
ENSMUSG00000058318,Phf21a,35242
ENSMUSG00000058325,Dock1,16412
ENSMUSG00000058328,Xlr5a,44091
ENSMUSG00000058331,Zfp85,26015
ENSMUSG00000058349,Tas2r117,1158
ENSMUSG00000058351,Uqcc5,10341
ENSMUSG00000058354,Krt6a,2278
ENSMUSG00000058355,Abce1,57756
ENSMUSG00000058368,Krtap21-1,651
ENSMUSG00000058385,H2bc8,618
ENSMUSG00000058388,Phtf1,97133
ENSMUSG00000058392,Rrp1b,39161
ENSMUSG00000058396,Gpr182,6406
ENSMUSG00000058398,Prss43,2327
ENSMUSG00000058400,Qrfpr,7176
ENSMUSG00000058402,Zfp420,54847
ENSMUSG00000058407,Txndc9,52242
ENSMUSG00000058420,Syt17,62623
ENSMUSG00000058427,Cxcl2,2970
ENSMUSG00000058435,Btnl4,1761
ENSMUSG00000058440,Nrf1,100348
ENSMUSG00000058441,Panx2,5718
ENSMUSG00000058443,Rpl10-ps3,768
ENSMUSG00000058444,Map2k5,73340
ENSMUSG00000058446,Znrf2,20815
ENSMUSG00000058447,Gm26920,2374
ENSMUSG00000058454,Dhcr7,70840
ENSMUSG00000058470,Gm8369,4034
ENSMUSG00000058486,Wdr91,21800
ENSMUSG00000058488,Kl,12757
ENSMUSG00000058491,Or7e175,1783
ENSMUSG00000058498,Rnf207,23087
ENSMUSG00000058499,Pip,1357
ENSMUSG00000058503,Fam133b,14168
ENSMUSG00000058513,Or6c211,9016
ENSMUSG00000058515,Or8d1b,5478
ENSMUSG00000058523,Mup5,925
ENSMUSG00000058537,Duxf1,2514
ENSMUSG00000058546,Rpl23a,1130
ENSMUSG00000058550,Dppa4,34607
ENSMUSG00000058558,Rpl5,25976
ENSMUSG00000058568,Defb50,940
ENSMUSG00000058569,Tmed9,7650
ENSMUSG00000058571,Gpc6,14685
ENSMUSG00000058579,Cela2a,1493
ENSMUSG00000058586,Serhl,3950
ENSMUSG00000058587,Tmod3,30162
ENSMUSG00000058589,Anks1b,66010
ENSMUSG00000058594,Fbh1,60155
ENSMUSG00000058600,Rpl30,13086
ENSMUSG00000058618,Defa39,1562
ENSMUSG00000058620,Adra2b,7950
ENSMUSG00000058624,Gda,15832
ENSMUSG00000058626,Capn11,3176
ENSMUSG00000058628,Or8b12b,3043
ENSMUSG00000058631,Vmn1r63,2172
ENSMUSG00000058638,Zfp110,27756
ENSMUSG00000058643,Speer4f1,1256
ENSMUSG00000058655,Eif4b,49649
ENSMUSG00000058656,Samd12,38106
ENSMUSG00000058659,Or7e165,2454
ENSMUSG00000058662,Or52a5b,2829
ENSMUSG00000058665,En1,2663
ENSMUSG00000058669,Nkx2-9,1316
ENSMUSG00000058670,Dmtf1l,3407
ENSMUSG00000058672,Tubb2a,26077
ENSMUSG00000058685,Vmn2r51,2641
ENSMUSG00000058690,Ccser2,67484
ENSMUSG00000058692,Or7g28,5284
ENSMUSG00000058704,Memo1,43151
ENSMUSG00000058706,0610030E20Rik,4605
ENSMUSG00000058709,Egln2,65680
ENSMUSG00000058715,Fcer1g,5432
ENSMUSG00000058717,Lypd11,1689
ENSMUSG00000058725,Krtap2-21,396
ENSMUSG00000058728,Cd300c,700
ENSMUSG00000058729,Lin9,11354
ENSMUSG00000058740,Kcnt1,131899
ENSMUSG00000058741,Prr19,4719
ENSMUSG00000058743,Kcnj14,5111
ENSMUSG00000058748,Zfp958,4287
ENSMUSG00000058755,Osm,2272
ENSMUSG00000058756,Thra,79215
ENSMUSG00000058761,Rnf169,14205
ENSMUSG00000058773,H1f5,743
ENSMUSG00000058793,Cds2,29593
ENSMUSG00000058794,Nfe2,16043
ENSMUSG00000058799,Nap1l1,88682
ENSMUSG00000058802,Or1o2,10154
ENSMUSG00000058806,Col13a1,9363
ENSMUSG00000058807,Or2t49,1932
ENSMUSG00000058818,Pirb,45523
ENSMUSG00000058820,Or8g17,2712
ENSMUSG00000058831,Opn1sw,4631
ENSMUSG00000058833,Rex1bd,3281
ENSMUSG00000058835,Abi1,106054
ENSMUSG00000058856,Or8g33,1056
ENSMUSG00000058881,Zfp516,62246
ENSMUSG00000058883,Zfp708,12448
ENSMUSG00000058884,Or5m13,3578
ENSMUSG00000058886,Deaf1,67347
ENSMUSG00000058897,Col25a1,11428
ENSMUSG00000058900,Rsl1,5682
ENSMUSG00000058904,Or9s23,2806
ENSMUSG00000058908,Pla2g2a,788
ENSMUSG00000058914,C1qtnf3,7651
ENSMUSG00000058921,Slc10a5,3923
ENSMUSG00000058925,Ccdc192,11518
ENSMUSG00000058927,Gm10053,946
ENSMUSG00000058932,Gm2174,402
ENSMUSG00000058935,Tex48,2715
ENSMUSG00000058952,Cfi,2182
ENSMUSG00000058966,Tlcd3b,12122
ENSMUSG00000058975,Kcnc1,35755
ENSMUSG00000058976,Usp17lc,7267
ENSMUSG00000058979,Hdhd5,24854
ENSMUSG00000058981,Or10j7,7167
ENSMUSG00000058997,Vwa8,67056
ENSMUSG00000059003,Grin2a,33895
ENSMUSG00000059005,Hnrnpa3,38234
ENSMUSG00000059013,Sh2d3c,13051
ENSMUSG00000059022,Kcp,20092
ENSMUSG00000059023,Or4c11b,3526
ENSMUSG00000059030,Or14j7,4694
ENSMUSG00000059031,Or5p58,3584
ENSMUSG00000059040,Eno1b,3538
ENSMUSG00000059042,Klk1b9,870
ENSMUSG00000059043,Or2c1,13334
ENSMUSG00000059049,Frem1,18996
ENSMUSG00000059060,Rad51b,9181
ENSMUSG00000059069,Or11h4,2346
ENSMUSG00000059070,Rpl18,17038
ENSMUSG00000059077,Pth,1427
ENSMUSG00000059087,Or2ag16,8966
ENSMUSG00000059089,Fcgr4,2303
ENSMUSG00000059105,Or9i16,2599
ENSMUSG00000059106,Or10d4c,4323
ENSMUSG00000059108,Ifitm6,2947
ENSMUSG00000059112,Or4c52,9615
ENSMUSG00000059113,Krtap20-20,465
ENSMUSG00000059114,Lrrc74a,7347
ENSMUSG00000059119,Nap1l4,143127
ENSMUSG00000059128,Ifnl2,702
ENSMUSG00000059134,Or6c70,8550
ENSMUSG00000059136,Or13a25,12446
ENSMUSG00000059142,Zfp945,40588
ENSMUSG00000059146,Ntrk3,223514
ENSMUSG00000059149,Mfsd4a,46367
ENSMUSG00000059169,Krt40,2400
ENSMUSG00000059173,Pde1a,45675
ENSMUSG00000059182,Skap2,50328
ENSMUSG00000059183,Mtfmt,6256
ENSMUSG00000059187,Tafa1,9207
ENSMUSG00000059189,Or8b49,2441
ENSMUSG00000059201,Lep,12996
ENSMUSG00000059203,Il1rapl2,7473
ENSMUSG00000059205,Or10ag60,5335
ENSMUSG00000059206,Vmn1r71,51232
ENSMUSG00000059208,Hnrnpm,15669
ENSMUSG00000059213,Ddn,7479
ENSMUSG00000059218,Pramel26,2964
ENSMUSG00000059230,Defb4,454
ENSMUSG00000059246,Foxb1,2984
ENSMUSG00000059248,Septin9,17186
ENSMUSG00000059251,Or1j16,936
ENSMUSG00000059256,Gzmd,964
ENSMUSG00000059263,Usp47,346174
ENSMUSG00000059273,Zc3h4,25131
ENSMUSG00000059278,Naa38,2405
ENSMUSG00000059279,Or2t43,6745
ENSMUSG00000059280,Vpreb1b,6957
ENSMUSG00000059288,Cdyl,10734
ENSMUSG00000059291,Rpl11,9052
ENSMUSG00000059303,Or7g21,11046
ENSMUSG00000059305,Vpreb1a,4290
ENSMUSG00000059316,Slc27a4,44799
ENSMUSG00000059319,Or14c41,6943
ENSMUSG00000059323,Tonsl,16952
ENSMUSG00000059325,Hopx,13812
ENSMUSG00000059326,Csf2ra,6942
ENSMUSG00000059327,Eda,37066
ENSMUSG00000059334,Zfp36l3,4986
ENSMUSG00000059336,Slc14a1,18469
ENSMUSG00000059343,Aldoart1,4102
ENSMUSG00000059355,Wdr83os,4452
ENSMUSG00000059361,Nrsn2,24007
ENSMUSG00000059363,Fxn,19440
ENSMUSG00000059366,Or10d1,11010
ENSMUSG00000059371,Or6k14,4814
ENSMUSG00000059375,Vmn1r33,3450
ENSMUSG00000059379,Or9g8,3365
ENSMUSG00000059382,Tas2r120,892
ENSMUSG00000059383,Gfral,2080
ENSMUSG00000059395,Nkapl,1463
ENSMUSG00000059397,Or1x2,10772
ENSMUSG00000059401,Mamld1,37646
ENSMUSG00000059406,Tmprss9,7133
ENSMUSG00000059408,Mrgprh,25626
ENSMUSG00000059409,Ppp2r5d,27151
ENSMUSG00000059410,Tas2r125,937
ENSMUSG00000059411,Or2a20,2374
ENSMUSG00000059412,Fxyd2,7166
ENSMUSG00000059423,Zfp933,4925
ENSMUSG00000059429,Or1l4,11646
ENSMUSG00000059430,Actg2,6552
ENSMUSG00000059434,Gckr,12879
ENSMUSG00000059436,Max,16801
ENSMUSG00000059439,Bcas3,27304
ENSMUSG00000059447,Hadhb,106397
ENSMUSG00000059455,Plac8l1,3939
ENSMUSG00000059456,Ptk2b,119357
ENSMUSG00000059460,Or10ad1b,4790
ENSMUSG00000059463,Spag11b,2082
ENSMUSG00000059473,Or10g9,4442
ENSMUSG00000059474,Mbtd1,179431
ENSMUSG00000059475,Zfp426,87295
ENSMUSG00000059479,B3gnt8,3226
ENSMUSG00000059481,Plg,2761
ENSMUSG00000059482,Cfap418,24310
ENSMUSG00000059486,Kbtbd2,78441
ENSMUSG00000059488,Or4k15,3651
ENSMUSG00000059493,Nhs,13686
ENSMUSG00000059495,Arhgef12,88986
ENSMUSG00000059498,Fcgr3,18076
ENSMUSG00000059503,Or10x4,1010
ENSMUSG00000059504,Or2t44,3778
ENSMUSG00000059518,Znhit1,4892
ENSMUSG00000059534,Uqcr10,3745
ENSMUSG00000059540,Tcea2,6444
ENSMUSG00000059547,Fbxw26,1824
ENSMUSG00000059552,Trp53,48913
ENSMUSG00000059554,Ccdc28a,6554
ENSMUSG00000059555,Tor4a,6868
ENSMUSG00000059562,Ccdc154,6813
ENSMUSG00000059586,Nsmce2,40174
ENSMUSG00000059588,Calcrl,7799
ENSMUSG00000059595,Or8g21,2620
ENSMUSG00000059602,Syn3,20793
ENSMUSG00000059606,Rnase2b,759
ENSMUSG00000059610,Or2b11,5821
ENSMUSG00000059623,Or7d9,4056
ENSMUSG00000059625,Sohlh1,1380
ENSMUSG00000059626,Rhox3e,1701
ENSMUSG00000059632,Krtap8-1,574
ENSMUSG00000059639,Clec4a4,1121
ENSMUSG00000059645,Gm7361,2995
ENSMUSG00000059648,Rnase11,713
ENSMUSG00000059654,Reg1,3034
ENSMUSG00000059657,Stfa2l1,860
ENSMUSG00000059663,Samt2b,919
ENSMUSG00000059668,Krt4,2133
ENSMUSG00000059669,Taf1b,26803
ENSMUSG00000059674,Cdh24,5890
ENSMUSG00000059687,Or1o11,2076
ENSMUSG00000059689,Zfp637,44588
ENSMUSG00000059690,1700020N15Rik,526
ENSMUSG00000059708,Akap17b,41081
ENSMUSG00000059713,Rcan3,42830
ENSMUSG00000059714,Flot1,32278
ENSMUSG00000059729,Or2y1,5342
ENSMUSG00000059734,Ndufs8,14299
ENSMUSG00000059741,Myl3,17891
ENSMUSG00000059742,Kcnh7,20206
ENSMUSG00000059743,Fdps,73848
ENSMUSG00000059762,Or6c8,6579
ENSMUSG00000059763,Taar2,1020
ENSMUSG00000059768,Or56a42,934
ENSMUSG00000059772,Slx1b,9914
ENSMUSG00000059791,Nrm,4088
ENSMUSG00000059796,Eif4a1,11652
ENSMUSG00000059810,Rgs3,27243
ENSMUSG00000059811,Atl2,54257
ENSMUSG00000059816,Shisal2a,1352
ENSMUSG00000059820,Nkapd1,63220
ENSMUSG00000059821,Or7g29,3324
ENSMUSG00000059824,Dbp,6690
ENSMUSG00000059832,Kprp,2729
ENSMUSG00000059834,Sclt1,19434
ENSMUSG00000059839,Zfp874b,3744
ENSMUSG00000059842,Zfp341,7555
ENSMUSG00000059845,Krtap9-22,1043
ENSMUSG00000059851,Kmt5c,60960
ENSMUSG00000059852,Kcng2,108444
ENSMUSG00000059854,Hydin,16057
ENSMUSG00000059857,Ntng1,20645
ENSMUSG00000059862,Or9k2b,6466
ENSMUSG00000059864,Or2y1g,3946
ENSMUSG00000059866,Tnip2,17706
ENSMUSG00000059867,Or10d4b,2215
ENSMUSG00000059873,Or5m11b,4804
ENSMUSG00000059874,Or52e19b,1960
ENSMUSG00000059878,Zfp422,28679
ENSMUSG00000059883,Irak4,20228
ENSMUSG00000059887,Or4e5,3915
ENSMUSG00000059890,Ube4a,98880
ENSMUSG00000059891,Tsks,16725
ENSMUSG00000059895,Ptp4a3,130914
ENSMUSG00000059897,Zfp930,8533
ENSMUSG00000059898,Dsc3,10667
ENSMUSG00000059900,Tmem40,28397
ENSMUSG00000059901,Adamts14,16817
ENSMUSG00000059908,Mug1,15396
ENSMUSG00000059910,Or4x11,6631
ENSMUSG00000059920,4930453N24Rik,17718
ENSMUSG00000059921,Unc5c,28830
ENSMUSG00000059923,Grb2,46625
ENSMUSG00000059934,Prh1,993
ENSMUSG00000059939,9430015G10Rik,48601
ENSMUSG00000059956,Serpinb12,5097
ENSMUSG00000059964,Or10al3,3363
ENSMUSG00000059970,Hspa2,13353
ENSMUSG00000059974,Ntm,7397
ENSMUSG00000059975,Zfp74,47791
ENSMUSG00000059981,Taok2,49003
ENSMUSG00000059991,Nptx2,9187
ENSMUSG00000059994,Fcrl1,13350
ENSMUSG00000059995,Atxn7l3,37133
ENSMUSG00000060002,Chpt1,49224
ENSMUSG00000060012,Kif13b,37918
ENSMUSG00000060017,Or10al5,2907
ENSMUSG00000060024,Vmn1r213,14012
ENSMUSG00000060030,Or2w3b,6777
ENSMUSG00000060032,H2aj,3026
ENSMUSG00000060034,Ctf2,3579
ENSMUSG00000060036,Rpl3,4808
ENSMUSG00000060038,Dhps,8207
ENSMUSG00000060044,Tmem26,5048
ENSMUSG00000060049,Or5an11,14211
ENSMUSG00000060057,Or5h25,3864
ENSMUSG00000060063,Alox5ap,13827
ENSMUSG00000060070,Defa26,372
ENSMUSG00000060073,Psma3,82244
ENSMUSG00000060081,H2ac1,390
ENSMUSG00000060084,Or11h23,4556
ENSMUSG00000060090,Rp2,26440
ENSMUSG00000060093,H4c1,1646
ENSMUSG00000060098,Prmt7,50099
ENSMUSG00000060105,Or56b1b,958
ENSMUSG00000060112,Or13a27,12043
ENSMUSG00000060114,Or8b46,1996
ENSMUSG00000060121,Gemin2,30695
ENSMUSG00000060126,Tpt1,18742
ENSMUSG00000060131,Atp8b4,12236
ENSMUSG00000060147,Serpinb6a,88335
ENSMUSG00000060152,Pop5,8741
ENSMUSG00000060166,Zdhhc8,17495
ENSMUSG00000060170,Or2y6,936
ENSMUSG00000060176,Kif27,21335
ENSMUSG00000060177,Klk1b22,855
ENSMUSG00000060180,Myh13,17994
ENSMUSG00000060181,Slc35e3,14081
ENSMUSG00000060183,Cxcl11,3794
ENSMUSG00000060187,Lrrc10,1428
ENSMUSG00000060188,Cxcl17,906
ENSMUSG00000060201,Spink7,540
ENSMUSG00000060204,Slc10a4-ps,6033
ENSMUSG00000060205,Or7a41,2727
ENSMUSG00000060206,Zfp462,22637
ENSMUSG00000060208,Defa17,1231
ENSMUSG00000060212,Pcnx2,40565
ENSMUSG00000060216,Arrb2,21520
ENSMUSG00000060224,Pyroxd2,20441
ENSMUSG00000060227,Golm2,40837
ENSMUSG00000060240,Cend1,13911
ENSMUSG00000060244,Alyref2,1279
ENSMUSG00000060245,Vmn1r228,16449
ENSMUSG00000060254,Or10g9b,3983
ENSMUSG00000060256,Tdpoz4,1113
ENSMUSG00000060257,Scrt2,4116
ENSMUSG00000060260,Pwwp2b,19355
ENSMUSG00000060261,Gtf2i,257264
ENSMUSG00000060268,Armh1,9156
ENSMUSG00000060275,Nrg2,5982
ENSMUSG00000060279,Ap2a1,6832
ENSMUSG00000060284,Sp7,15671
ENSMUSG00000060288,Ppih,12538
ENSMUSG00000060301,2610008E11Rik,29916
ENSMUSG00000060303,Or5b97,3699
ENSMUSG00000060311,Mucl1,1164
ENSMUSG00000060314,Zfp941,31174
ENSMUSG00000060317,Acnat2,13969
ENSMUSG00000060332,Tmc2,5883
ENSMUSG00000060335,Or1e25,3515
ENSMUSG00000060336,Zfp937,4012
ENSMUSG00000060371,Caln1,314695
ENSMUSG00000060373,Hnrnpc,161781
ENSMUSG00000060376,Bckdha,16311
ENSMUSG00000060397,Zfp128,3834
ENSMUSG00000060402,Chst8,48732
ENSMUSG00000060404,Or2w1b,15228
ENSMUSG00000060407,Cyp2a12,1681
ENSMUSG00000060412,Tas2r124,930
ENSMUSG00000060427,Zfp868,6446
ENSMUSG00000060429,Sntb1,17338
ENSMUSG00000060441,Trim5,14546
ENSMUSG00000060445,Sycp2,5727
ENSMUSG00000060450,Rnf14,250082
ENSMUSG00000060459,Kng2,15952
ENSMUSG00000060461,Dppa5a,30407
ENSMUSG00000060469,Krtap19-3,526
ENSMUSG00000060470,Adgrg3,7119
ENSMUSG00000060475,Wtap,29113
ENSMUSG00000060477,Irak2,26227
ENSMUSG00000060480,Or2aj6,2351
ENSMUSG00000060487,Samd5,12248
ENSMUSG00000060491,4930522H14Rik,2409
ENSMUSG00000060499,Rpl10l,2460
ENSMUSG00000060503,Or2d2,6245
ENSMUSG00000060508,Nlrp9b,15462
ENSMUSG00000060509,Xcr1,4453
ENSMUSG00000060510,Zfp266,93588
ENSMUSG00000060512,Pgcka1,15388
ENSMUSG00000060519,Tor3a,12530
ENSMUSG00000060523,Or4k15c,11172
ENSMUSG00000060534,Dcc,15217
ENSMUSG00000060538,Tmem219,12544
ENSMUSG00000060548,Tnfrsf19,51829
ENSMUSG00000060550,H2-Q7,22449
ENSMUSG00000060556,Or10v9,5118
ENSMUSG00000060560,Ces4a,2433
ENSMUSG00000060565,Gm5591,3441
ENSMUSG00000060568,Fam78b,12666
ENSMUSG00000060572,Mfap2,14255
ENSMUSG00000060579,Fhit,3404
ENSMUSG00000060583,Or8b35,5185
ENSMUSG00000060586,H2-Eb1,19422
ENSMUSG00000060591,Ifitm2,4754
ENSMUSG00000060594,Layn,12430
ENSMUSG00000060600,Eno3,60118
ENSMUSG00000060601,Nr1h2,55010
ENSMUSG00000060613,Cyp2c70,7667
ENSMUSG00000060615,Ang4,2960
ENSMUSG00000060621,Nkpd1,8195
ENSMUSG00000060630,Zfp735,3746
ENSMUSG00000060636,Rpl35a,9003
ENSMUSG00000060639,H4c9,727
ENSMUSG00000060657,Marf1,37445
ENSMUSG00000060663,Or5k8,2378
ENSMUSG00000060671,Atp8b2,39686
ENSMUSG00000060673,Srsf19,2644
ENSMUSG00000060675,Plaat3,50178
ENSMUSG00000060678,H4c3,820
ENSMUSG00000060679,Mrps9,30563
ENSMUSG00000060681,Slc9a6,19016
ENSMUSG00000060685,Fthl17c,850
ENSMUSG00000060688,Or14c39,3211
ENSMUSG00000060691,Krtap19-1,495
ENSMUSG00000060699,Vmn1r35,9107
ENSMUSG00000060701,Fpr-rs3,1032
ENSMUSG00000060703,Cd302,10373
ENSMUSG00000060708,Bloc1s4,1273
ENSMUSG00000060715,1700019A02Rik,7442
ENSMUSG00000060716,Plekhh1,41407
ENSMUSG00000060724,Vmn1r47,21175
ENSMUSG00000060726,Tmsb15a,1473
ENSMUSG00000060733,Ipmk,35656
ENSMUSG00000060735,Rxfp3,4275
ENSMUSG00000060738,Prl7c1,1016
ENSMUSG00000060739,Nsa2,14441
ENSMUSG00000060742,Or8k30,942
ENSMUSG00000060743,H3f3a,77261
ENSMUSG00000060747,Ifnl3,582
ENSMUSG00000060756,Krtap2-4,828
ENSMUSG00000060759,Or52n4b,1938
ENSMUSG00000060765,Or2t46,2714
ENSMUSG00000060771,Tsga10,129726
ENSMUSG00000060780,Lrrtm1,10933
ENSMUSG00000060787,Or4d1,5428
ENSMUSG00000060791,Gmfg,4136
ENSMUSG00000060794,Tssk5,1518
ENSMUSG00000060798,Intu,31340
ENSMUSG00000060802,B2m,7196
ENSMUSG00000060803,Gstp1,6139
ENSMUSG00000060807,Serpina6,6021
ENSMUSG00000060816,Vmn1r52,20904
ENSMUSG00000060827,Or4s2b,8176
ENSMUSG00000060843,Ctnna3,32442
ENSMUSG00000060860,Ube2s,4086
ENSMUSG00000060862,Zbtb40,11214
ENSMUSG00000060863,Tcl1b2,2076
ENSMUSG00000060878,Or10v1,4442
ENSMUSG00000060882,Kcnd2,5788
ENSMUSG00000060888,Or51f1,3106
ENSMUSG00000060890,Arr3,2614
ENSMUSG00000060904,Arl1,4022
ENSMUSG00000060913,Trim55,42010
ENSMUSG00000060918,Or1ad8,3743
ENSMUSG00000060923,Acyp2,40708
ENSMUSG00000060924,Csmd1,14182
ENSMUSG00000060935,Tmem263,13655
ENSMUSG00000060938,Rpl26,17610
ENSMUSG00000060950,Trmt61a,14868
ENSMUSG00000060961,Slc4a4,77354
ENSMUSG00000060962,Dmkn,6737
ENSMUSG00000060967,Etd,1013
ENSMUSG00000060969,Irx1,2379
ENSMUSG00000060974,Or12j3,3038
ENSMUSG00000060981,H4c8,470
ENSMUSG00000060985,Tdrd5,44297
ENSMUSG00000060988,Galnt13,27922
ENSMUSG00000060992,Copz1,29400
ENSMUSG00000061000,Or5p79,951
ENSMUSG00000061013,Mkx,44326
ENSMUSG00000061022,Vmn1r222,6208
ENSMUSG00000061024,Rrs1,2048
ENSMUSG00000061028,Clasrp,20722
ENSMUSG00000061032,Rrp1,14127
ENSMUSG00000061039,Or8b53,5711
ENSMUSG00000061046,Haghl,36494
ENSMUSG00000061048,Cdh3,15623
ENSMUSG00000061065,H2al1o,509
ENSMUSG00000061068,Mcpt4,1108
ENSMUSG00000061079,Zfp143,33680
ENSMUSG00000061080,Lsamp,11924
ENSMUSG00000061082,Plac1,5573
ENSMUSG00000061086,Myl4,23602
ENSMUSG00000061099,Gapdhs,2825
ENSMUSG00000061100,Retnla,1217
ENSMUSG00000061104,Sap18b,789
ENSMUSG00000061111,Mcrip1,13539
ENSMUSG00000061118,Dnajc30,1661
ENSMUSG00000061119,Prcp,24572
ENSMUSG00000061126,Cyp4f39,4322
ENSMUSG00000061130,Ppm1b,145733
ENSMUSG00000061132,Blnk,6279
ENSMUSG00000061136,Prpf40a,77139
ENSMUSG00000061143,Maml3,13738
ENSMUSG00000061144,Spink12,2814
ENSMUSG00000061165,Or8a1b,6116
ENSMUSG00000061171,Slc38a11,18859
ENSMUSG00000061175,Fnip2,31477
ENSMUSG00000061184,Tmprss11c,2872
ENSMUSG00000061186,Sfmbt2,31832
ENSMUSG00000061195,Or4f4b,2657
ENSMUSG00000061207,Stk19,7344
ENSMUSG00000061208,Vmn1r8,4499
ENSMUSG00000061210,Or2a57,2662
ENSMUSG00000061232,H2-K1,29141
ENSMUSG00000061244,Exoc5,62432
ENSMUSG00000061246,Or1e27,1513
ENSMUSG00000061259,Tmprss11d,4972
ENSMUSG00000061273,Mmgt1,8836
ENSMUSG00000061286,Exosc5,16871
ENSMUSG00000061288,Taok3,67673
ENSMUSG00000061292,Cyp3a59,3790
ENSMUSG00000061295,Or4c126,7009
ENSMUSG00000061296,Vmn1r210,7537
ENSMUSG00000061298,Agbl4,11996
ENSMUSG00000061306,Slc38a10,158676
ENSMUSG00000061311,Rag1,6663
ENSMUSG00000061313,Ddhd2,50597
ENSMUSG00000061315,Naca,34046
ENSMUSG00000061322,Dnai1,5358
ENSMUSG00000061336,Or14j10,5443
ENSMUSG00000061342,Or5d40,3261
ENSMUSG00000061353,Cxcl12,15135
ENSMUSG00000061356,Nuggc,5312
ENSMUSG00000061360,Phf5a,13243
ENSMUSG00000061361,Or2l13b,3144
ENSMUSG00000061367,Or6c202,3052
ENSMUSG00000061371,Zfp873,10860
ENSMUSG00000061374,Fiz1,40022
ENSMUSG00000061376,Vmn1r219,26498
ENSMUSG00000061387,Or10w1,6116
ENSMUSG00000061388,Csn1s2b,4092
ENSMUSG00000061392,Mageb5,1357
ENSMUSG00000061393,Acvr2b,109593
ENSMUSG00000061397,Krt79,2097
ENSMUSG00000061410,Zcchc14,21598
ENSMUSG00000061411,Nol4l,19370
ENSMUSG00000061414,Cracr2a,35936
ENSMUSG00000061436,Hipk2,59581
ENSMUSG00000061451,Tmem151a,16203
ENSMUSG00000061455,Stx17,11602
ENSMUSG00000061457,Or7h8,1147
ENSMUSG00000061458,Nol10,16452
ENSMUSG00000061461,Smim20,4724
ENSMUSG00000061462,Obscn,117787
ENSMUSG00000061469,Msantd5,6531
ENSMUSG00000061474,Mrps36,13575
ENSMUSG00000061477,Rps7,10621
ENSMUSG00000061479,Snrpa,11143
ENSMUSG00000061482,H4c4,1138
ENSMUSG00000061489,Or13a19,6187
ENSMUSG00000061517,Sox21,3799
ENSMUSG00000061518,Cox5b,8688
ENSMUSG00000061520,Or5w22,1258
ENSMUSG00000061524,Zic2,6589
ENSMUSG00000061525,4921509C19Rik,2684
ENSMUSG00000061527,Krt5,2210
ENSMUSG00000061531,Tmem236,3659
ENSMUSG00000061533,Cep128,53667
ENSMUSG00000061535,C1qtnf7,17572
ENSMUSG00000061536,Sec22c,17111
ENSMUSG00000061540,Orm2,775
ENSMUSG00000061544,Zfp229,40491
ENSMUSG00000061549,Or14c44,1937
ENSMUSG00000061559,Skic8,29205
ENSMUSG00000061561,Or2z9,9013
ENSMUSG00000061576,Dpp6,46926
ENSMUSG00000061577,Adgrg5,8703
ENSMUSG00000061578,Ksr2,30798
ENSMUSG00000061584,Lyg2,5127
ENSMUSG00000061589,Dot1l,20839
ENSMUSG00000061601,Pclo,36930
ENSMUSG00000061602,Vmn1r78,16973
ENSMUSG00000061603,Akap6,94291
ENSMUSG00000061607,Mdc1,28441
ENSMUSG00000061613,U2af1,11249
ENSMUSG00000061614,Or7g27,7960
ENSMUSG00000061615,H2ac4,473
ENSMUSG00000061616,Or9s13,5279
ENSMUSG00000061626,Or52a5,5041
ENSMUSG00000061633,Ndufb11b,1024
ENSMUSG00000061637,Or5b104,5321
ENSMUSG00000061650,Med9,7994
ENSMUSG00000061653,Vmn1r46,33516
ENSMUSG00000061665,Cd2ap,34521
ENSMUSG00000061666,Gdpd1,20380
ENSMUSG00000061689,Dlgap4,120174
ENSMUSG00000061701,Fbxw20,1511
ENSMUSG00000061702,Tmem91,22945
ENSMUSG00000061707,Gm4871,2240
ENSMUSG00000061718,Ppp1r1b,21434
ENSMUSG00000061723,Tnnt3,305368
ENSMUSG00000061731,Ext1,7710
ENSMUSG00000061740,Cyp2d22,33759
ENSMUSG00000061742,Slc22a12,2226
ENSMUSG00000061751,Kalrn,67182
ENSMUSG00000061755,Bod1l,72842
ENSMUSG00000061758,Akr1b10,5107
ENSMUSG00000061759,Armt1,15274
ENSMUSG00000061762,Tac1,19275
ENSMUSG00000061769,Klra6,2107
ENSMUSG00000061778,Mospd2,34743
ENSMUSG00000061780,Cfd,11530
ENSMUSG00000061787,Rps17,3217
ENSMUSG00000061798,Or4c106,7865
ENSMUSG00000061802,Odad2,10202
ENSMUSG00000061808,Ttr,8982
ENSMUSG00000061809,Tbpl2,1379
ENSMUSG00000061815,Rufy4,5770
ENSMUSG00000061816,Myl1,17610
ENSMUSG00000061825,Ces2c,1970
ENSMUSG00000061829,Vmn1r214,9025
ENSMUSG00000061838,Suclg2,35499
ENSMUSG00000061845,Defa35,398
ENSMUSG00000061847,Defb39,252
ENSMUSG00000061859,Patj,51886
ENSMUSG00000061875,Or12e13,4040
ENSMUSG00000061877,BC048679,4459
ENSMUSG00000061878,Sphk1,32375
ENSMUSG00000061882,Ccdc62,3930
ENSMUSG00000061887,Ssbp3,47058
ENSMUSG00000061894,Zscan20,38191
ENSMUSG00000061898,Rbak,10456
ENSMUSG00000061904,Slc25a3,52572
ENSMUSG00000061906,Ugt2b38,1891
ENSMUSG00000061911,Myt1l,393461
ENSMUSG00000061923,Odf1,1105
ENSMUSG00000061928,Dsg1b,3970
ENSMUSG00000061937,Csn1s2a,3608
ENSMUSG00000061947,Serpina10,17418
ENSMUSG00000061950,Ppp4r1,49665
ENSMUSG00000061952,Or1ad1,5494
ENSMUSG00000061958,Defa38,351
ENSMUSG00000061959,Ces1e,10341
ENSMUSG00000061961,Or6c217,3832
ENSMUSG00000061972,Or1o4,2696
ENSMUSG00000061974,Cldn24,663
ENSMUSG00000061977,Tas2r104,909
ENSMUSG00000061979,Rcc1l,28586
ENSMUSG00000061981,Flot2,37846
ENSMUSG00000061983,Rps12,2152
ENSMUSG00000061984,Or1e32,7547
ENSMUSG00000061991,H2ac10,399
ENSMUSG00000062006,Rpl34,74986
ENSMUSG00000062007,Hsh2d,6057
ENSMUSG00000062012,Zfp13,74713
ENSMUSG00000062014,Gmfb,29527
ENSMUSG00000062017,Abca14,8015
ENSMUSG00000062028,Irgc,10276
ENSMUSG00000062031,Pgghg,40612
ENSMUSG00000062037,Or8s16,6290
ENSMUSG00000062040,Zfp27,54471
ENSMUSG00000062042,Or14a256,1008
ENSMUSG00000062044,Lmtk3,19720
ENSMUSG00000062054,Iah1,11321
ENSMUSG00000062061,Obp2a,747
ENSMUSG00000062064,Slc2a7,1578
ENSMUSG00000062070,Pgk1,5378
ENSMUSG00000062074,Ccn6,6819
ENSMUSG00000062075,Lmnb2,39983
ENSMUSG00000062077,Trim54,31023
ENSMUSG00000062078,Qki,232290
ENSMUSG00000062082,Cd200r4,5534
ENSMUSG00000062098,Btbd3,104125
ENSMUSG00000062101,Zfp119b,3967
ENSMUSG00000062103,Or8d2,4358
ENSMUSG00000062105,Or5h17,10262
ENSMUSG00000062110,Scfd2,25673
ENSMUSG00000062115,Rai1,50856
ENSMUSG00000062116,Zfp954,8618
ENSMUSG00000062121,Or10d1b,3836
ENSMUSG00000062124,Defb45,1145
ENSMUSG00000062127,Cttnbp2nl,40190
ENSMUSG00000062128,Or1e1,3451
ENSMUSG00000062132,Arhgap33os,2117
ENSMUSG00000062142,Or52r1,5686
ENSMUSG00000062148,Ear6,1606
ENSMUSG00000062151,Unc13c,24709
ENSMUSG00000062154,Cimip4,5451
ENSMUSG00000062157,Ifnlr1,9635
ENSMUSG00000062162,Mageb1,2136
ENSMUSG00000062165,Vmn1r232,4722
ENSMUSG00000062168,Ppef1,2883
ENSMUSG00000062169,Cnih4,92287
ENSMUSG00000062170,Fmr1nb,13995
ENSMUSG00000062175,Tgif2,22737
ENSMUSG00000062181,Ces3b,15100
ENSMUSG00000062184,Hs6st2,8822
ENSMUSG00000062186,Or1e35,5214
ENSMUSG00000062190,Lancl2,30419
ENSMUSG00000062198,2700097O09Rik,14546
ENSMUSG00000062199,Or5b111,2485
ENSMUSG00000062200,Vmn2r7,20936
ENSMUSG00000062201,Prl3d3,1531
ENSMUSG00000062202,Btbd9,32111
ENSMUSG00000062203,Gspt1,87883
ENSMUSG00000062204,Or2y8,936
ENSMUSG00000062209,Erbb4,24220
ENSMUSG00000062210,Tnfaip8,6962
ENSMUSG00000062232,Rapgef2,30124
ENSMUSG00000062234,Gak,4453
ENSMUSG00000062245,Or2aj5,3433
ENSMUSG00000062248,Cks2,5896
ENSMUSG00000062252,Lhfpl5,7618
ENSMUSG00000062257,Opcml,14438
ENSMUSG00000062270,Morf4l1,50198
ENSMUSG00000062272,Or10ag59,5604
ENSMUSG00000062275,Fbxw24,1488
ENSMUSG00000062278,Krtap2-20,817
ENSMUSG00000062296,Trank1,53277
ENSMUSG00000062300,Nectin2,25067
ENSMUSG00000062309,Rpp25,1423
ENSMUSG00000062310,Glrp1,5474
ENSMUSG00000062312,Erbb2,14946
ENSMUSG00000062314,Or9i1b,8355
ENSMUSG00000062327,T,2046
ENSMUSG00000062328,Rpl17,15160
ENSMUSG00000062329,Cytl1,2233
ENSMUSG00000062342,Serpinb9e,1923
ENSMUSG00000062345,Serpinb2,6751
ENSMUSG00000062352,Itgb1bp1,33211
ENSMUSG00000062369,Usp17lb,3309
ENSMUSG00000062372,Otof,34021
ENSMUSG00000062373,Tmem65,23188
ENSMUSG00000062376,Borcs7,15173
ENSMUSG00000062380,Tubb3,13643
ENSMUSG00000062382,Ftl1-ps1,2810
ENSMUSG00000062393,Dgkk,7849
ENSMUSG00000062397,Zfp706,42157
ENSMUSG00000062400,Krtap6-5,595
ENSMUSG00000062410,Hsd3b3,17716
ENSMUSG00000062421,Arf2,29717
ENSMUSG00000062426,Or14a258,1002
ENSMUSG00000062432,Cyp26c1,3974
ENSMUSG00000062433,Krtap6-2,786
ENSMUSG00000062434,Or10a3b,3879
ENSMUSG00000062438,Adam1b,3338
ENSMUSG00000062444,Ap3b2,71563
ENSMUSG00000062456,Rpl9-ps6,714
ENSMUSG00000062464,Cyp4f37,2652
ENSMUSG00000062478,Ctrc,953
ENSMUSG00000062480,Acat3,6524
ENSMUSG00000062483,Vmn1r171,34392
ENSMUSG00000062488,Ifit3b,2042
ENSMUSG00000062497,Or9s15,4694
ENSMUSG00000062510,Nsl1,23038
ENSMUSG00000062511,4930512M02Rik,715
ENSMUSG00000062515,Fabp4,12986
ENSMUSG00000062518,Zfp534,2885
ENSMUSG00000062519,Zfp398,17114
ENSMUSG00000062524,Ncr1,4435
ENSMUSG00000062526,Mppe1,85052
ENSMUSG00000062527,Or10j27,4490
ENSMUSG00000062528,Tas2r109,951
ENSMUSG00000062542,Syt9,7700
ENSMUSG00000062545,Tlr12,3177
ENSMUSG00000062546,V1ra8,3081
ENSMUSG00000062551,Prl2c1,1533
ENSMUSG00000062553,Or2d3c,5078
ENSMUSG00000062556,Scgb1b2,424
ENSMUSG00000062563,Cys1,7687
ENSMUSG00000062564,Tex28,2841
ENSMUSG00000062580,Timm17a,80259
ENSMUSG00000062585,Cnr2,7774
ENSMUSG00000062590,Armc9,144855
ENSMUSG00000062591,Tubb4a,12940
ENSMUSG00000062593,Gm49339,2781
ENSMUSG00000062598,Vmn1r178,11239
ENSMUSG00000062604,Srpk2,135801
ENSMUSG00000062608,Or5k3,3072
ENSMUSG00000062609,Kcnj15,51313
ENSMUSG00000062619,Pex39,762
ENSMUSG00000062621,Or8b47,4516
ENSMUSG00000062624,Cyp2c67,16555
ENSMUSG00000062627,Mysm1,36564
ENSMUSG00000062629,Or14j3,3713
ENSMUSG00000062638,Btnl1,2113
ENSMUSG00000062646,Ganc,70084
ENSMUSG00000062647,Rpl7a,8023
ENSMUSG00000062649,Or8g20,10570
ENSMUSG00000062651,H2al2a,542
ENSMUSG00000062661,Ncs1,22996
ENSMUSG00000062683,Atp5mc2,6477
ENSMUSG00000062687,Cks1brt,4698
ENSMUSG00000062691,Cebpzos,35250
ENSMUSG00000062694,Cav3,3592
ENSMUSG00000062705,Tpbpb,2870
ENSMUSG00000062712,Or2j6,8524
ENSMUSG00000062713,Sim2,12215
ENSMUSG00000062727,H2bc12,476
ENSMUSG00000062729,Ppox,32611
ENSMUSG00000062732,Lypd4,7274
ENSMUSG00000062737,Prl3d2,1528
ENSMUSG00000062743,Zfp677,5873
ENSMUSG00000062751,Prss1,838
ENSMUSG00000062753,Smim29,17512
ENSMUSG00000062757,Or4c11,4227
ENSMUSG00000062760,Shisal1,24059
ENSMUSG00000062761,Zfp512,26288
ENSMUSG00000062762,Ei24,49787
ENSMUSG00000062773,Tex101,7726
ENSMUSG00000062778,Chia1,1681
ENSMUSG00000062782,Or12j2,7434
ENSMUSG00000062785,Kcnc3,18762
ENSMUSG00000062793,Or9m2,942
ENSMUSG00000062794,Zfp599,10631
ENSMUSG00000062797,Hikeshi,34980
ENSMUSG00000062814,Ssxa1,545
ENSMUSG00000062818,Vmn1r51,36079
ENSMUSG00000062822,4833420G17Rik,46635
ENSMUSG00000062825,Actg1,16064
ENSMUSG00000062826,Ces2f,3253
ENSMUSG00000062833,Sval3,550
ENSMUSG00000062844,Or5b105,2820
ENSMUSG00000062859,Tcp11,22255
ENSMUSG00000062861,Zfp28,22873
ENSMUSG00000062866,Phactr2,172756
ENSMUSG00000062867,Impdh2,18376
ENSMUSG00000062868,Or7g18,4053
ENSMUSG00000062873,Or7a39,3317
ENSMUSG00000062878,Or14a257,11273
ENSMUSG00000062892,Or5b98,6925
ENSMUSG00000062901,Klhl24,59203
ENSMUSG00000062905,Vmn1r32,5494
ENSMUSG00000062906,Hdac10,81876
ENSMUSG00000062908,Acadm,29223
ENSMUSG00000062914,Or6c207,6343
ENSMUSG00000062929,Cfl2,15508
ENSMUSG00000062931,Zfp938,5543
ENSMUSG00000062937,Mtap,8434
ENSMUSG00000062939,Stat4,23460
ENSMUSG00000062944,Zfp696,3574
ENSMUSG00000062949,Atp11c,54082
ENSMUSG00000062952,Tas2r110,1002
ENSMUSG00000062960,Kdr,17892
ENSMUSG00000062961,Ccdc177,11440
ENSMUSG00000062963,Ufc1,12170
ENSMUSG00000062980,Cped1,83368
ENSMUSG00000062981,Mrpl42,23996
ENSMUSG00000062987,Or2d2b,4827
ENSMUSG00000062991,Nrg1,95476
ENSMUSG00000062995,Ica1,59871
ENSMUSG00000062997,Rpl35,9475
ENSMUSG00000063011,Msln,30270
ENSMUSG00000063015,Ccni,48554
ENSMUSG00000063019,Manbal,58266
ENSMUSG00000063020,Or5ac15,8294
ENSMUSG00000063021,H2ac15,393
ENSMUSG00000063047,Zfp780b,90749
ENSMUSG00000063049,Ing2,5517
ENSMUSG00000063052,Lrrc40,33135
ENSMUSG00000063058,Prr23a2,881
ENSMUSG00000063060,Sox7,7305
ENSMUSG00000063063,Ctnna2,24324
ENSMUSG00000063065,Mapk3,9112
ENSMUSG00000063077,Kif1b,443314
ENSMUSG00000063089,Klk1b8,859
ENSMUSG00000063106,Or10g1,2948
ENSMUSG00000063108,Zfp26,112298
ENSMUSG00000063116,Or3a1,11093
ENSMUSG00000063120,Or5p57,1876
ENSMUSG00000063129,Aldoart2,1658
ENSMUSG00000063130,Calml3,1421
ENSMUSG00000063133,Klk1b1,867
ENSMUSG00000063137,Or5k14,3331
ENSMUSG00000063142,Kcnma1,68852
ENSMUSG00000063145,Bbs5,7195
ENSMUSG00000063146,Clip2,19864
ENSMUSG00000063157,Csn2,6925
ENSMUSG00000063160,Numbl,10867
ENSMUSG00000063163,Speer2,1118
ENSMUSG00000063171,Rps4l,1334
ENSMUSG00000063172,Ift25,29256
ENSMUSG00000063173,Or6c215,5901
ENSMUSG00000063176,Or8g35,2397
ENSMUSG00000063177,Klk1b27,889
ENSMUSG00000063179,Pstk,6946
ENSMUSG00000063188,Or1o1,14346
ENSMUSG00000063193,Cd300lb,8401
ENSMUSG00000063200,Nol7,14310
ENSMUSG00000063206,Defa34,861
ENSMUSG00000063216,Or7a35,3449
ENSMUSG00000063221,Or8d23,2414
ENSMUSG00000063225,Or8b52,930
ENSMUSG00000063229,Ldha,79065
ENSMUSG00000063230,Or13a22,16376
ENSMUSG00000063232,Serpina11,15386
ENSMUSG00000063234,Gpr84,3298
ENSMUSG00000063235,Ptpmt1,2840
ENSMUSG00000063236,1110038F14Rik,17473
ENSMUSG00000063239,Grm4,44392
ENSMUSG00000063240,Or2n1b,7265
ENSMUSG00000063245,Zfp993,837
ENSMUSG00000063251,Krtap4-1,1015
ENSMUSG00000063253,Scoc,8679
ENSMUSG00000063260,Syt10,7862
ENSMUSG00000063268,Parp10,9946
ENSMUSG00000063273,Naa15,76546
ENSMUSG00000063275,Hacd1,18162
ENSMUSG00000063277,Gm10128,1762
ENSMUSG00000063281,Zfp35,21769
ENSMUSG00000063296,Tmem117,7219
ENSMUSG00000063297,Luzp2,7942
ENSMUSG00000063305,Psg20,1871
ENSMUSG00000063316,Rpl27,4402
ENSMUSG00000063317,Usp31,16643
ENSMUSG00000063320,Uqcc6,20894
ENSMUSG00000063334,Krr1,23124
ENSMUSG00000063350,Or8b12,3565
ENSMUSG00000063354,Slc39a4,29246
ENSMUSG00000063358,Mapk1,56931
ENSMUSG00000063362,Alg11,23355
ENSMUSG00000063364,3300002I08Rik,16688
ENSMUSG00000063374,Or10p21,2523
ENSMUSG00000063376,Ifna13,819
ENSMUSG00000063380,Or8g28,2827
ENSMUSG00000063382,Bcl9l,42279
ENSMUSG00000063383,Zfp947,16726
ENSMUSG00000063386,Or2y15,5776
ENSMUSG00000063394,Or14c40,6546
ENSMUSG00000063406,Tmed5,28686
ENSMUSG00000063409,Lrrc43,9988
ENSMUSG00000063410,Stk24,15780
ENSMUSG00000063412,Erhrt-ps,736
ENSMUSG00000063415,Cyp26b1,20385
ENSMUSG00000063428,Ddo,34193
ENSMUSG00000063430,Wscd2,34283
ENSMUSG00000063434,Sorcs3,5634
ENSMUSG00000063439,B9d2,9538
ENSMUSG00000063445,Nmral1,19941
ENSMUSG00000063446,Plppr1,37282
ENSMUSG00000063447,Ube2d2b,1678
ENSMUSG00000063450,Syne2,50244
ENSMUSG00000063455,D630045J12Rik,56335
ENSMUSG00000063457,Rps15,6256
ENSMUSG00000063458,Lrmda,2893
ENSMUSG00000063478,Tas2r114,930
ENSMUSG00000063480,Snu13,6397
ENSMUSG00000063488,Zkscan7,18696
ENSMUSG00000063506,Arhgap22,11668
ENSMUSG00000063507,Gm1330,474
ENSMUSG00000063511,Snrnp70,18652
ENSMUSG00000063522,Ly6m,7538
ENSMUSG00000063524,Eno1,95559
ENSMUSG00000063529,Stmnd1,1383
ENSMUSG00000063531,Sema3e,32691
ENSMUSG00000063535,Zfp773,7132
ENSMUSG00000063549,Or2w3,10599
ENSMUSG00000063550,Nup98,133903
ENSMUSG00000063558,Aox1,25860
ENSMUSG00000063564,Col23a1,5839
ENSMUSG00000063568,Jazf1,5684
ENSMUSG00000063576,Klhdc3,70938
ENSMUSG00000063582,Or52n2,2906
ENSMUSG00000063583,Or9s14,16357
ENSMUSG00000063590,Slc22a28,7067
ENSMUSG00000063594,Gng8,23937
ENSMUSG00000063600,Egfem1,8591
ENSMUSG00000063605,Ccdc102a,4569
ENSMUSG00000063615,Or51b17,5001
ENSMUSG00000063626,Unc5d,45365
ENSMUSG00000063632,Sox11,8311
ENSMUSG00000063646,Jakmip1,53288
ENSMUSG00000063651,Cnfn,5011
ENSMUSG00000063652,Slc22a21,13098
ENSMUSG00000063656,Gm10135,252
ENSMUSG00000063659,Zbtb18,26793
ENSMUSG00000063660,Or1o3,1039
ENSMUSG00000063661,Krt73,4117
ENSMUSG00000063663,Brwd3,13852
ENSMUSG00000063672,Nkx6-3,2243
ENSMUSG00000063681,Crb1,14859
ENSMUSG00000063683,Glyat,20789
ENSMUSG00000063687,Pcdhb5,3535
ENSMUSG00000063689,H2ac21,444
ENSMUSG00000063694,Cycs,16804
ENSMUSG00000063698,Sfxn4,6063
ENSMUSG00000063704,Mapk15,3842
ENSMUSG00000063713,Klk1b24,878
ENSMUSG00000063715,Or6c69,4245
ENSMUSG00000063727,Tnfrsf11b,5888
ENSMUSG00000063728,Magea6,2975
ENSMUSG00000063730,Hsd3b2,8469
ENSMUSG00000063760,Rnf217,45373
ENSMUSG00000063762,Tas2r129,965
ENSMUSG00000063764,Or5p80,1635
ENSMUSG00000063765,Chadl,27120
ENSMUSG00000063767,S100a7a,2108
ENSMUSG00000063777,Or5b3,5036
ENSMUSG00000063779,Chil4,1539
ENSMUSG00000063780,Or8s10,3875
ENSMUSG00000063785,Utp14a,12709
ENSMUSG00000063787,Chchd1,4143
ENSMUSG00000063796,Slc22a8,83839
ENSMUSG00000063800,Prpf38a,11703
ENSMUSG00000063801,Ap3s2,23886
ENSMUSG00000063802,Hspbp1,24003
ENSMUSG00000063804,Lin28b,20993
ENSMUSG00000063808,Gpatch1,23643
ENSMUSG00000063810,Alms1,21149
ENSMUSG00000063820,Arl9,402
ENSMUSG00000063821,Dusp29,23948
ENSMUSG00000063823,Or13a21,5162
ENSMUSG00000063827,Or2y12,18174
ENSMUSG00000063838,Cdc42ep5,6393
ENSMUSG00000063842,Or7e170,3639
ENSMUSG00000063844,Or4f53,5991
ENSMUSG00000063846,Tcstv7b,886
ENSMUSG00000063849,Ppcdc,91909
ENSMUSG00000063851,Rnf183,3414
ENSMUSG00000063856,Gpx1,2794
ENSMUSG00000063867,Or10g1b,2425
ENSMUSG00000063870,Chd4,98252
ENSMUSG00000063873,Slc24a3,9986
ENSMUSG00000063881,Or1e1c,7763
ENSMUSG00000063882,Uqcrh,28035
ENSMUSG00000063884,Ptcd3,71231
ENSMUSG00000063887,Nlgn1,31354
ENSMUSG00000063888,Rpl7l1,18133
ENSMUSG00000063889,Crem,86203
ENSMUSG00000063894,Zkscan8,70914
ENSMUSG00000063895,Nup58,3602
ENSMUSG00000063900,Adam26b,2476
ENSMUSG00000063903,Klk1,2815
ENSMUSG00000063904,Dpp3,46633
ENSMUSG00000063905,Zfp1000,171
ENSMUSG00000063919,Srrm4,20976
ENSMUSG00000063929,Cyp4a32,7993
ENSMUSG00000063931,Pepd,20369
ENSMUSG00000063932,Ankrd69,1706
ENSMUSG00000063935,Zar1,1429
ENSMUSG00000063952,Brpf3,131007
ENSMUSG00000063953,Amd2,3218
ENSMUSG00000063954,H2ac19,528
ENSMUSG00000063971,Krt88,2657
ENSMUSG00000063972,Nr6a1,17837
ENSMUSG00000063975,Slco1a5,5239
ENSMUSG00000063994,Or10al4,2618
ENSMUSG00000063998,Vmn1r211,6432
ENSMUSG00000064006,Or5h22,9164
ENSMUSG00000064010,Dppa1,8286
ENSMUSG00000064016,Ct45a,2165
ENSMUSG00000064023,Klk8,1354
ENSMUSG00000064030,Pym1,8226
ENSMUSG00000064036,Mro,107534
ENSMUSG00000064037,Gpn1,10733
ENSMUSG00000064039,Ccr1l1,1166
ENSMUSG00000064043,Trerf1,298447
ENSMUSG00000064044,Or2ak6,3421
ENSMUSG00000064057,Scgb3a1,4070
ENSMUSG00000064061,Dzip3,34222
ENSMUSG00000064063,BC048507,600
ENSMUSG00000064065,Ipcef1,32675
ENSMUSG00000064068,Mtx1,7843
ENSMUSG00000064080,Fbln2,41452
ENSMUSG00000064084,Or4c105,5748
ENSMUSG00000064090,Vrk2,51563
ENSMUSG00000064105,Cnnm2,14655
ENSMUSG00000064109,Hcst,1355
ENSMUSG00000064110,Or10d4,3139
ENSMUSG00000064115,Cadm2,32031
ENSMUSG00000064120,Mocs1,23890
ENSMUSG00000064121,Or11a4,5046
ENSMUSG00000064125,Prr36,28634
ENSMUSG00000064127,Med14,99733
ENSMUSG00000064128,Cpap,9119
ENSMUSG00000064129,Mageb5b,2711
ENSMUSG00000064137,Rhox8,1204
ENSMUSG00000064138,Arb2a,81912
ENSMUSG00000064140,Trim38,3479
ENSMUSG00000064141,Zfp69,6635
ENSMUSG00000064145,Arih2,83880
ENSMUSG00000064147,Rab44,13841
ENSMUSG00000064156,Prol1,1163
ENSMUSG00000064158,Izumo1,1520
ENSMUSG00000064165,Krt39,3084
ENSMUSG00000064177,Ghrl,3792
ENSMUSG00000064179,Tnnt1,13827
ENSMUSG00000064181,Rab3ip,47858
ENSMUSG00000064194,Zfp936,9846
ENSMUSG00000064201,Krt2,2614
ENSMUSG00000064202,Spata6l,21976
ENSMUSG00000064210,Ano6,54394
ENSMUSG00000064213,Defa24,2078
ENSMUSG00000064215,Ifi27,72888
ENSMUSG00000064220,H2ac18,586
ENSMUSG00000064223,Or2ag1b,11959
ENSMUSG00000064224,Gsdma3,11547
ENSMUSG00000064225,Paqr9,8367
ENSMUSG00000064232,Gm5414,1659
ENSMUSG00000064246,Chi3l1,7396
ENSMUSG00000064247,Plcxd1,10171
ENSMUSG00000064252,Or2t29,9058
ENSMUSG00000064254,Ethe1,25535
ENSMUSG00000064259,Vmn1r13,16497
ENSMUSG00000064262,Gimap8,13848
ENSMUSG00000064264,Zfp428,27088
ENSMUSG00000064267,Hvcn1,21066
ENSMUSG00000064272,Gpbar1,2639
ENSMUSG00000064280,Ccdc146,4777
ENSMUSG00000064284,Cdpf1,39496
ENSMUSG00000064288,H4c12,312
ENSMUSG00000064289,Tank,36499
ENSMUSG00000064293,Cntn4,125633
ENSMUSG00000064294,Aox3,20230
ENSMUSG00000064302,Clasp1,212789
ENSMUSG00000064307,Lrrc51,26020
ENSMUSG00000064308,2410137M14Rik,7829
ENSMUSG00000064310,Zpld1,5286
ENSMUSG00000064325,Hhip,15608
ENSMUSG00000064326,Siva1,20781
ENSMUSG00000064329,Scn1a,39839
ENSMUSG00000064330,Pde6h,6152
ENSMUSG00000064333,Or8d2b,1051
ENSMUSG00000064341,mt-Nd1,957
ENSMUSG00000064345,mt-Nd2,1038
ENSMUSG00000064351,mt-Co1,1545
ENSMUSG00000064354,mt-Co2,684
ENSMUSG00000064356,mt-Atp8,204
ENSMUSG00000064357,mt-Atp6,681
ENSMUSG00000064358,mt-Co3,784
ENSMUSG00000064360,mt-Nd3,348
ENSMUSG00000064363,mt-Nd4,1378
ENSMUSG00000064367,mt-Nd5,1824
ENSMUSG00000064368,mt-Nd6,519
ENSMUSG00000064370,mt-Cytb,1144
ENSMUSG00000064373,Selenop,11491
ENSMUSG00000065947,mt-Nd4l,297
ENSMUSG00000065952,Rps23rg1,8331
ENSMUSG00000065954,Tacc1,48535
ENSMUSG00000065956,Defa37,1812
ENSMUSG00000065968,Ifitm7,4540
ENSMUSG00000065979,Cpped1,27286
ENSMUSG00000065987,Cd209b,13431
ENSMUSG00000065990,Aurkaip1,9522
ENSMUSG00000065999,Zfp985,28280
ENSMUSG00000066000,Zfp979,71840
ENSMUSG00000066007,Zfp600,30467
ENSMUSG00000066009,Zfp987,94676
ENSMUSG00000066026,Dhrs3,14777
ENSMUSG00000066027,Pramel51,3887
ENSMUSG00000066030,Oog2,5430
ENSMUSG00000066031,Pramel25,3192
ENSMUSG00000066036,Ubr4,31898
ENSMUSG00000066037,Hnrnpr,345911
ENSMUSG00000066042,Med18,5049
ENSMUSG00000066043,Phactr4,14003
ENSMUSG00000066058,Cldn19,5227
ENSMUSG00000066061,Or10ak12,2296
ENSMUSG00000066071,Cyp4a12a,9768
ENSMUSG00000066072,Cyp4a10,6294
ENSMUSG00000066090,Insl5,1133
ENSMUSG00000066097,Cyp2j11,1938
ENSMUSG00000066100,Krtap5-1,742
ENSMUSG00000066101,Gm10153,963
ENSMUSG00000066107,Larp7-ps,764
ENSMUSG00000066108,Muc5b,14964
ENSMUSG00000066113,Adamtsl1,31173
ENSMUSG00000066122,Or13a17,7192
ENSMUSG00000066129,Kndc1,19481
ENSMUSG00000066137,Msantd5f6,1323
ENSMUSG00000066141,Gm11232,1689
ENSMUSG00000066148,Prpf4,42976
ENSMUSG00000066149,Cdc26,71742
ENSMUSG00000066150,Slc31a1,51730
ENSMUSG00000066151,Fkbp15,50284
ENSMUSG00000066152,Slc31a2,7117
ENSMUSG00000066153,Mup21,4038
ENSMUSG00000066154,Mup3,32190
ENSMUSG00000066189,Cacng3,12690
ENSMUSG00000066191,Anks6,35194
ENSMUSG00000066196,Spag8,2933
ENSMUSG00000066197,Gpr139,4859
ENSMUSG00000066224,Arid3c,5237
ENSMUSG00000066232,Ipo7,39205
ENSMUSG00000066233,Tmem42,4588
ENSMUSG00000066235,Pomgnt2,89009
ENSMUSG00000066239,Or10a3n,1905
ENSMUSG00000066240,Or10a49,3194
ENSMUSG00000066241,Or10a48,933
ENSMUSG00000066242,Or5p5,4634
ENSMUSG00000066257,Or5ac24,2127
ENSMUSG00000066258,Trim12a,54828
ENSMUSG00000066262,Or51i1,4009
ENSMUSG00000066263,Or51k1,7590
ENSMUSG00000066268,Or51a5,16724
ENSMUSG00000066269,Or51a6,7969
ENSMUSG00000066272,Or51a25,2582
ENSMUSG00000066273,Or51a39,3329
ENSMUSG00000066278,Vps37b,21443
ENSMUSG00000066279,Chrna10,2574
ENSMUSG00000066306,Numa1,85138
ENSMUSG00000066319,Rtp3,8230
ENSMUSG00000066324,Bpnt2,16409
ENSMUSG00000066357,Wdr6,20740
ENSMUSG00000066359,Tcl1b1,2010
ENSMUSG00000066361,Serpina3c,23848
ENSMUSG00000066363,Serpina3f,6571
ENSMUSG00000066364,Serpina3b,2070
ENSMUSG00000066366,Serpina1a,22896
ENSMUSG00000066368,Actl11,3993
ENSMUSG00000066372,Vmn2r65,13695
ENSMUSG00000066382,Iqcf5,3151
ENSMUSG00000066383,Iqcf1,2888
ENSMUSG00000066392,Nrxn3,45678
ENSMUSG00000066406,Akap13,29913
ENSMUSG00000066415,Msl2,11293
ENSMUSG00000066438,Plekhd1,10482
ENSMUSG00000066440,Zfyve26,13382
ENSMUSG00000066441,Rdh11,11410
ENSMUSG00000066442,Mthfs,8092
ENSMUSG00000066456,Hmgn3,31548
ENSMUSG00000066463,Omt2a,1744
ENSMUSG00000066500,Izumo2,5101
ENSMUSG00000066510,Ankdd1a,1443
ENSMUSG00000066512,Klk1b5,1391
ENSMUSG00000066513,Klk1b4,2586
ENSMUSG00000066515,Klk1b3,889
ENSMUSG00000066516,Klk1b21,3528
ENSMUSG00000066537,Vmn2r57,19363
ENSMUSG00000066551,Hmgb1,49478
ENSMUSG00000066568,Lsm14a,55932
ENSMUSG00000066571,Garre1,40882
ENSMUSG00000066583,Scgb1b27,1339
ENSMUSG00000066584,Scgb2b27,1223
ENSMUSG00000066586,Scgb2b26,579
ENSMUSG00000066595,Flvcr1,13336
ENSMUSG00000066607,Insyn1,14774
ENSMUSG00000066613,Zfp932,14518
ENSMUSG00000066621,Tecpr1,135070
ENSMUSG00000066637,Ttc32,6917
ENSMUSG00000066640,Fbxl18,15531
ENSMUSG00000066643,Wdr35,18037
ENSMUSG00000066652,Lefty2,7620
ENSMUSG00000066671,Or6y1,4264
ENSMUSG00000066672,Or10x1,12672
ENSMUSG00000066677,Ifi208,7208
ENSMUSG00000066682,Pilrb2,2891
ENSMUSG00000066684,Pilrb1,2827
ENSMUSG00000066687,Zbtb16,61829
ENSMUSG00000066688,Pramel21,2484
ENSMUSG00000066704,Cyp2b19,2740
ENSMUSG00000066705,Fxyd6,63358
ENSMUSG00000066720,Cldn9,1443
ENSMUSG00000066721,Zfp575,14486
ENSMUSG00000066735,Vkorc1l1,34534
ENSMUSG00000066747,Or8b4,6132
ENSMUSG00000066748,Or8b8,13487
ENSMUSG00000066749,Or8b9,3697
ENSMUSG00000066750,Or8b12c,5522
ENSMUSG00000066755,Tnfsf18,2066
ENSMUSG00000066756,Igfl3,575
ENSMUSG00000066760,Psg16,19251
ENSMUSG00000066772,Obox3,5370
ENSMUSG00000066797,Zfp648,1892
ENSMUSG00000066798,Zbtb6,15071
ENSMUSG00000066800,Rnasel,8942
ENSMUSG00000066803,Vmn1r84,10999
ENSMUSG00000066804,Vmn1r83,3784
ENSMUSG00000066820,Vmn2r28,32574
ENSMUSG00000066828,Vmn2r37,3081
ENSMUSG00000066829,Zfp810,94972
ENSMUSG00000066838,Zfp772,5634
ENSMUSG00000066839,Ecsit,65595
ENSMUSG00000066842,Hmcn1,43508
ENSMUSG00000066850,Vmn1r65,2682
ENSMUSG00000066861,Oas1g,1977
ENSMUSG00000066867,Oas1e,3164
ENSMUSG00000066877,Nck2,38435
ENSMUSG00000066878,Kpna2rt,1988
ENSMUSG00000066880,Zfp617,39649
ENSMUSG00000066892,Fbxl12,18716
ENSMUSG00000066894,Vsig10,15680
ENSMUSG00000066896,Or7e178,5792
ENSMUSG00000066897,Or7e176,1897
ENSMUSG00000066899,Or8b12i,5027
ENSMUSG00000066900,Suds3,14014
ENSMUSG00000066905,Or7e169,2716
ENSMUSG00000066952,Myo1h,14909
ENSMUSG00000066964,Lhfpl7,1827
ENSMUSG00000066975,Cryba4,6568
ENSMUSG00000066979,Bub3,63166
ENSMUSG00000067001,Serpinb7,1894
ENSMUSG00000067006,Serpinb5,7862
ENSMUSG00000067010,Vmn2r10,15696
ENSMUSG00000067028,Cntnap5b,13874
ENSMUSG00000067049,Unc93a,10923
ENSMUSG00000067064,Or6b2,5777
ENSMUSG00000067071,Hes6,6434
ENSMUSG00000067081,Asb18,23668
ENSMUSG00000067144,Slc22a7,3783
ENSMUSG00000067148,Polr1c,19640
ENSMUSG00000067149,Jchain,1393
ENSMUSG00000067150,Xpo5,49670
ENSMUSG00000067158,Col4a4,14981
ENSMUSG00000067173,Mrgpra4,1259
ENSMUSG00000067186,Or2h15,2855
ENSMUSG00000067194,Eif1ax,30823
ENSMUSG00000067199,Frat1,2614
ENSMUSG00000067201,H2-M9,2197
ENSMUSG00000067206,Lrrc66,3198
ENSMUSG00000067212,H2-T23,16361
ENSMUSG00000067215,Usp51,2211
ENSMUSG00000067219,Nipal1,4206
ENSMUSG00000067220,Cnga1,9561
ENSMUSG00000067225,Cyp2c54,13835
ENSMUSG00000067229,Cyp2c66,1630
ENSMUSG00000067231,Cyp2c65,1928
ENSMUSG00000067235,H2-Q10,8288
ENSMUSG00000067242,Lgi1,62769
ENSMUSG00000067261,Foxd3,2324
ENSMUSG00000067262,Vmn1r239-ps,960
ENSMUSG00000067274,Rplp0,20161
ENSMUSG00000067276,Capn6,28590
ENSMUSG00000067279,Ppp1r3c,6069
ENSMUSG00000067288,Rps28,9658
ENSMUSG00000067297,Ifit1bl2,6756
ENSMUSG00000067299,Crygd,1636
ENSMUSG00000067336,Bmpr2,42820
ENSMUSG00000067338,Tuba3b,3520
ENSMUSG00000067341,H2-Eb2,3398
ENSMUSG00000067360,Pramel3a,7710
ENSMUSG00000067365,Tmem128,7855
ENSMUSG00000067367,Lyar,44144
ENSMUSG00000067369,Trmt2b,47291
ENSMUSG00000067370,B3galt4,4734
ENSMUSG00000067377,Tspan6,5052
ENSMUSG00000067399,Trim43c,3977
ENSMUSG00000067424,Zfp563,6440
ENSMUSG00000067430,Zfp763,17081
ENSMUSG00000067438,Hmx1,3269
ENSMUSG00000067441,H2ab1,348
ENSMUSG00000067455,H4c11,774
ENSMUSG00000067513,Or5an10,948
ENSMUSG00000067519,Or5an1c,939
ENSMUSG00000067522,Or5a1,7339
ENSMUSG00000067524,Or4d6,4514
ENSMUSG00000067525,Or4z4,6143
ENSMUSG00000067526,Or4d10,3117
ENSMUSG00000067528,Or4d10b,2656
ENSMUSG00000067529,Or4d11,6503
ENSMUSG00000067541,A630073D07Rik,484
ENSMUSG00000067543,Prb1a,1621
ENSMUSG00000067545,Or10q3,7184
ENSMUSG00000067561,Dmrtc1c2,3589
ENSMUSG00000067562,Dmrtc1c1,1611
ENSMUSG00000067567,Hdac8,21824
ENSMUSG00000067571,Ms4a15,3522
ENSMUSG00000067578,Cbln4,5857
ENSMUSG00000067586,S1pr3,20796
ENSMUSG00000067591,Klra3,10796
ENSMUSG00000067594,Krt77,3036
ENSMUSG00000067597,Dgat2l6,1640
ENSMUSG00000067599,Klra7,15117
ENSMUSG00000067604,Nms,1001
ENSMUSG00000067610,Klri1,838
ENSMUSG00000067613,Krt83,1759
ENSMUSG00000067614,Krt86,1968
ENSMUSG00000067615,Krt81,1862
ENSMUSG00000067616,Klk11,3896
ENSMUSG00000067629,Syngap1,32619
ENSMUSG00000067642,Adgrf3,3099
ENSMUSG00000067649,Mageb18,7572
ENSMUSG00000067653,Ankrd23,41704
ENSMUSG00000067656,Slc22a27,11422
ENSMUSG00000067679,Obp1b,797
ENSMUSG00000067684,Obp1a,757
ENSMUSG00000067698,Gm10220,2980
ENSMUSG00000067700,Gm5862,1972
ENSMUSG00000067702,Tuba3a,5673
ENSMUSG00000067704,Wfdc13,1074
ENSMUSG00000067713,Prkag1,11727
ENSMUSG00000067714,Lpar5,1393
ENSMUSG00000067722,Uqcc4,9304
ENSMUSG00000067724,Gbx1,3475
ENSMUSG00000067750,Khdc1a,1987
ENSMUSG00000067764,Xlr5c,30424
ENSMUSG00000067767,Clec4b2,1736
ENSMUSG00000067768,Xlr4b,60569
ENSMUSG00000067771,Pwwp4a,8434
ENSMUSG00000067773,Defb41,665
ENSMUSG00000067780,Pi15,8003
ENSMUSG00000067786,Nnat,16699
ENSMUSG00000067787,Blcap,15425
ENSMUSG00000067795,4930444P10Rik,4878
ENSMUSG00000067813,Xkr9,13324
ENSMUSG00000067818,Myl9,9933
ENSMUSG00000067825,Pex26,19835
ENSMUSG00000067847,Romo1,3226
ENSMUSG00000067848,Speer1m,1092
ENSMUSG00000067851,Arfgef1,52618
ENSMUSG00000067855,Speer3,1192
ENSMUSG00000067860,Zic3,21724
ENSMUSG00000067872,Ccdc87,3163
ENSMUSG00000067873,Htatsf1,19792
ENSMUSG00000067878,Map7d3,5955
ENSMUSG00000067879,Vxn,13397
ENSMUSG00000067882,Casp16,1477
ENSMUSG00000067889,Sptbn2,92765
ENSMUSG00000067909,Slxl1,2295
ENSMUSG00000067916,Zfp991,174749
ENSMUSG00000067919,Rex2,5665
ENSMUSG00000067924,Rtl8b,2697
ENSMUSG00000067925,Rtl8a,1195
ENSMUSG00000067928,Zfp760,48637
ENSMUSG00000067931,Zfp948,41787
ENSMUSG00000067941,Gm7168,1603
ENSMUSG00000067942,Zfp160,55311
ENSMUSG00000067951,Vmn1r227,13408
ENSMUSG00000067971,Or5o1,5538
ENSMUSG00000067995,Gtf2f2,10974
ENSMUSG00000067996,Bpifb9b,2067
ENSMUSG00000067998,Bpifb9a,2065
ENSMUSG00000068008,Bpifb3,3567
ENSMUSG00000068009,Bpifb6,1682
ENSMUSG00000068011,Mkrn2os,4009
ENSMUSG00000068015,Lrch1,46715
ENSMUSG00000068036,Afdn,138713
ENSMUSG00000068037,Mas1,117252
ENSMUSG00000068039,Tcp1,42512
ENSMUSG00000068040,Tm9sf4,77928
ENSMUSG00000068048,Rhox9,4973
ENSMUSG00000068067,Krtap20-24,465
ENSMUSG00000068068,Krtap20-22,159
ENSMUSG00000068071,krtap20-23,645
ENSMUSG00000068073,Krtap6-6,591
ENSMUSG00000068074,Krtap6-7,550
ENSMUSG00000068075,Krtap6-3,563
ENSMUSG00000068078,Krtap13-20,946
ENSMUSG00000068079,Tcf15,997
ENSMUSG00000068082,Grxcr1,1071
ENSMUSG00000068083,Cyp2d40,6242
ENSMUSG00000068085,Cyp2d11,1590
ENSMUSG00000068086,Cyp2d9,16587
ENSMUSG00000068099,Smim45,3093
ENSMUSG00000068101,Cenpm,8985
ENSMUSG00000068105,Tnfrsf13c,5850
ENSMUSG00000068113,Tesl1,2729
ENSMUSG00000068114,Ccdc134,30311
ENSMUSG00000068115,Ninl,48269
ENSMUSG00000068117,Mei1,15003
ENSMUSG00000068122,Agtr2,12721
ENSMUSG00000068129,Cst7,2954
ENSMUSG00000068130,Zfp442,11056
ENSMUSG00000068134,Zfp120,9078
ENSMUSG00000068149,Tex13c3,876
ENSMUSG00000068154,Insm1,3100
ENSMUSG00000068167,Csnk2a2ip,4191
ENSMUSG00000068182,Or5ac21,2445
ENSMUSG00000068184,Ndufaf2,5782
ENSMUSG00000068196,Col8a1,5108
ENSMUSG00000068205,Macrod2,30475
ENSMUSG00000068206,Pick1,25410
ENSMUSG00000068218,Ssxb9,879
ENSMUSG00000068219,Ssxb10,879
ENSMUSG00000068220,Lgals1,5795
ENSMUSG00000068227,Il2rb,12088
ENSMUSG00000068231,Vmn1r43,39062
ENSMUSG00000068232,Vmn1r42,9281
ENSMUSG00000068234,Vmn1r44,16476
ENSMUSG00000068240,Uba52rt,504
ENSMUSG00000068245,Phf11d,14314
ENSMUSG00000068246,Apol9b,4815
ENSMUSG00000068250,Amn1,13944
ENSMUSG00000068252,Apol7b,7214
ENSMUSG00000068259,Or9a7,5234
ENSMUSG00000068263,Efcc1,5022
ENSMUSG00000068264,Ap5s1,12250
ENSMUSG00000068267,Cenpb,4886
ENSMUSG00000068270,Shroom4,16651
ENSMUSG00000068284,Usf3,64551
ENSMUSG00000068289,Cma2,1840
ENSMUSG00000068290,Ddrgk1,23985
ENSMUSG00000068299,Nat8f4,13036
ENSMUSG00000068302,Noto,1602
ENSMUSG00000068323,Slc4a5,13792
ENSMUSG00000068327,Tlx2,6692
ENSMUSG00000068328,Aup1,21722
ENSMUSG00000068329,Htra2,28080
ENSMUSG00000068335,Dok1,1812
ENSMUSG00000068341,Reg3d,2020
ENSMUSG00000068349,Gml,7109
ENSMUSG00000068373,D430041D05Rik,45085
ENSMUSG00000068391,Chrac1,3110
ENSMUSG00000068392,Rnase13,3519
ENSMUSG00000068394,Cep152,40263
ENSMUSG00000068399,Gm7247,2215
ENSMUSG00000068407,Rnase12,1218
ENSMUSG00000068417,Pnp2,3796
ENSMUSG00000068428,Gmnc,12661
ENSMUSG00000068431,Or11g26,5507
ENSMUSG00000068437,Or4k15b,2629
ENSMUSG00000068452,Duox2,11856
ENSMUSG00000068457,Uty,21518
ENSMUSG00000068479,Mfap1a,12369
ENSMUSG00000068506,Gm5800,2792
ENSMUSG00000068522,Aard,1434
ENSMUSG00000068523,Gng5,7972
ENSMUSG00000068535,Or2aj4,8062
ENSMUSG00000068536,Aoc1l1,2468
ENSMUSG00000068547,Clca4a,6008
ENSMUSG00000068551,Zfp467,115145
ENSMUSG00000068566,Myadm,73536
ENSMUSG00000068574,Or2r11,2741
ENSMUSG00000068580,Zfyve19,40513
ENSMUSG00000068587,Mgam,28316
ENSMUSG00000068600,Gml2,7189
ENSMUSG00000068606,Gm4841,2844
ENSMUSG00000068614,Actc1,58078
ENSMUSG00000068615,Gjd2,8012
ENSMUSG00000068617,Clxn,19130
ENSMUSG00000068647,Or4f54,21444
ENSMUSG00000068663,Clec16a,62741
ENSMUSG00000068686,Cd59b,15466
ENSMUSG00000068696,Gpr88,35844
ENSMUSG00000068697,Myoz1,18027
ENSMUSG00000068699,Flnc,27603
ENSMUSG00000068732,Tmem167b,7546
ENSMUSG00000068735,Trp53i11,195831
ENSMUSG00000068739,Sars1,82084
ENSMUSG00000068740,Celsr2,33030
ENSMUSG00000068742,Cry2,18655
ENSMUSG00000068744,Psrc1,19933
ENSMUSG00000068745,Mybphl,7143
ENSMUSG00000068747,Sort1,33033
ENSMUSG00000068748,Ptprz1,101238
ENSMUSG00000068749,Psma5,15850
ENSMUSG00000068758,Il3ra,25032
ENSMUSG00000068762,Gstm6,22445
ENSMUSG00000068794,Col28a1,4936
ENSMUSG00000068798,Rap1a,40900
ENSMUSG00000068806,Or4c12,5255
ENSMUSG00000068808,Or4c102,2904
ENSMUSG00000068809,Or4c101,2374
ENSMUSG00000068814,Or12e10,1923
ENSMUSG00000068815,Or5w18,4943
ENSMUSG00000068816,Or5i1,5207
ENSMUSG00000068817,Or5w16,2748
ENSMUSG00000068818,Or8w1,4187
ENSMUSG00000068819,Or5w11,4183
ENSMUSG00000068823,Csde1,127638
ENSMUSG00000068824,Or8k36,943
ENSMUSG00000068854,H2bc21,2620
ENSMUSG00000068855,H2ac20,520
ENSMUSG00000068856,Sf3b4,6909
ENSMUSG00000068859,Sp9,4514
ENSMUSG00000068860,Gm128,3435
ENSMUSG00000068874,Selenbp1,20991
ENSMUSG00000068876,Cgn,39339
ENSMUSG00000068877,Selenbp2,9880
ENSMUSG00000068879,Gm5773,1143
ENSMUSG00000068882,Ssb,49464
ENSMUSG00000068885,Lce3f,611
ENSMUSG00000068887,Lce1j,1123
ENSMUSG00000068888,Lce1i,735
ENSMUSG00000068889,Lce1e,711
ENSMUSG00000068890,Lce1a2,716
ENSMUSG00000068893,Sprr2a2,9528
ENSMUSG00000068917,Clk2,8552
ENSMUSG00000068921,Dap3,259755
ENSMUSG00000068922,Msto1,35797
ENSMUSG00000068923,Syt11,23207
ENSMUSG00000068940,Tcl1b3,1045
ENSMUSG00000068947,Or1af1,6263
ENSMUSG00000068950,Or1j10,12484
ENSMUSG00000068959,Zfp619,5990
ENSMUSG00000068962,Zfp114,17900
ENSMUSG00000068966,Zbtb34,20096
ENSMUSG00000068999,Vmn2r5,5055
ENSMUSG00000069020,Urm1,16949
ENSMUSG00000069036,Sry,1188
ENSMUSG00000069038,H2al1j,330
ENSMUSG00000069041,Slc25a31,2128
ENSMUSG00000069044,Usp9y,8094
ENSMUSG00000069045,Ddx3y,36796
ENSMUSG00000069049,Eif2s3y,51332
ENSMUSG00000069053,Uba1y,12037
ENSMUSG00000069072,Slc7a14,57212
ENSMUSG00000069080,Lcn11,652
ENSMUSG00000069085,Dytn,2427
ENSMUSG00000069089,Cdk7,37612
ENSMUSG00000069094,Pde7a,51555
ENSMUSG00000069114,Zbtb10,7431
ENSMUSG00000069117,Rps18-ps6,561
ENSMUSG00000069132,Nxph2,5933
ENSMUSG00000069135,Cep43,50145
ENSMUSG00000069170,Adgrv1,98266
ENSMUSG00000069171,Nr2f1,9207
ENSMUSG00000069184,Zfp72,50165
ENSMUSG00000069189,Zdhhc11,1460
ENSMUSG00000069206,Zfp874a,14485
ENSMUSG00000069208,Zfp825,12897
ENSMUSG00000069227,Gprin1,17836
ENSMUSG00000069237,Fam8a1,12055
ENSMUSG00000069248,Serpinb6e,1494
ENSMUSG00000069255,Dusp22,8195
ENSMUSG00000069258,Prl2b1,1761
ENSMUSG00000069259,Prl6a1,1961
ENSMUSG00000069265,H3c1,534
ENSMUSG00000069266,H4c2,397
ENSMUSG00000069267,H3c2,620
ENSMUSG00000069268,H2bc7,461
ENSMUSG00000069270,H2ac6,2482
ENSMUSG00000069272,H2ac8,704
ENSMUSG00000069273,H3c6,836
ENSMUSG00000069274,H4c6,391
ENSMUSG00000069280,Vmn1r223,16896
ENSMUSG00000069289,Vmn1r203,17376
ENSMUSG00000069292,Vmn1r199,17877
ENSMUSG00000069294,Vmn1r197,11381
ENSMUSG00000069295,Vmn1r196,23655
ENSMUSG00000069296,Vmn1r195,4144
ENSMUSG00000069297,Vmn1r194,891
ENSMUSG00000069299,Vmn1r188,17774
ENSMUSG00000069300,H2bc11,463
ENSMUSG00000069301,H2ac11,485
ENSMUSG00000069302,H2ac12,405
ENSMUSG00000069303,H2bc24,1256
ENSMUSG00000069305,H4c18,430
ENSMUSG00000069306,H4c17,402
ENSMUSG00000069307,H2bc23,1254
ENSMUSG00000069308,H2bc22,1677
ENSMUSG00000069309,H2ac22,393
ENSMUSG00000069310,H3c3,630
ENSMUSG00000069324,Bhmt1b,1866
ENSMUSG00000069355,Speer1c,3413
ENSMUSG00000069372,Ctxn3,24372
ENSMUSG00000069378,Prdm6,6002
ENSMUSG00000069385,Gm10267,353
ENSMUSG00000069390,Or2d3,8224
ENSMUSG00000069421,Or6c69b,15102
ENSMUSG00000069430,Or10p22,2672
ENSMUSG00000069441,Dsg1a,5686
ENSMUSG00000069456,Rdh16,4077
ENSMUSG00000069476,Zfp616,7978
ENSMUSG00000069495,Epc2,4697
ENSMUSG00000069515,Lyz1,4845
ENSMUSG00000069516,Lyz2,12023
ENSMUSG00000069520,Tmem19,82500
ENSMUSG00000069539,Scyl2,9631
ENSMUSG00000069565,Dazap1,17661
ENSMUSG00000069581,Tspear,2446
ENSMUSG00000069582,Krtap10-4,981
ENSMUSG00000069583,Krtap12-1,656
ENSMUSG00000069584,Krtap12-23,350
ENSMUSG00000069601,Ank3,155214
ENSMUSG00000069607,Cd300ld3,852
ENSMUSG00000069609,Cd300ld4,852
ENSMUSG00000069631,Strada,66037
ENSMUSG00000069633,Pex11g,13470
ENSMUSG00000069662,Marcks,8369
ENSMUSG00000069668,Sult3a1,13692
ENSMUSG00000069670,Nkain2,6800
ENSMUSG00000069678,Pcgf1,5890
ENSMUSG00000069706,Taar5,1014
ENSMUSG00000069707,Taar4,1044
ENSMUSG00000069708,Taar3,1032
ENSMUSG00000069712,Semp2l2b,1773
ENSMUSG00000069717,Krtap9-21,1145
ENSMUSG00000069718,Krtap4-25,1012
ENSMUSG00000069720,Speer4c2,1169
ENSMUSG00000069721,Krtap3-2,1031
ENSMUSG00000069722,Krtap3-3,736
ENSMUSG00000069727,Zfp975,7638
ENSMUSG00000069729,Arid1b,37941
ENSMUSG00000069733,Ube2u,3957
ENSMUSG00000069743,Zfp820,32962
ENSMUSG00000069744,Psmb3,10113
ENSMUSG00000069763,Tmem100,45744
ENSMUSG00000069769,Msi2,55221
ENSMUSG00000069792,Wfdc17,2715
ENSMUSG00000069793,Slfn9,12982
ENSMUSG00000069804,Gm10277,2295
ENSMUSG00000069805,Fbp1,6829
ENSMUSG00000069806,Cacng7,8806
ENSMUSG00000069808,Tlcd3a,13674
ENSMUSG00000069814,Ccdc92b,15859
ENSMUSG00000069816,Or1e17,3505
ENSMUSG00000069818,Or1e30,8282
ENSMUSG00000069823,Or1e16,3433
ENSMUSG00000069824,Or1e18,1136
ENSMUSG00000069825,Gm49340,3200
ENSMUSG00000069830,Nlrp1a,21494
ENSMUSG00000069833,Ahnak,39098
ENSMUSG00000069835,Sat2,14726
ENSMUSG00000069844,Sco1,4839
ENSMUSG00000069855,Slc47a2,2377
ENSMUSG00000069867,Pabpn1l,2341
ENSMUSG00000069873,4930438A08Rik,3011
ENSMUSG00000069874,Irgm2,14113
ENSMUSG00000069892,9930111J21Rik2,14465
ENSMUSG00000069893,9930111J21Rik1,6266
ENSMUSG00000069895,Atxn1l,30266
ENSMUSG00000069899,Sft2d1rt,958
ENSMUSG00000069910,Spdl1,9716
ENSMUSG00000069911,Insyn2b,15605
ENSMUSG00000069917,Hba-a2,10511
ENSMUSG00000069919,Hba-a1,6421
ENSMUSG00000069920,B3gnt9,4847
ENSMUSG00000069922,Ces3a,26955
ENSMUSG00000069971,4933402J07Rik,1304
ENSMUSG00000069998,Or2z8,4558
ENSMUSG00000070000,Fcho1,74590
ENSMUSG00000070002,Ell,15908
ENSMUSG00000070003,Ssbp4,19300
ENSMUSG00000070023,Gm10283,354
ENSMUSG00000070031,Sp140,2469
ENSMUSG00000070034,Sp110,27502
ENSMUSG00000070044,Fam149a,11517
ENSMUSG00000070047,Fat1,58224
ENSMUSG00000070056,Mfhas1,22911
ENSMUSG00000070280,Slc22a14,6810
ENSMUSG00000070283,Ndufaf3,4437
ENSMUSG00000070284,Gmppb,10259
ENSMUSG00000070287,Slc35g2,19411
ENSMUSG00000070291,Ddx43,5276
ENSMUSG00000070298,Trcg1,2701
ENSMUSG00000070304,Scn2b,4656
ENSMUSG00000070305,Mpzl3,11342
ENSMUSG00000070306,Ccdc153,9404
ENSMUSG00000070311,Or8c16,4183
ENSMUSG00000070313,Pate14,1155
ENSMUSG00000070319,Eif3g,10778
ENSMUSG00000070323,Mmp27,3810
ENSMUSG00000070324,Fbxw22,1835
ENSMUSG00000070327,Rnf213,33432
ENSMUSG00000070330,Tmem235,1820
ENSMUSG00000070331,Qrich2,9418
ENSMUSG00000070332,Trim80,5943
ENSMUSG00000070334,Krtap31-1,973
ENSMUSG00000070335,Krtap9-1,1044
ENSMUSG00000070336,Fbxo47,11179
ENSMUSG00000070337,Gpr179,9219
ENSMUSG00000070345,Hsf5,11187
ENSMUSG00000070348,Ccnd1,7658
ENSMUSG00000070354,Evi2,3914
ENSMUSG00000070360,Amy2a1,890
ENSMUSG00000070366,Plpp4,19047
ENSMUSG00000070368,Prok1,7969
ENSMUSG00000070369,Itgad,11921
ENSMUSG00000070371,Prss36,7394
ENSMUSG00000070372,Capza1,53572
ENSMUSG00000070374,Or1p1,6451
ENSMUSG00000070375,Or1p1c,6679
ENSMUSG00000070377,Or1a1b,4964
ENSMUSG00000070378,Or1a1,4386
ENSMUSG00000070379,Or3a1c,4578
ENSMUSG00000070380,Or3a1b,3175
ENSMUSG00000070382,Or1e31,2080
ENSMUSG00000070383,Or1e29,9255
ENSMUSG00000070385,Ampd1,27752
ENSMUSG00000070388,Fbxo39,7657
ENSMUSG00000070390,Nlrp1b,15356
ENSMUSG00000070394,Tmem256,6988
ENSMUSG00000070407,Hs3st3b1,9954
ENSMUSG00000070417,Or6a2,19130
ENSMUSG00000070419,Cyp3a57,1986
ENSMUSG00000070420,Zscan25,11359
ENSMUSG00000070421,Or52n4,5830
ENSMUSG00000070423,Or51e1,9256
ENSMUSG00000070424,Art5,21027
ENSMUSG00000070425,Xntrpc,4173
ENSMUSG00000070426,Rnf121,21800
ENSMUSG00000070427,Il18bp,18865
ENSMUSG00000070436,Serpinh1,68230
ENSMUSG00000070438,Or5af2,3686
ENSMUSG00000070458,Vmn2r73,77036
ENSMUSG00000070459,Or5ae1,10392
ENSMUSG00000070460,Or5ae2,4630
ENSMUSG00000070462,Tlnrd1,7243
ENSMUSG00000070464,Ccl26,282
ENSMUSG00000070469,Adamtsl3,21165
ENSMUSG00000070471,Erich6,3111
ENSMUSG00000070473,Cldn3,1259
ENSMUSG00000070476,Fam217b,27403
ENSMUSG00000070489,4930527J03Rik,594
ENSMUSG00000070493,Chchd2,9380
ENSMUSG00000070495,Ctcfl,7211
ENSMUSG00000070498,Tmem132b,23874
ENSMUSG00000070501,Ifi214,2888
ENSMUSG00000070504,Fcrl6,1912
ENSMUSG00000070509,Rgma,12313
ENSMUSG00000070520,Nsmce3,5946
ENSMUSG00000070524,Fcrlb,1284
ENSMUSG00000070526,Peg12,2640
ENSMUSG00000070527,Mkrn3,2547
ENSMUSG00000070529,Wfdc10,1395
ENSMUSG00000070530,Wfdc16,2321
ENSMUSG00000070531,Wfdc6b,984
ENSMUSG00000070532,Ccdc190,18261
ENSMUSG00000070533,Wfdc8,6551
ENSMUSG00000070544,Top1,25386
ENSMUSG00000070546,Mrgprb3,1009
ENSMUSG00000070547,Mrgprb1,5474
ENSMUSG00000070550,Mrgprb4,1219
ENSMUSG00000070551,Mrgprb5,1037
ENSMUSG00000070552,Mrgprx1,1180
ENSMUSG00000070563,Spaca4,707
ENSMUSG00000070564,Ntn5,15771
ENSMUSG00000070565,Rasal2,33956
ENSMUSG00000070568,Slc6a21,4570
ENSMUSG00000070570,Slc17a7,59447
ENSMUSG00000070576,Mn1,6860
ENSMUSG00000070577,Ciroz,3787
ENSMUSG00000070583,Fv1,6834
ENSMUSG00000070594,Cfhr4,21450
ENSMUSG00000070601,Vmn2r84,20861
ENSMUSG00000070604,Vsig10l,6309
ENSMUSG00000070605,Zfp992,10028
ENSMUSG00000070609,Aadacl4,1224
ENSMUSG00000070616,Gm13040,2075
ENSMUSG00000070617,Pramel23,1807
ENSMUSG00000070618,Pramel20,4305
ENSMUSG00000070619,Pramel31,2105
ENSMUSG00000070637,Srarp,905
ENSMUSG00000070639,Lrrc8b,6877
ENSMUSG00000070643,Sox13,27483
ENSMUSG00000070644,Etnk2,46859
ENSMUSG00000070645,Ren1,1592
ENSMUSG00000070661,Rnf186,2503
ENSMUSG00000070677,Pramel48,4954
ENSMUSG00000070683,Lactbl1,2954
ENSMUSG00000070686,Pramel34,7506
ENSMUSG00000070687,Htr1d,20612
ENSMUSG00000070690,Albfm1,18347
ENSMUSG00000070691,Runx3,7559
ENSMUSG00000070695,Cntnap5a,10945
ENSMUSG00000070697,Utp3,1629
ENSMUSG00000070699,Sars2,23529
ENSMUSG00000070702,Csn1s1,2775
ENSMUSG00000070704,Ugt2b36,3014
ENSMUSG00000070705,Eid2b,1751
ENSMUSG00000070708,Gtsf1l,3586
ENSMUSG00000070709,Zfp974,47579
ENSMUSG00000070713,Hmgn2-ps,1151
ENSMUSG00000070719,Pla2g4d,3688
ENSMUSG00000070720,Tmem200b,2331
ENSMUSG00000070730,Rmdn3,8975
ENSMUSG00000070732,Rbm44,22824
ENSMUSG00000070733,Fryl,21397
ENSMUSG00000070737,Tmem35b,8805
ENSMUSG00000070738,Dgkd,157191
ENSMUSG00000070777,Ceacam20,2888
ENSMUSG00000070780,Rbm47,75125
ENSMUSG00000070796,Psg21,4140
ENSMUSG00000070797,Psg27,1942
ENSMUSG00000070798,Psg25,3109
ENSMUSG00000070799,Psg26,2086
ENSMUSG00000070802,Pnma8b,4147
ENSMUSG00000070803,Cited4,1249
ENSMUSG00000070806,Zmynd12,3705
ENSMUSG00000070808,Bicra,18210
ENSMUSG00000070810,Sult2a6,2491
ENSMUSG00000070811,Sult2a2,2227
ENSMUSG00000070814,Zswim9,95260
ENSMUSG00000070815,Vmn1r87,10035
ENSMUSG00000070816,Vmn1r86,19262
ENSMUSG00000070817,Vmn1r85,14238
ENSMUSG00000070820,Or13p5,3507
ENSMUSG00000070821,Or13p8,11371
ENSMUSG00000070822,Zscan18,38183
ENSMUSG00000070828,Zscan4f,7633
ENSMUSG00000070837,Aurkc,19011
ENSMUSG00000070841,Vmn2r34,3699
ENSMUSG00000070844,Vmn2r42,13938
ENSMUSG00000070847,Vmn2r30,9564
ENSMUSG00000070852,Or12e9,2941
ENSMUSG00000070853,Or12e14,3311
ENSMUSG00000070855,Or10ag54,10579
ENSMUSG00000070856,Or10ag53,9304
ENSMUSG00000070857,Or10ag52,2930
ENSMUSG00000070858,Nicol1,5929
ENSMUSG00000070866,Zfp804a,9713
ENSMUSG00000070867,Trabd2b,33381
ENSMUSG00000070868,Skint3,7482
ENSMUSG00000070870,Cryge,1447
ENSMUSG00000070871,Ccnyl1,9412
ENSMUSG00000070873,Lilra5,17587
ENSMUSG00000070875,Or8h10,3906
ENSMUSG00000070877,Ldlrad1,1093
ENSMUSG00000070880,Gad1,73523
ENSMUSG00000070883,Cfap210,6306
ENSMUSG00000070890,Pramel19,3972
ENSMUSG00000070902,Zfp352,3932
ENSMUSG00000070904,Ifna4,561
ENSMUSG00000070908,Gm13288,2850
ENSMUSG00000070923,Klhl9,4174
ENSMUSG00000070933,Speer4d,2304
ENSMUSG00000070934,Rraga,1618
ENSMUSG00000070939,Tgfbrap1,79779
ENSMUSG00000070942,Il1rl2,12246
ENSMUSG00000070943,Or1ak2,948
ENSMUSG00000070953,Rabepk,37242
ENSMUSG00000070972,Dnajc25,10660
ENSMUSG00000070979,Actl7a,7002
ENSMUSG00000070980,Actl7b,1439
ENSMUSG00000070983,Or13d1,8790
ENSMUSG00000070985,Acnat1,10248
ENSMUSG00000070990,Foxe1,2804
ENSMUSG00000070999,Ccin,1941
ENSMUSG00000071000,Or13c7,4652
ENSMUSG00000071001,Hrct1,1452
ENSMUSG00000071005,Ccl19,2272
ENSMUSG00000071014,Ndufb6,5010
ENSMUSG00000071015,Gm136,3159
ENSMUSG00000071019,Sdr16c6,3759
ENSMUSG00000071037,Camkmt,28586
ENSMUSG00000071042,Rasgrp3,57128
ENSMUSG00000071047,Ces1a,1980
ENSMUSG00000071054,Safb,40100
ENSMUSG00000071064,Zfp827,67407
ENSMUSG00000071065,Or6c213,8146
ENSMUSG00000071068,Treml2,9071
ENSMUSG00000071072,Ptges3,17397
ENSMUSG00000071073,Lrrc73,7716
ENSMUSG00000071074,Yipf3,15856
ENSMUSG00000071076,Jund,1667
ENSMUSG00000071078,Nr2c2ap,10431
ENSMUSG00000071089,Trim75,3273
ENSMUSG00000071103,Cfap96,4082
ENSMUSG00000071104,Ccdc110,5327
ENSMUSG00000071112,Spx,1867
ENSMUSG00000071113,Mboat4,1836
ENSMUSG00000071147,Tas2r140,1000
ENSMUSG00000071149,Tas2r115,1033
ENSMUSG00000071150,Tas2r121,918
ENSMUSG00000071158,Klrh1,2682
ENSMUSG00000071165,Gm6040,857
ENSMUSG00000071169,Defb46,174
ENSMUSG00000071172,Srsf3,43957
ENSMUSG00000071176,Arhgef10,84097
ENSMUSG00000071177,Serpina1d,17001
ENSMUSG00000071178,Serpina1b,18087
ENSMUSG00000071179,Serpina16,2839
ENSMUSG00000071180,Smim15,31684
ENSMUSG00000071185,Or1i2,7285
ENSMUSG00000071192,Wfikkn1,4333
ENSMUSG00000071195,Krtap10-31,930
ENSMUSG00000071202,Ccdc78,1651
ENSMUSG00000071203,Naip5,5204
ENSMUSG00000071226,Cecr2,16851
ENSMUSG00000071229,Timm8a2,1848
ENSMUSG00000071230,Npw,738
ENSMUSG00000071234,Syndig1l,14266
ENSMUSG00000071235,Vrtn,16490
ENSMUSG00000071252,2210408I21Rik,13516
ENSMUSG00000071253,Slc25a16,22795
ENSMUSG00000071256,Zfp213,13712
ENSMUSG00000071262,Zfp957,5364
ENSMUSG00000071266,Zfp946,38439
ENSMUSG00000071267,Zfp942,20711
ENSMUSG00000071275,Fpr-rs6,1020
ENSMUSG00000071276,Fpr-rs7,1017
ENSMUSG00000071281,Zfp65,9611
ENSMUSG00000071291,Zfp58,83889
ENSMUSG00000071302,Zfp1006,20930
ENSMUSG00000071311,Gpr31b,1283
ENSMUSG00000071317,Popdc1,42477
ENSMUSG00000071322,Tcp10a,10445
ENSMUSG00000071324,Armc2,15479
ENSMUSG00000071337,Tia1,31719
ENSMUSG00000071340,Trappc3l,1185
ENSMUSG00000071341,Egr4,6804
ENSMUSG00000071342,Lsmem1,15393
ENSMUSG00000071347,C1qtnf9,9083
ENSMUSG00000071350,Setdb2,21787
ENSMUSG00000071356,Reg3b,6521
ENSMUSG00000071359,Tbpl1,54115
ENSMUSG00000071361,Mcpt9,2000
ENSMUSG00000071369,Map3k5,30171
ENSMUSG00000071379,Hpcal1,40703
ENSMUSG00000071392,Ect2l,11078
ENSMUSG00000071398,Cimip5,13241
ENSMUSG00000071415,Rpl23,10507
ENSMUSG00000071424,Grid2,5860
ENSMUSG00000071428,Vmn1r27,6996
ENSMUSG00000071451,Psmg4,3577
ENSMUSG00000071452,Serpinb9h,1862
ENSMUSG00000071454,Dtnb,112837
ENSMUSG00000071470,Ccnb1ip1,42682
ENSMUSG00000071471,Krtap26-1,973
ENSMUSG00000071477,Zfp777,17182
ENSMUSG00000071478,H2ac7,572
ENSMUSG00000071481,Or2a52,3970
ENSMUSG00000071489,Ptgdr,3193
ENSMUSG00000071490,Vmn1r212,1164
ENSMUSG00000071491,Vmn1r209,13950
ENSMUSG00000071493,Vmn1r208,4083
ENSMUSG00000071494,Or10ac1,5008
ENSMUSG00000071497,Nutf2-ps1,901
ENSMUSG00000071506,Tmem139,7797
ENSMUSG00000071510,Or5k1b,2867
ENSMUSG00000071516,H2ac13,393
ENSMUSG00000071517,Prss3l,876
ENSMUSG00000071519,Prss3,822
ENSMUSG00000071521,Try10,884
ENSMUSG00000071522,Or2w1,5050
ENSMUSG00000071528,Atp5mk,11151
ENSMUSG00000071531,Gprin2,31173
ENSMUSG00000071533,Pcnp,40458
ENSMUSG00000071537,Klrg2,13110
ENSMUSG00000071540,3425401B19Rik,104767
ENSMUSG00000071547,Nt5dc2,10625
ENSMUSG00000071550,Cfap44,14250
ENSMUSG00000071551,Akr1c19,16540
ENSMUSG00000071552,Tigit,1049
ENSMUSG00000071553,Cpa2,1388
ENSMUSG00000071561,Cstdc5,3236
ENSMUSG00000071562,Stfa1,7714
ENSMUSG00000071573,Rnls,1597
ENSMUSG00000071586,Gm10337,165
ENSMUSG00000071604,Entrep1,23426
ENSMUSG00000071613,Gm10340,3114
ENSMUSG00000071629,Or5b120,7913
ENSMUSG00000071632,2510002D24Rik,6941
ENSMUSG00000071633,Gm4952,11177
ENSMUSG00000071636,Rimbp3,5380
ENSMUSG00000071637,Cebpd,3746
ENSMUSG00000071644,Eef1g,12977
ENSMUSG00000071645,Tut1,20666
ENSMUSG00000071646,Mta2,50544
ENSMUSG00000071647,Eml3,34013
ENSMUSG00000071648,Rom1,1517
ENSMUSG00000071649,B3gat3,10393
ENSMUSG00000071650,Ganab,41769
ENSMUSG00000071652,Ints5,6550
ENSMUSG00000071653,1810009A15Rik,806
ENSMUSG00000071654,Uqcc3,2324
ENSMUSG00000071655,Ubxn1,15960
ENSMUSG00000071656,Lrrn4cl,5102
ENSMUSG00000071657,Bscl2,32503
ENSMUSG00000071658,Gng3,11286
ENSMUSG00000071659,Hnrnpul2,5567
ENSMUSG00000071660,Ttc9c,29356
ENSMUSG00000071661,Zbtb3,15560
ENSMUSG00000071662,Polr2g,5939
ENSMUSG00000071665,Foxr2,6282
ENSMUSG00000071669,Snx29,49901
ENSMUSG00000071679,Rtl4,5393
ENSMUSG00000071686,Tex13a,1317
ENSMUSG00000071691,Top6bl,24370
ENSMUSG00000071708,Sms,26234
ENSMUSG00000071711,Mpst,10586
ENSMUSG00000071713,Csf2rb,11804
ENSMUSG00000071714,Csf2rb2,9153
ENSMUSG00000071715,Ncf4,3078
ENSMUSG00000071716,Apol7e,2208
ENSMUSG00000071719,Nalf2,4771
ENSMUSG00000071722,Spin4,4173
ENSMUSG00000071723,Gspt2,2491
ENSMUSG00000071724,Smpd5,1909
ENSMUSG00000071726,Gm5941,560
ENSMUSG00000071738,Cldn34b3,2352
ENSMUSG00000071745,Pwwp4b,8636
ENSMUSG00000071748,Styx-ps,4226
ENSMUSG00000071749,4933412E24Rik,1748
ENSMUSG00000071757,Zhx2,4389
ENSMUSG00000071764,Or11q2,4786
ENSMUSG00000071766,Rhox12,2362
ENSMUSG00000071767,Rhox7a,983
ENSMUSG00000071769,Rhox3h,1053
ENSMUSG00000071770,Rhox4e,978
ENSMUSG00000071771,Rhox4b,887
ENSMUSG00000071772,Rhox3a,1053
ENSMUSG00000071773,Rhox1,897
ENSMUSG00000071788,Gm14525,1865
ENSMUSG00000071815,Fthl17e,841
ENSMUSG00000071816,Ssxb5,602
ENSMUSG00000071847,Apcdd1,27164
ENSMUSG00000071855,Ccdc112,2801
ENSMUSG00000071856,Mcc,15684
ENSMUSG00000071858,Gm94,2479
ENSMUSG00000071862,Lrrtm2,7653
ENSMUSG00000071866,Ppia,4680
ENSMUSG00000071890,Mroh9,2956
ENSMUSG00000071893,Vmn1r4,4964
ENSMUSG00000071909,Nutm2,2548
ENSMUSG00000071937,Adam25,2621
ENSMUSG00000071984,Fndc1,41421
ENSMUSG00000072049,Vmn2r121,5482
ENSMUSG00000072066,Zfp1008,6139
ENSMUSG00000072082,Ccnf,50892
ENSMUSG00000072100,Cldn34b1,2205
ENSMUSG00000072115,Ang,11825
ENSMUSG00000072145,BC061237,1792
ENSMUSG00000072188,Speer4e2,2324
ENSMUSG00000072214,Septin5,12776
ENSMUSG00000072235,Tuba1a,21158
ENSMUSG00000072244,Trim6,26902
ENSMUSG00000072249,Fthl17f,847
ENSMUSG00000072258,Taf1a,35637
ENSMUSG00000072259,Gm5592,5950
ENSMUSG00000072294,Klf12,22585
ENSMUSG00000072295,C2cd6,15553
ENSMUSG00000072419,Dppa2,16721
ENSMUSG00000072423,Psmb11,4247
ENSMUSG00000072437,Nanos1,3928
ENSMUSG00000072473,1700024G13Rik,850
ENSMUSG00000072476,Rnf26rt,2353
ENSMUSG00000072479,Xlr5b,24741
ENSMUSG00000072487,Mroh5,8951
ENSMUSG00000072494,Ppp1r3e,3825
ENSMUSG00000072501,Phf20l1,235420
ENSMUSG00000072511,Hhla1,4481
ENSMUSG00000072553,Gm525,1188
ENSMUSG00000072568,Lratd2,27988
ENSMUSG00000072571,Tmem253,3343
ENSMUSG00000072572,Slc39a2,12054
ENSMUSG00000072575,Eddm3b,1412
ENSMUSG00000072582,Ptrh2,16183
ENSMUSG00000072595,4930503E14Rik,1287
ENSMUSG00000072596,Ear2,4290
ENSMUSG00000072598,Ang6,714
ENSMUSG00000072601,Ear1,1380
ENSMUSG00000072605,Gm10376,900
ENSMUSG00000072620,Slfn2,1993
ENSMUSG00000072621,Slfn10,6452
ENSMUSG00000072623,Zfp9,8035
ENSMUSG00000072624,Gm5460,1903
ENSMUSG00000072625,Gdf2,3055
ENSMUSG00000072640,Lyrm9,35654
ENSMUSG00000072647,Adam1a,3496
ENSMUSG00000072662,Mansc4,1708
ENSMUSG00000072663,Spef2,36105
ENSMUSG00000072664,Ugt3a2,4036
ENSMUSG00000072676,Tmem254,6168
ENSMUSG00000072694,Gm57857,15236
ENSMUSG00000072704,Smim10l1,12774
ENSMUSG00000072707,Or2t1,8211
ENSMUSG00000072708,Or1e22,7315
ENSMUSG00000072709,Or1e21,4191
ENSMUSG00000072718,Klra10,2182
ENSMUSG00000072720,Myo18b,144617
ENSMUSG00000072722,Ccdc121rt2,2313
ENSMUSG00000072726,Gm5797,997
ENSMUSG00000072738,Gm16440,1089
ENSMUSG00000072739,Gm10408,1512
ENSMUSG00000072754,Lrcol1,1529
ENSMUSG00000072762,4930522L14Rik,8659
ENSMUSG00000072763,Zfp1007,4079
ENSMUSG00000072770,Acrbp,5443
ENSMUSG00000072772,Grcc10,6414
ENSMUSG00000072774,Zfp951,8667
ENSMUSG00000072778,Vmn2r27,6419
ENSMUSG00000072780,Vmn2r24,32936
ENSMUSG00000072791,Abcb5,4368
ENSMUSG00000072813,Pramel55,2118
ENSMUSG00000072814,Pramel54,1528
ENSMUSG00000072821,Pramel53,1528
ENSMUSG00000072822,Pramel37,1597
ENSMUSG00000072825,Cep170b,66164
ENSMUSG00000072845,Tmprss11a,2657
ENSMUSG00000072849,Serpina1e,18580
ENSMUSG00000072872,Rybp,4503
ENSMUSG00000072875,Gpr27,2388
ENSMUSG00000072878,Nup50l,1747
ENSMUSG00000072888,Samt2,3844
ENSMUSG00000072889,Nfxl1,18807
ENSMUSG00000072905,Eif1ad3,1766
ENSMUSG00000072915,Gm12258,8967
ENSMUSG00000072919,Noxred1,2766
ENSMUSG00000072923,Gm10439,1977
ENSMUSG00000072930,Gm15107,2028
ENSMUSG00000072931,Gm15080,2029
ENSMUSG00000072934,Trpc5os,7103
ENSMUSG00000072941,Sod3,23652
ENSMUSG00000072944,Nup62cl,16160
ENSMUSG00000072945,Ripply1,6007
ENSMUSG00000072946,Ptgr2,167627
ENSMUSG00000072949,Acot1,3868
ENSMUSG00000072955,Tmsb15l,816
ENSMUSG00000072964,Bhlhb9,5635
ENSMUSG00000072966,Gprasp2,133808
ENSMUSG00000072968,Gm17728,399
ENSMUSG00000072969,Armcx5,35973
ENSMUSG00000072972,Adam4,2504
ENSMUSG00000072974,Gm4787,2474
ENSMUSG00000072980,Oip5,4746
ENSMUSG00000072983,4933414I15Rik,2206
ENSMUSG00000072995,Cpxcr1,1596
ENSMUSG00000073001,Cylc1,2076
ENSMUSG00000073002,Vamp5,8243
ENSMUSG00000073006,Wmp,1661
ENSMUSG00000073007,Tent5d,6590
ENSMUSG00000073008,Gpr174,25401
ENSMUSG00000073010,Gm5127,6019
ENSMUSG00000073012,Fnd3c2,3662
ENSMUSG00000073016,Uprt,13822
ENSMUSG00000073027,Dmrtc1b,3774
ENSMUSG00000073043,Atoh1,2121
ENSMUSG00000073062,Zxdb,5619
ENSMUSG00000073063,Hbq1b,1376
ENSMUSG00000073069,Mageb2,4354
ENSMUSG00000073077,Cfap47,14737
ENSMUSG00000073079,Srp54a,25573
ENSMUSG00000073085,Cldn34b4,4390
ENSMUSG00000073094,Smim9,1813
ENSMUSG00000073096,Lrrc61,20110
ENSMUSG00000073102,Drc1,9594
ENSMUSG00000073110,Or2a56,2522
ENSMUSG00000073111,Or2a12,13759
ENSMUSG00000073116,Speer4a2,2967
ENSMUSG00000073117,Gm7347,2995
ENSMUSG00000073119,Speer4a1,2980
ENSMUSG00000073125,Xlr3b,24611
ENSMUSG00000073130,Pasd1,4987
ENSMUSG00000073131,Vma21,13137
ENSMUSG00000073139,Tmem185a,12025
ENSMUSG00000073155,Stmp1,13797
ENSMUSG00000073158,9030624G23Rik,6369
ENSMUSG00000073176,Zfp449,15364
ENSMUSG00000073177,Gm773,3691
ENSMUSG00000073197,5730507C01Rik,4976
ENSMUSG00000073207,Ccdc160,11377
ENSMUSG00000073208,Speer4c1,2786
ENSMUSG00000073209,Klf14,3056
ENSMUSG00000073234,Fam237b,1268
ENSMUSG00000073243,Gm9,7511
ENSMUSG00000073245,Gm14819,1567
ENSMUSG00000073247,Gm10486,1879
ENSMUSG00000073255,Gm14632,2306
ENSMUSG00000073257,Gm10488,1863
ENSMUSG00000073267,Gm1993,2281
ENSMUSG00000073293,Nudt10,6512
ENSMUSG00000073294,Ezhip,4043
ENSMUSG00000073295,Nudt11,3036
ENSMUSG00000073375,Lrrc30,1760
ENSMUSG00000073380,Arrdc5,4986
ENSMUSG00000073386,Trem5,10964
ENSMUSG00000073396,Esp1,2098
ENSMUSG00000073399,Trim40,3903
ENSMUSG00000073400,Trim10,13710
ENSMUSG00000073402,H2-T5,4000
ENSMUSG00000073406,H2-T13,5470
ENSMUSG00000073408,Mucl3,2611
ENSMUSG00000073409,H2-Q6,10521
ENSMUSG00000073411,H2-D1,22755
ENSMUSG00000073412,Lst1,3872
ENSMUSG00000073413,Ly6g6d,1945
ENSMUSG00000073414,Mpig6b,2981
ENSMUSG00000073418,C4b,71033
ENSMUSG00000073421,H2-Ab1,7776
ENSMUSG00000073422,Hsd17b8,2873
ENSMUSG00000073423,Zfp414,5760
ENSMUSG00000073424,Cyp4f15,17365
ENSMUSG00000073427,Gm4924,22901
ENSMUSG00000073433,Arhgdig,9935
ENSMUSG00000073434,Wdr90,23841
ENSMUSG00000073435,Nme3,10202
ENSMUSG00000073436,Eme2,54114
ENSMUSG00000073448,Gm10509,29157
ENSMUSG00000073457,Smok2b,3890
ENSMUSG00000073458,Smok2a,3884
ENSMUSG00000073460,Pnldc1,5858
ENSMUSG00000073468,Sft2d1,7698
ENSMUSG00000073471,Rsph3a,7702
ENSMUSG00000073481,Mtarc2,11689
ENSMUSG00000073489,Ifi204,4836
ENSMUSG00000073490,Ifi207,17727
ENSMUSG00000073491,Ifi213,10797
ENSMUSG00000073494,Sh2d1b2,2542
ENSMUSG00000073514,Dok6,19042
ENSMUSG00000073530,Pappa2,9518
ENSMUSG00000073542,Cep76,31073
ENSMUSG00000073551,Spink13,1521
ENSMUSG00000073555,Iigp1c,16410
ENSMUSG00000073557,Ppp1r12b,37827
ENSMUSG00000073563,Csnk1g3,98552
ENSMUSG00000073565,Prr16,2938
ENSMUSG00000073568,Arl14epl,21720
ENSMUSG00000073573,Spink11,1492
ENSMUSG00000073574,Grxcr2,2004
ENSMUSG00000073591,Pcdhb22,8875
ENSMUSG00000073598,Smim33,2630
ENSMUSG00000073599,Ecscr,7540
ENSMUSG00000073600,Prob1,7909
ENSMUSG00000073601,Serpinb3c,1660
ENSMUSG00000073602,Serpinb3b,3316
ENSMUSG00000073608,Gal3st2c,9667
ENSMUSG00000073609,D2hgdh,179553
ENSMUSG00000073616,Cops9,1091
ENSMUSG00000073633,Fbxo36,2491
ENSMUSG00000073639,Rab18,33896
ENSMUSG00000073643,Wdfy1,24352
ENSMUSG00000073650,Catip,7626
ENSMUSG00000073658,Crygb,645
ENSMUSG00000073664,Nbeal1,61827
ENSMUSG00000073676,Hspe1,7877
ENSMUSG00000073678,Pgap1,36345
ENSMUSG00000073680,Tmem278,7158
ENSMUSG00000073684,Faap20,3595
ENSMUSG00000073700,Klhl21,7568
ENSMUSG00000073702,Rpl31,47926
ENSMUSG00000073705,Cenps,9012
ENSMUSG00000073721,Pramel15,1461
ENSMUSG00000073722,Spata31e2,4318
ENSMUSG00000073723,Pramel61,1651
ENSMUSG00000073724,Pramel4,6363
ENSMUSG00000073725,Lmbrd1,70656
ENSMUSG00000073730,Ppp1r14bl,1781
ENSMUSG00000073733,Cplane2,7934
ENSMUSG00000073735,Defb18,258
ENSMUSG00000073747,Zpld2,2338
ENSMUSG00000073755,5730409E04Rik,5777
ENSMUSG00000073758,Sh3d21,11338
ENSMUSG00000073764,Gm12888,1181
ENSMUSG00000073768,Or10ak16,3394
ENSMUSG00000073769,Or10ak9,7328
ENSMUSG00000073771,Btbd19,7752
ENSMUSG00000073774,Kncn,951
ENSMUSG00000073775,Kti12,1629
ENSMUSG00000073785,Krtap5-5,1177
ENSMUSG00000073786,Krtap5-21,732
ENSMUSG00000073791,Efcab7,6770
ENSMUSG00000073792,Alg6,54671
ENSMUSG00000073794,I0C0044D17Rik,2774
ENSMUSG00000073795,Spef1l,6616
ENSMUSG00000073802,Cdkn2b,2722
ENSMUSG00000073804,Nps,3129
ENSMUSG00000073805,Insyn2a,9290
ENSMUSG00000073811,Ifna12,797
ENSMUSG00000073830,Mup14,10833
ENSMUSG00000073834,Mup11,15014
ENSMUSG00000073838,Tufm,15288
ENSMUSG00000073842,Mup7,23489
ENSMUSG00000073856,Iqck,16146
ENSMUSG00000073876,Il11ra3,1953
ENSMUSG00000073877,Ccl27al,9584
ENSMUSG00000073878,Ccl21f,837
ENSMUSG00000073888,Ccl27a,24843
ENSMUSG00000073889,Il11ra1,45935
ENSMUSG00000073893,Or5p52,11765
ENSMUSG00000073894,Rbmxl2,1472
ENSMUSG00000073896,Or2d36,15751
ENSMUSG00000073897,Or10a4,4614
ENSMUSG00000073898,Or10a5,7304
ENSMUSG00000073899,Or2d3b,5777
ENSMUSG00000073900,Or2ag20,3072
ENSMUSG00000073901,Or2ag19,2880
ENSMUSG00000073906,Or52w1,2252
ENSMUSG00000073907,Or56b35,6895
ENSMUSG00000073909,Or56b34,966
ENSMUSG00000073910,Mob3b,8588
ENSMUSG00000073913,Or52e5,3311
ENSMUSG00000073914,Or52e4,4166
ENSMUSG00000073915,Or52e7,3756
ENSMUSG00000073916,Or52n5,5485
ENSMUSG00000073917,Or52n3,9019
ENSMUSG00000073920,Or56b2,4754
ENSMUSG00000073922,Or52n20,5811
ENSMUSG00000073923,Or56b1,5305
ENSMUSG00000073924,Or52p1,5082
ENSMUSG00000073925,Or52u1,5374
ENSMUSG00000073926,Or52d3,10597
ENSMUSG00000073927,Or52h7,15835
ENSMUSG00000073928,Or52h9,2667
ENSMUSG00000073931,Or52d1,4717
ENSMUSG00000073932,Or51i2,3318
ENSMUSG00000073937,Or51k2,4854
ENSMUSG00000073938,Or51ai2,4236
ENSMUSG00000073940,Hbb-bt,11861
ENSMUSG00000073943,Or52z15,966
ENSMUSG00000073944,Or52z14,2494
ENSMUSG00000073945,Or52z13,4261
ENSMUSG00000073946,Or52z12,7040
ENSMUSG00000073947,Or51ah3,7814
ENSMUSG00000073948,Or52ae7,1482
ENSMUSG00000073949,Or51l14,5922
ENSMUSG00000073950,Or52ab4,3233
ENSMUSG00000073951,Or52ab7,2986
ENSMUSG00000073952,Or52ab2,3675
ENSMUSG00000073953,Or52e19,4331
ENSMUSG00000073954,Or52e3,3896
ENSMUSG00000073955,Or52s1,1935
ENSMUSG00000073956,Or52j3,13483
ENSMUSG00000073959,Or52r1c,4116
ENSMUSG00000073960,Or51f1d,960
ENSMUSG00000073961,Or52r1b,8869
ENSMUSG00000073962,Or51a7,4059
ENSMUSG00000073963,Or51h5,3318
ENSMUSG00000073964,Or51a8,2468
ENSMUSG00000073965,Or51f2,942
ENSMUSG00000073966,Or51f5,3569
ENSMUSG00000073967,Or51d1,3737
ENSMUSG00000073968,Trim68,37066
ENSMUSG00000073969,Or52i2,8589
ENSMUSG00000073970,Or51h1,948
ENSMUSG00000073971,Or52m1,6128
ENSMUSG00000073972,Or52m2,4953
ENSMUSG00000073973,Or52k2,5160
ENSMUSG00000073974,Or52p2,6519
ENSMUSG00000073975,Or51r1,11006
ENSMUSG00000073977,Or52b3,2842
ENSMUSG00000073978,Or52b4i,4287
ENSMUSG00000073979,Or52b4,936
ENSMUSG00000073982,Rhog,20904
ENSMUSG00000073987,Ggh,10013
ENSMUSG00000073988,Ttpa,17335
ENSMUSG00000073991,Cnbd1,1653
ENSMUSG00000073997,Or2at1,5499
ENSMUSG00000073998,Or2at4,2281
ENSMUSG00000074001,Klhl40,13030
ENSMUSG00000074003,Gucy2d,7171
ENSMUSG00000074004,B3gnt6,2411
ENSMUSG00000074006,Omp,2144
ENSMUSG00000074011,Pramel41,1528
ENSMUSG00000074028,Slc22a13,2001
ENSMUSG00000074030,Exoc8,4598
ENSMUSG00000074037,Mc1r,3638
ENSMUSG00000074059,Fbxw18,1519
ENSMUSG00000074060,Fbxw15,2441
ENSMUSG00000074061,Fbxw19,1483
ENSMUSG00000074062,Fbxw16,1497
ENSMUSG00000074063,Osgin1,27375
ENSMUSG00000074064,Mlycd,24969
ENSMUSG00000074071,Fam169b,21431
ENSMUSG00000074088,Snrnp40,9386
ENSMUSG00000074093,Svip,38144
ENSMUSG00000074102,Rbm15b,6511
ENSMUSG00000074109,Mrgprx2,6540
ENSMUSG00000074111,Mrgpra9,2139
ENSMUSG00000074115,Saa1,9495
ENSMUSG00000074121,Ntf5,6657
ENSMUSG00000074123,Prr23a4,1504
ENSMUSG00000074127,Cmtm2a,12698
ENSMUSG00000074129,Rpl13a,22044
ENSMUSG00000074139,Plscr1l1,3874
ENSMUSG00000074141,Il4i1,6645
ENSMUSG00000074151,Nlrc5,19075
ENSMUSG00000074155,Klk5,1242
ENSMUSG00000074156,Ces1h,1870
ENSMUSG00000074158,Zfp976,3884
ENSMUSG00000074165,Zfp788,17213
ENSMUSG00000074166,AW146154,14445
ENSMUSG00000074170,Plekhf1,45747
ENSMUSG00000074179,Gsta5,5990
ENSMUSG00000074182,Znhit6,12380
ENSMUSG00000074183,Gsta1,2877
ENSMUSG00000074194,Zfp791,18351
ENSMUSG00000074195,Clca4b,2997
ENSMUSG00000074199,Krtdap,6499
ENSMUSG00000074206,Adh6b,4051
ENSMUSG00000074207,Adh1,11921
ENSMUSG00000074211,Sdhaf1,2490
ENSMUSG00000074212,Dnajb14,30127
ENSMUSG00000074215,Gm10643,1577
ENSMUSG00000074217,Misp3,3416
ENSMUSG00000074218,Cox7a1,1714
ENSMUSG00000074220,Zfp382,17802
ENSMUSG00000074221,Zfp568,36105
ENSMUSG00000074227,Spint2,13453
ENSMUSG00000074238,Ap1ar,29212
ENSMUSG00000074240,Cib3,1202
ENSMUSG00000074247,Dda1,25193
ENSMUSG00000074254,Cyp2a4,5205
ENSMUSG00000074259,Gramd2a,7565
ENSMUSG00000074261,Erich4,2648
ENSMUSG00000074264,Amy1,19961
ENSMUSG00000074268,Amy2a5,3715
ENSMUSG00000074269,Rec114,9965
ENSMUSG00000074272,Ceacam1,48649
ENSMUSG00000074277,Phldb3,4859
ENSMUSG00000074282,Zfp94,53245
ENSMUSG00000074283,Zfp109,12205
ENSMUSG00000074291,Vmn1r168,7634
ENSMUSG00000074300,Smim31,1507
ENSMUSG00000074305,Peak1,51894
ENSMUSG00000074311,Vmn1r139,1647
ENSMUSG00000074322,Vmn1r132,894
ENSMUSG00000074336,Apoc4,4545
ENSMUSG00000074340,Ovgp1,2616
ENSMUSG00000074342,I830077J02Rik,5420
ENSMUSG00000074344,Tmigd3,7936
ENSMUSG00000074345,Tnfaip8l3,5281
ENSMUSG00000074358,Ccdc61,27002
ENSMUSG00000074359,Psg23,2179
ENSMUSG00000074361,C5ar2,25158
ENSMUSG00000074364,Ehd2,39547
ENSMUSG00000074366,Obox5,3706
ENSMUSG00000074369,Obox2,5465
ENSMUSG00000074375,Sult2a3,1926
ENSMUSG00000074377,Sult2a4,1948
ENSMUSG00000074378,Bsph1,1614
ENSMUSG00000074384,AI429214,1930
ENSMUSG00000074397,Foxr1,8332
ENSMUSG00000074403,H3c13,488
ENSMUSG00000074405,Zfp865,10254
ENSMUSG00000074406,Zfp628,14038
ENSMUSG00000074417,Pira12,17661
ENSMUSG00000074419,Pira13,7698
ENSMUSG00000074424,Spopfm2,4452
ENSMUSG00000074433,Lce3e,607
ENSMUSG00000074434,Defa28,859
ENSMUSG00000074435,Smcp,13050
ENSMUSG00000074437,Defa29,1012
ENSMUSG00000074439,Defa5,376
ENSMUSG00000074440,Defa3,816
ENSMUSG00000074441,Defa40,385
ENSMUSG00000074442,Defa31,1187
ENSMUSG00000074443,Defa22,838
ENSMUSG00000074444,Defa30,2159
ENSMUSG00000074445,Sprr2a3,3562
ENSMUSG00000074446,Defa23,1547
ENSMUSG00000074447,Defa21,1235
ENSMUSG00000074448,Pate9,2348
ENSMUSG00000074449,Potefam3a,2522
ENSMUSG00000074452,Pate2,4652
ENSMUSG00000074454,Defb33,2222
ENSMUSG00000074457,S100a16,33809
ENSMUSG00000074472,Zfp872,4383
ENSMUSG00000074476,Spc24,13411
ENSMUSG00000074480,Mex3a,5778
ENSMUSG00000074483,Bglap,440
ENSMUSG00000074486,Bglap2,525
ENSMUSG00000074489,Bglap3,6947
ENSMUSG00000074491,Clec4g,10299
ENSMUSG00000074500,Zfp558,21449
ENSMUSG00000074502,Ubtfl1,10393
ENSMUSG00000074505,Fat3,37232
ENSMUSG00000074513,Arfip1,50002
ENSMUSG00000074519,Zfp971,8742
ENSMUSG00000074521,Zfp1003,10807
ENSMUSG00000074527,Gm14296,4573
ENSMUSG00000074529,Zfp972,6551
ENSMUSG00000074569,Gcnt7,2220
ENSMUSG00000074570,Cass4,23887
ENSMUSG00000074575,Kcng1,20331
ENSMUSG00000074576,Mocs3,1973
ENSMUSG00000074577,Ripor3,3580
ENSMUSG00000074579,Lekr1,47989
ENSMUSG00000074582,Arfgef2,97556
ENSMUSG00000074591,Ankub1,6416
ENSMUSG00000074593,Spint5,448
ENSMUSG00000074594,Wfdc9,799
ENSMUSG00000074595,Wfdc6a,2458
ENSMUSG00000074596,Spint3,557
ENSMUSG00000074604,Mgst2,3418
ENSMUSG00000074607,Tox2,15797
ENSMUSG00000074619,Fundc2b,2348
ENSMUSG00000074622,Mafb,3363
ENSMUSG00000074623,Gm826,3018
ENSMUSG00000074625,Arhgap40,2210
ENSMUSG00000074627,Mroh8,11782
ENSMUSG00000074628,Tldc2,1711
ENSMUSG00000074634,Tmem267,5170
ENSMUSG00000074637,Sox2,2057
ENSMUSG00000074639,Rdh16f2,1265
ENSMUSG00000074643,Cpne1,9487
ENSMUSG00000074646,6430550D23Rik,8715
ENSMUSG00000074647,Fam83c,6309
ENSMUSG00000074649,Mmp24os1,1651
ENSMUSG00000074651,Mcidas,2428
ENSMUSG00000074652,Myh7b,6199
ENSMUSG00000074653,Lrrc31,55719
ENSMUSG00000074655,Gm1527,9707
ENSMUSG00000074656,Eif2s2,19330
ENSMUSG00000074657,Kif5a,147400
ENSMUSG00000074665,Bpifb4,9572
ENSMUSG00000074671,Tspyl3,3072
ENSMUSG00000074673,Ttll9,9007
ENSMUSG00000074676,Foxs1,1311
ENSMUSG00000074677,Sirpb1c,16408
ENSMUSG00000074678,Defb25,1968
ENSMUSG00000074679,Defb28,1242
ENSMUSG00000074680,Defb26,561
ENSMUSG00000074681,Defb23,684
ENSMUSG00000074682,Zcchc3,3073
ENSMUSG00000074695,Il22,1110
ENSMUSG00000074698,Csnk2a1,48199
ENSMUSG00000074704,Rad21l,3309
ENSMUSG00000074715,Ccl28,4105
ENSMUSG00000074731,Zfp345,3434
ENSMUSG00000074733,Zfp950,13372
ENSMUSG00000074736,Syndig1,38464
ENSMUSG00000074738,Fndc10,2140
ENSMUSG00000074743,Thbd,8845
ENSMUSG00000074746,Pdzd8,39030
ENSMUSG00000074748,Atxn7l3b,3566
ENSMUSG00000074749,Kiz,47950
ENSMUSG00000074754,Smim26,2553
ENSMUSG00000074764,Sel1l2,5084
ENSMUSG00000074766,Ism1,5923
ENSMUSG00000074768,Bhmt,18724
ENSMUSG00000074771,Ankef1,8487
ENSMUSG00000074780,Anapc15-ps,399
ENSMUSG00000074781,Ube2n,19220
ENSMUSG00000074785,Plxnc1,29975
ENSMUSG00000074793,Hspa12b,7631
ENSMUSG00000074794,Arrdc3,20585
ENSMUSG00000074796,Slc4a11,30159
ENSMUSG00000074797,Itpa,7901
ENSMUSG00000074802,Gas2l3,15357
ENSMUSG00000074811,Hps6,2666
ENSMUSG00000074812,Spdye4c,2891
ENSMUSG00000074817,Papolb,4239
ENSMUSG00000074818,Pdzd7,12040
ENSMUSG00000074824,Rslcan18,2986
ENSMUSG00000074825,Itpripl1,10667
ENSMUSG00000074826,Ramacl,16908
ENSMUSG00000074829,2010315B03Rik,9645
ENSMUSG00000074832,Zfp998,4595
ENSMUSG00000074847,Gm10775,1203
ENSMUSG00000074849,Spata31d1c,3390
ENSMUSG00000074852,Hpse2,4231
ENSMUSG00000074862,BC025920,11509
ENSMUSG00000074863,Platr25,59362
ENSMUSG00000074865,Zfp934,8585
ENSMUSG00000074867,Zfp808,5141
ENSMUSG00000074870,Cts3,2809
ENSMUSG00000074871,Ctsm,3882
ENSMUSG00000074872,Ctxn2,8140
ENSMUSG00000074874,Ctla2b,4914
ENSMUSG00000074881,Mageb3,2341
ENSMUSG00000074882,Cyp2c68,21044
ENSMUSG00000074884,Serf2,16261
ENSMUSG00000074886,Grk6,90407
ENSMUSG00000074890,Lcmt2,8116
ENSMUSG00000074892,B3galt5,96970
ENSMUSG00000074895,Eif4e1b,7432
ENSMUSG00000074896,Ifit3,14372
ENSMUSG00000074899,Sptbn5,11654
ENSMUSG00000074909,Ranbp6,4575
ENSMUSG00000074913,Gm815,1441
ENSMUSG00000074916,Chst14,4100
ENSMUSG00000074918,Inafm2,3053
ENSMUSG00000074922,Pabir1,855
ENSMUSG00000074923,Pak6,34123
ENSMUSG00000074925,Ptar1,26751
ENSMUSG00000074928,Krtap14,856
ENSMUSG00000074934,Grem1,4157
ENSMUSG00000074939,Chrm5,1599
ENSMUSG00000074945,Or4f61,3915
ENSMUSG00000074946,Or4f60,6125
ENSMUSG00000074947,Or4f59,16907
ENSMUSG00000074952,Or4f57,3056
ENSMUSG00000074955,Or4f56,4529
ENSMUSG00000074965,Or4k35,6906
ENSMUSG00000074966,Or4f52,5350
ENSMUSG00000074968,Ano3,27351
ENSMUSG00000074971,Fibin,2267
ENSMUSG00000074991,Gabrr3,4271
ENSMUSG00000074994,Qser1,60214
ENSMUSG00000074995,Or5ac19,4633
ENSMUSG00000074996,Or5ac17,3659
ENSMUSG00000074997,Pin1rt1,1172
ENSMUSG00000075000,Nrbf2,24010
ENSMUSG00000075002,Ftdc1,713
ENSMUSG00000075012,Fjx1,3134
ENSMUSG00000075023,Accsl,4529
ENSMUSG00000075028,Prdm11,45750
ENSMUSG00000075031,H2bc3,1810
ENSMUSG00000075033,Nxpe3,49580
ENSMUSG00000075040,Zfp408,24388
ENSMUSG00000075044,Slc22a29,3890
ENSMUSG00000075045,Duxf4,1854
ENSMUSG00000075046,Duxf3,2025
ENSMUSG00000075054,Yae1d1,26792
ENSMUSG00000075061,Or4b1b,3369
ENSMUSG00000075062,Or4b12,7531
ENSMUSG00000075063,Or4b13,4548
ENSMUSG00000075064,Or4x15,2495
ENSMUSG00000075065,Or4b1,25458
ENSMUSG00000075066,Or4b1d,10285
ENSMUSG00000075067,Or4x12,930
ENSMUSG00000075068,Or4c3d,7932
ENSMUSG00000075069,Or4c3,5238
ENSMUSG00000075072,Or4c58,4754
ENSMUSG00000075073,Or4a47,12977
ENSMUSG00000075074,Or4a81,5778
ENSMUSG00000075075,Or4a80,17326
ENSMUSG00000075078,Or4a77,10408
ENSMUSG00000075079,Or4a76,4004
ENSMUSG00000075081,Or4a74,9190
ENSMUSG00000075084,Or4a71,4066
ENSMUSG00000075085,Or4a70,8339
ENSMUSG00000075086,Or4a69,5715
ENSMUSG00000075088,Or4a2,4117
ENSMUSG00000075090,Or4a15,6158
ENSMUSG00000075091,Or4c125,3439
ENSMUSG00000075092,Or4c124,5738
ENSMUSG00000075093,Or4c1,4903
ENSMUSG00000075094,Or4c123,918
ENSMUSG00000075095,Or4c15b,8017
ENSMUSG00000075097,Or4c121,25563
ENSMUSG00000075099,Or4c119,5613
ENSMUSG00000075100,Or4c118,2333
ENSMUSG00000075101,Or4c117,8544
ENSMUSG00000075102,Or4c116,12349
ENSMUSG00000075104,Or4c114,22039
ENSMUSG00000075105,Or4c113,12489
ENSMUSG00000075107,Or4c111,8214
ENSMUSG00000075110,Or4c109,5017
ENSMUSG00000075111,Or4c108,4822
ENSMUSG00000075112,Or4c15,9335
ENSMUSG00000075113,Or4c29,6544
ENSMUSG00000075114,Or4p8,6742
ENSMUSG00000075115,Or4a67,6007
ENSMUSG00000075117,Or4p23,7485
ENSMUSG00000075119,Or4a27,3844
ENSMUSG00000075120,Or4a66,9489
ENSMUSG00000075121,Or4c103,3512
ENSMUSG00000075122,Cd80,13927
ENSMUSG00000075125,Or4p20,6110
ENSMUSG00000075126,Or4p4b,932
ENSMUSG00000075127,Or4p18,2233
ENSMUSG00000075128,Or5d3,3742
ENSMUSG00000075132,Or5d43,7631
ENSMUSG00000075133,Or5d41,4306
ENSMUSG00000075136,Or5d37,1112
ENSMUSG00000075137,Or5d36,2654
ENSMUSG00000075139,Or5d14,5745
ENSMUSG00000075140,Or5d18,3990
ENSMUSG00000075141,Or9m1b,7002
ENSMUSG00000075142,Or5d47,957
ENSMUSG00000075143,Or5l14,4621
ENSMUSG00000075144,Or5l13,7647
ENSMUSG00000075145,Or5d16,5115
ENSMUSG00000075146,Or9m1,6481
ENSMUSG00000075148,Or5w17,936
ENSMUSG00000075149,Or5w15,2547
ENSMUSG00000075150,Or5w14,4006
ENSMUSG00000075151,Or5w13,1067
ENSMUSG00000075153,Or5w12,3581
ENSMUSG00000075155,Or5w1b,1935
ENSMUSG00000075156,Or5w10,936
ENSMUSG00000075158,Or5as1,4192
ENSMUSG00000075159,Or5aq1,4098
ENSMUSG00000075160,Or5aq7,13103
ENSMUSG00000075161,Or5aq6,5806
ENSMUSG00000075163,Or5aq1b,5497
ENSMUSG00000075164,Or5j1,6082
ENSMUSG00000075165,Or5be3,3951
ENSMUSG00000075166,Or8i2,6423
ENSMUSG00000075167,Or5t16,4168
ENSMUSG00000075168,Or8h9,5898
ENSMUSG00000075169,Or8h8,3833
ENSMUSG00000075170,Or8h7,9135
ENSMUSG00000075171,Or5t15,927
ENSMUSG00000075172,Or8k40,5099
ENSMUSG00000075174,Or8k3b,4803
ENSMUSG00000075175,Or5t7,2086
ENSMUSG00000075176,Or8k38,11275
ENSMUSG00000075179,Or8k32,5172
ENSMUSG00000075181,Or8k28,942
ENSMUSG00000075185,Or8k25,942
ENSMUSG00000075186,Or8k24,2661
ENSMUSG00000075187,Or8j3b,4197
ENSMUSG00000075188,Or8k23,3292
ENSMUSG00000075189,Or8k53,3565
ENSMUSG00000075190,Or8k22,2349
ENSMUSG00000075192,Or8k21,942
ENSMUSG00000075193,Or8k20,9395
ENSMUSG00000075194,Or8k18,2424
ENSMUSG00000075195,Or8k17,3944
ENSMUSG00000075196,Or8k3,3410
ENSMUSG00000075197,Or8k1,3721
ENSMUSG00000075198,Or8j3,3908
ENSMUSG00000075199,Or8u8,3711
ENSMUSG00000075200,Or8u9,4211
ENSMUSG00000075201,Or5al7,6222
ENSMUSG00000075202,Or5al1,9215
ENSMUSG00000075203,Or5al6,942
ENSMUSG00000075204,Or5al5,9051
ENSMUSG00000075205,Or8u10,5852
ENSMUSG00000075206,Or5m12,984
ENSMUSG00000075208,Or5ar1,3964
ENSMUSG00000075209,Or9g20,6366
ENSMUSG00000075210,Or9g3,7127
ENSMUSG00000075211,Or9g4,3139
ENSMUSG00000075212,Or5g26,1079
ENSMUSG00000075214,Or5g25,3252
ENSMUSG00000075215,Or5g23,4888
ENSMUSG00000075217,Fads2b,2304
ENSMUSG00000075218,Or5ak25,2819
ENSMUSG00000075219,Or5ak24,4053
ENSMUSG00000075220,Or5ak23,945
ENSMUSG00000075221,Or5ak22,5335
ENSMUSG00000075222,Or5ak20,4853
ENSMUSG00000075223,Or5ak4,3946
ENSMUSG00000075224,Lrrc55,11405
ENSMUSG00000075225,Ccdc162,9070
ENSMUSG00000075227,Znhit2,1281
ENSMUSG00000075229,Mix23,15705
ENSMUSG00000075232,Amd1,31143
ENSMUSG00000075249,Fsip2,21116
ENSMUSG00000075254,Heg1,49453
ENSMUSG00000075256,Cerkl,4705
ENSMUSG00000075266,Cenpw,9227
ENSMUSG00000075267,Pjvk,1227
ENSMUSG00000075269,Bex6,2693
ENSMUSG00000075270,Pde11a,39263
ENSMUSG00000075271,Ift70a1,3721
ENSMUSG00000075272,Ift70a2,2431
ENSMUSG00000075273,Ift70b,2737
ENSMUSG00000075284,Wipf1,33003
ENSMUSG00000075289,Carns1,3968
ENSMUSG00000075296,Aldh3b2,2148
ENSMUSG00000075297,H60b,9311
ENSMUSG00000075302,Erich2,3408
ENSMUSG00000075304,Sp5,4028
ENSMUSG00000075307,Klhl41,3092
ENSMUSG00000075316,Scn9a,29460
ENSMUSG00000075318,Scn2a,44772
ENSMUSG00000075324,Fign,9734
ENSMUSG00000075327,Zbtb2,9385
ENSMUSG00000075330,A930003A15Rik,2168
ENSMUSG00000075334,Rprm,1460
ENSMUSG00000075370,Igll1,870
ENSMUSG00000075376,Rc3h2,65133
ENSMUSG00000075377,Or1b1,6223
ENSMUSG00000075378,Or12k8,6400
ENSMUSG00000075379,Or12k5,6021
ENSMUSG00000075380,Or1l8,4543
ENSMUSG00000075382,Or1n1b,8705
ENSMUSG00000075383,Or1n1,7215
ENSMUSG00000075384,Or1j1,2960
ENSMUSG00000075387,Or1j13,7576
ENSMUSG00000075394,Hoxc4,4104
ENSMUSG00000075402,Krt76,2312
ENSMUSG00000075408,Smim41,1947
ENSMUSG00000075410,Prcd,2029
ENSMUSG00000075415,Fnbp1,134508
ENSMUSG00000075419,Dolk,2104
ENSMUSG00000075420,Erln,3076
ENSMUSG00000075427,Or10ad1c,2083
ENSMUSG00000075467,Dnlz,14144
ENSMUSG00000075470,Alg10,16649
ENSMUSG00000075478,Slitrk1,5359
ENSMUSG00000075486,Commd6,7392
ENSMUSG00000075502,Kbtbd6,5966
ENSMUSG00000075510,Fam187a,1563
ENSMUSG00000075520,Malrd1,6738
ENSMUSG00000075524,4930407I10Rik,4675
ENSMUSG00000075528,Aarsd1,12730
ENSMUSG00000075543,Urad,1287
ENSMUSG00000075551,Cyp3a41a,2060
ENSMUSG00000075552,Cyp3a41b,2064
ENSMUSG00000075566,Krtap4-6,918
ENSMUSG00000075567,Krtap1-4,593
ENSMUSG00000075569,Rsph10b,7056
ENSMUSG00000075570,Krt26,2471
ENSMUSG00000075571,Defb30,2997
ENSMUSG00000075572,Defb43,1623
ENSMUSG00000075573,Defb47,2204
ENSMUSG00000075574,Defb48,445
ENSMUSG00000075588,Hoxb2,1628
ENSMUSG00000075590,Nrbp2,22405
ENSMUSG00000075592,Nynrin,7511
ENSMUSG00000075593,Gal3st4,8650
ENSMUSG00000075595,Zfp652,33938
ENSMUSG00000075598,Smok3c,3845
ENSMUSG00000075599,Smok3a,5065
ENSMUSG00000075600,Zc3h3,11117
ENSMUSG00000075602,Ly6a,39442
ENSMUSG00000075604,Cyp11b1,6841
ENSMUSG00000075605,Slurp2,993
ENSMUSG00000075610,Tmem92,4230
ENSMUSG00000075700,Selenot,4102
ENSMUSG00000075701,Selenos,3518
ENSMUSG00000075702,Selenom,907
ENSMUSG00000075703,Selenoi,6803
ENSMUSG00000075704,Txnrd2,14092
ENSMUSG00000075705,Msrb1,2141
ENSMUSG00000075706,Gpx4,2734
ENSMUSG00000075707,Dio3,3479
ENSMUSG00000076430,Hus1b,1187
ENSMUSG00000076431,Sox4,4795
ENSMUSG00000076432,Ywhaq,51291
ENSMUSG00000076433,Cep295nl,13174
ENSMUSG00000076434,Wfdc3,4593
ENSMUSG00000076435,Acsf2,13216
ENSMUSG00000076436,Oxct2a,1760
ENSMUSG00000076437,Selenoh,3664
ENSMUSG00000076438,Oxct2b,1735
ENSMUSG00000076439,Mog,16569
ENSMUSG00000076441,Ass1,33685
ENSMUSG00000077450,Rab11b,26371
ENSMUSG00000078080,Or51f1e,1030
ENSMUSG00000078116,Or7g16,2628
ENSMUSG00000078118,Or5p59,3756
ENSMUSG00000078123,Gm5071,3531
ENSMUSG00000078127,Fam170b,1694
ENSMUSG00000078129,Actl10,3092
ENSMUSG00000078130,Krtap4-24,638
ENSMUSG00000078131,Krtap1-3,879
ENSMUSG00000078132,Gm11939,300
ENSMUSG00000078137,Ankrd63,4861
ENSMUSG00000078139,AK157302,1924
ENSMUSG00000078144,Capns2,1005
ENSMUSG00000078153,Psme2b,837
ENSMUSG00000078154,Cdk2ap1rt,1310
ENSMUSG00000078157,Fem1al,3274
ENSMUSG00000078161,Erich3,22157
ENSMUSG00000078173,Lenep,1806
ENSMUSG00000078179,Rnf148,1239
ENSMUSG00000078184,Rbm8a2,1338
ENSMUSG00000078185,Chml,17174
ENSMUSG00000078193,Rpl35rt,445
ENSMUSG00000078198,Or1l4b,8242
ENSMUSG00000078201,Tmem203,854
ENSMUSG00000078202,Nrarp,2582
ENSMUSG00000078206,Fthl17d,856
ENSMUSG00000078208,Fthl17b,842
ENSMUSG00000078212,Spin2-ps9,1115
ENSMUSG00000078213,Btbd35f4,1491
ENSMUSG00000078218,Btbd35f3,1943
ENSMUSG00000078234,Klhdc7a,7807
ENSMUSG00000078235,Fam43b,2437
ENSMUSG00000078240,Rpl27rt,1656
ENSMUSG00000078249,Hmga1b,1746
ENSMUSG00000078252,Krtap17-1,761
ENSMUSG00000078253,Krtap16-1,1888
ENSMUSG00000078254,Krtap29-1,1029
ENSMUSG00000078255,Krtap9-5,1077
ENSMUSG00000078256,Krtap31-3,921
ENSMUSG00000078257,Krtap4-27,1265
ENSMUSG00000078258,Krtap4-26,691
ENSMUSG00000078259,Krtap4-20,890
ENSMUSG00000078260,Krtap4-21,869
ENSMUSG00000078261,Krtap4-23,1079
ENSMUSG00000078262,Krtap4-9,1059
ENSMUSG00000078269,Gm14180,78
ENSMUSG00000078276,Gm14190,153
ENSMUSG00000078280,Tas2r122,930
ENSMUSG00000078302,Foxd1,5064
ENSMUSG00000078307,AI593442,46753
ENSMUSG00000078315,Fam47c,1639
ENSMUSG00000078317,F8a,2505
ENSMUSG00000078320,Tex13c1,2074
ENSMUSG00000078324,Btbd35f14,1701
ENSMUSG00000078346,H2al1n,514
ENSMUSG00000078348,Sf3b5,3841
ENSMUSG00000078350,Smim1,36020
ENSMUSG00000078354,Ifna2,1032
ENSMUSG00000078355,Ifna16,1010
ENSMUSG00000078365,Mos,1449
ENSMUSG00000078420,Or5t18,2935
ENSMUSG00000078427,Sarnp,14720
ENSMUSG00000078429,Ctdsp2,42784
ENSMUSG00000078435,AU041133,4128
ENSMUSG00000078439,Smim24,3444
ENSMUSG00000078440,Dohh,13980
ENSMUSG00000078442,Tektl1,1715
ENSMUSG00000078451,Ppil6,5468
ENSMUSG00000078452,Raet1d,11360
ENSMUSG00000078453,Abracl,12021
ENSMUSG00000078485,Plekhn1,13189
ENSMUSG00000078486,Perm1,23925
ENSMUSG00000078487,Ankrd65,1781
ENSMUSG00000078490,Cfap74,51533
ENSMUSG00000078495,Zfp984,42212
ENSMUSG00000078496,Zfp982,28484
ENSMUSG00000078497,Zfp978,2184
ENSMUSG00000078498,Zfp988,9893
ENSMUSG00000078500,Zfp986,63
ENSMUSG00000078502,Zfp268,32759
ENSMUSG00000078503,Zfp990,73634
ENSMUSG00000078504,Aadacl4fm5,1432
ENSMUSG00000078505,Aadacl4fm4,1224
ENSMUSG00000078506,Aadacl4fm2,1221
ENSMUSG00000078507,Aadacl3,3153
ENSMUSG00000078508,Pramel30,1841
ENSMUSG00000078509,Pramel14,2627
ENSMUSG00000078510,Pramel28,2067
ENSMUSG00000078511,Pramel16,4267
ENSMUSG00000078512,Pramel11,1981
ENSMUSG00000078513,Pramel22,1827
ENSMUSG00000078515,Ddi2,81275
ENSMUSG00000078517,Emc1,76830
ENSMUSG00000078518,Gm13030,655
ENSMUSG00000078520,Cela3a,958
ENSMUSG00000078521,Aunip,11365
ENSMUSG00000078532,Nkain1,8010
ENSMUSG00000078537,Tcstv5a,1447
ENSMUSG00000078546,Zfp995,28630
ENSMUSG00000078552,Dcdc2b,3181
ENSMUSG00000078554,Fam229a,887
ENSMUSG00000078566,Bnip3,19366
ENSMUSG00000078570,1110065P20Rik,9153
ENSMUSG00000078572,Ndufaf8,3188
ENSMUSG00000078575,Gm12887,360
ENSMUSG00000078576,Gm12886,1149
ENSMUSG00000078577,Tmco2,2847
ENSMUSG00000078578,Ube2d3,230111
ENSMUSG00000078580,Zfp764l1,17756
ENSMUSG00000078584,AU022252,23278
ENSMUSG00000078588,Ccdc24,6246
ENSMUSG00000078591,Hs3st4,3189
ENSMUSG00000078593,P3r3urf,392
ENSMUSG00000078597,Cyp4a12b,2395
ENSMUSG00000078598,Skint5,10930
ENSMUSG00000078599,Skint8,2727
ENSMUSG00000078605,E030025P04Rik,1078
ENSMUSG00000078606,Gvin2,17820
ENSMUSG00000078607,1810010H24Rik,7888
ENSMUSG00000078611,Gm5901,5810
ENSMUSG00000078612,Fyb2,9521
ENSMUSG00000078616,Trim30c,1716
ENSMUSG00000078619,Smarcd2,27702
ENSMUSG00000078621,Hbb-bh2,558
ENSMUSG00000078622,Ccdc47,80169
ENSMUSG00000078624,Or51ab3,8979
ENSMUSG00000078625,Prame62,883
ENSMUSG00000078626,Gm12790,11288
ENSMUSG00000078627,Marchf10,20450
ENSMUSG00000078630,Tomt,12528
ENSMUSG00000078632,Lrrc37a,9931
ENSMUSG00000078639,Gm12695,1954
ENSMUSG00000078650,G6pc1,6508
ENSMUSG00000078651,Aoc2,5393
ENSMUSG00000078652,Psme3,56262
ENSMUSG00000078653,Cntd1,7035
ENSMUSG00000078656,Vps25,15028
ENSMUSG00000078657,Crnn,3491
ENSMUSG00000078664,Sprr2a1,6738
ENSMUSG00000078668,Krtap4-22,1200
ENSMUSG00000078670,Fam174b,5752
ENSMUSG00000078671,Chd2,9085
ENSMUSG00000078672,Mup20,25573
ENSMUSG00000078673,Mup19,17575
ENSMUSG00000078674,Mup18,4213
ENSMUSG00000078675,Mup16,6526
ENSMUSG00000078676,Casc3,28567
ENSMUSG00000078680,Mup10,3566
ENSMUSG00000078681,Tm2d3,7145
ENSMUSG00000078683,Mup1,8873
ENSMUSG00000078686,Mup9,6420
ENSMUSG00000078687,Mup8,6353
ENSMUSG00000078688,Mup2,6235
ENSMUSG00000078689,Mup6,2423
ENSMUSG00000078695,Cisd3,3061
ENSMUSG00000078698,Mrgpra3,1295
ENSMUSG00000078713,Tomm5,7125
ENSMUSG00000078716,Tmem8b,29760
ENSMUSG00000078719,Msmp,747
ENSMUSG00000078721,Spata31f1a,4146
ENSMUSG00000078722,Spata31f1e,3297
ENSMUSG00000078735,Il11ra2,3253
ENSMUSG00000078742,Gm10985,81
ENSMUSG00000078746,Spata31f1d,4130
ENSMUSG00000078747,Gm20878,3700
ENSMUSG00000078752,Scgb1b30,491
ENSMUSG00000078753,Scgb1b24,279
ENSMUSG00000078754,Scgb2b3,339
ENSMUSG00000078757,Scgb1b29,282
ENSMUSG00000078759,Scgb1b7,419
ENSMUSG00000078762,Haus5,2192
ENSMUSG00000078763,Slfn1,3947
ENSMUSG00000078765,U2af1l4,14802
ENSMUSG00000078768,Zfp566,10417
ENSMUSG00000078771,Evi2a,6397
ENSMUSG00000078773,Rad54b,36517
ENSMUSG00000078776,Fcgbpl1,15833
ENSMUSG00000078779,Zfp59,9657
ENSMUSG00000078780,Gm5150,5348
ENSMUSG00000078783,Sirpd,1912
ENSMUSG00000078784,Rbis,11132
ENSMUSG00000078786,Actmap,8995
ENSMUSG00000078787,Cyp2t4,3143
ENSMUSG00000078789,Dph1,41840
ENSMUSG00000078793,Ceacam23,3610
ENSMUSG00000078794,Dact3,23811
ENSMUSG00000078795,Ceacam15,1391
ENSMUSG00000078796,Zfp541,13848
ENSMUSG00000078798,Sult2a1,2139
ENSMUSG00000078799,Sult2a5,1046
ENSMUSG00000078800,Bsph2,1926
ENSMUSG00000078808,Vmn1r58,20131
ENSMUSG00000078810,Gp6,22997
ENSMUSG00000078812,Eif5a,101615
ENSMUSG00000078813,Leng1,4485
ENSMUSG00000078815,Cacng6,46974
ENSMUSG00000078816,Prkcg,43723
ENSMUSG00000078817,Nlrp12,6928
ENSMUSG00000078851,H2ac25,2146
ENSMUSG00000078853,Igtp,20808
ENSMUSG00000078861,Zfp931,13881
ENSMUSG00000078862,Gm14326,25602
ENSMUSG00000078864,Gm14322,5493
ENSMUSG00000078865,Gm14406,3848
ENSMUSG00000078866,Zfp970,6760
ENSMUSG00000078867,Gm14418,6732
ENSMUSG00000078868,Gm14412,2973
ENSMUSG00000078869,Zfp1010,2098
ENSMUSG00000078870,Gm14410,12691
ENSMUSG00000078872,Gm14401,7315
ENSMUSG00000078875,Gm14419,6834
ENSMUSG00000078876,Gm14408,699
ENSMUSG00000078877,Gm14295,8917
ENSMUSG00000078878,Gm14305,10483
ENSMUSG00000078879,Zfp973,2606
ENSMUSG00000078880,Gm14308,4962
ENSMUSG00000078881,Gm14434,4395
ENSMUSG00000078886,Gm2026,3698
ENSMUSG00000078887,Gm6710,3592
ENSMUSG00000078889,Gm14288,5723
ENSMUSG00000078894,2210418O10Rik,8689
ENSMUSG00000078895,Gm11009,417
ENSMUSG00000078896,Zfp965,2942
ENSMUSG00000078897,Gm4724,4354
ENSMUSG00000078898,Zfp968,8481
ENSMUSG00000078899,Gm4631,5896
ENSMUSG00000078901,Zfp1009,8204
ENSMUSG00000078902,Gm14443,9477
ENSMUSG00000078903,Gm14391,6917
ENSMUSG00000078905,Gm14393,1189
ENSMUSG00000078906,Gm14444,2492
ENSMUSG00000078907,Fam186b,3187
ENSMUSG00000078908,Mon1b,38290
ENSMUSG00000078919,Dpm1,19297
ENSMUSG00000078920,Ifi47,10624
ENSMUSG00000078921,Tgtp2,2810
ENSMUSG00000078922,Tgtp1,2885
ENSMUSG00000078923,Ube2v1,25403
ENSMUSG00000078924,Timd5,1065
ENSMUSG00000078926,Cdc20b,5312
ENSMUSG00000078931,Pdf,1763
ENSMUSG00000078932,Redic1,7509
ENSMUSG00000078934,Pate13,414
ENSMUSG00000078935,1700025C18Rik,1846
ENSMUSG00000078937,Cpt1b,45477
ENSMUSG00000078938,Syce3,4705
ENSMUSG00000078940,Wfdc11,866
ENSMUSG00000078941,Ak6,4171
ENSMUSG00000078942,Naip6,13532
ENSMUSG00000078945,Naip2,31921
ENSMUSG00000078949,R3hdml,2877
ENSMUSG00000078954,Arhgap8,34597
ENSMUSG00000078958,Atp6ap1l,3282
ENSMUSG00000078963,Hsbp1l1,4044
ENSMUSG00000078964,Ces1b,14235
ENSMUSG00000078970,Dnaaf10,6881
ENSMUSG00000078972,Gm15557,1380
ENSMUSG00000078974,Sec61g,11854
ENSMUSG00000078994,Zfp429,5923
ENSMUSG00000078995,Zfp456,20510
ENSMUSG00000078998,Bpifa6,1610
ENSMUSG00000079003,Samd1,4830
ENSMUSG00000079005,Gm14147,2681
ENSMUSG00000079006,Gm14151,2672
ENSMUSG00000079007,Tcl1b4,2963
ENSMUSG00000079008,Zfp1005,4170
ENSMUSG00000079009,Zfp1004,7497
ENSMUSG00000079012,Serpina3m,13301
ENSMUSG00000079013,Serpina3j,2155
ENSMUSG00000079014,Serpina3i,8423
ENSMUSG00000079015,Serpina1c,14755
ENSMUSG00000079017,Ifi27l2a,3905
ENSMUSG00000079018,Ly6c1,13115
ENSMUSG00000079019,Insl3,629
ENSMUSG00000079020,Slc45a4,118390
ENSMUSG00000079022,Col22a1,45987
ENSMUSG00000079025,Gsdmc,4783
ENSMUSG00000079029,Eif1ad7,1840
ENSMUSG00000079031,Eif1ad2,9367
ENSMUSG00000079033,Mef2b,38138
ENSMUSG00000079034,Eif1ad8,3744
ENSMUSG00000079036,Alkbh1,17358
ENSMUSG00000079037,Prnp,59318
ENSMUSG00000079038,Zfp781a,3220
ENSMUSG00000079042,Apela,3816
ENSMUSG00000079043,Fastkd5,6214
ENSMUSG00000079049,Serpinb1c,3491
ENSMUSG00000079051,Vinac1,4242
ENSMUSG00000079055,Slc8a3,46775
ENSMUSG00000079056,Kcnip3,16844
ENSMUSG00000079057,Cyp4v3,3817
ENSMUSG00000079058,Adam34,5045
ENSMUSG00000079071,Slc28a2b,3740
ENSMUSG00000079083,Jrkl,3223
ENSMUSG00000079084,Ccdc82,41931
ENSMUSG00000079091,Gm3404,1130
ENSMUSG00000079092,Prl2c2,1576
ENSMUSG00000079093,4930449I24Rik,1168
ENSMUSG00000079103,Tgm7,4281
ENSMUSG00000079104,Prps1l3,20395
ENSMUSG00000079105,C7,6102
ENSMUSG00000079108,Srp54c,59218
ENSMUSG00000079109,Pms2,35187
ENSMUSG00000079110,Capn3,92669
ENSMUSG00000079111,Kdelr2,9336
ENSMUSG00000079112,Fam90a1a,1887
ENSMUSG00000079113,Defa43,2120
ENSMUSG00000079114,Defa42,2617
ENSMUSG00000079116,Defa41,1080
ENSMUSG00000079120,AY761185,448
ENSMUSG00000079144,A130010J15Rik,19031
ENSMUSG00000079156,Smok3b,7050
ENSMUSG00000079157,Nalf1,5116
ENSMUSG00000079162,Trim43b,4521
ENSMUSG00000079164,Tlr5,22704
ENSMUSG00000079165,Sap25,2323
ENSMUSG00000079168,Cd209g,2463
ENSMUSG00000079173,Zan,32932
ENSMUSG00000079177,Fam228a,11540
ENSMUSG00000079180,Mptx2,794
ENSMUSG00000079184,Mphosph8,45376
ENSMUSG00000079186,Gzmc,2042
ENSMUSG00000079197,Psme2,7894
ENSMUSG00000079215,Zfp664,29791
ENSMUSG00000079227,Ccr5,8235
ENSMUSG00000079235,Ccdc13,39618
ENSMUSG00000079243,Xirp1,11281
ENSMUSG00000079244,Gm5622,3308
ENSMUSG00000079247,Cwc22rt6,2493
ENSMUSG00000079258,Calhm1,1253
ENSMUSG00000079259,Trim71,9332
ENSMUSG00000079260,Tmppe,24533
ENSMUSG00000079262,Slco1a6,2815
ENSMUSG00000079263,Slco1a8,6767
ENSMUSG00000079265,Gm8257,6224
ENSMUSG00000079267,Gm5930,2235
ENSMUSG00000079269,Gm3676,1924
ENSMUSG00000079271,1700049E17Rik1,1761
ENSMUSG00000079277,Hoxd3,13626
ENSMUSG00000079278,Tmem233,3737
ENSMUSG00000079283,2310009B15Rik,565
ENSMUSG00000079293,Clec7a,2979
ENSMUSG00000079298,Klrb1b,6496
ENSMUSG00000079299,Klrb1,724
ENSMUSG00000079304,Tex52,8120
ENSMUSG00000079316,Rab9,149253
ENSMUSG00000079317,Trappc2,17698
ENSMUSG00000079323,Gm20661,900
ENSMUSG00000079324,4932414N04Rik,7166
ENSMUSG00000079330,Lemd1,25311
ENSMUSG00000079334,Naa80,2053
ENSMUSG00000079339,Ifit1bl1,4393
ENSMUSG00000079342,Lipo1,2243
ENSMUSG00000079343,C1s2,5324
ENSMUSG00000079344,Lipo4,2314
ENSMUSG00000079349,Magea5,6520
ENSMUSG00000079350,Magea8,1648
ENSMUSG00000079355,Ackr4,19679
ENSMUSG00000079357,Gm11100,6760
ENSMUSG00000079362,Gm43302,4310
ENSMUSG00000079363,Gbp4,10907
ENSMUSG00000079364,Gm3558,9192
ENSMUSG00000079371,Gm3476,4179
ENSMUSG00000079374,Gm8334,1284
ENSMUSG00000079378,Gm8279,3735
ENSMUSG00000079386,Gm3173,519
ENSMUSG00000079387,Luzp4,4048
ENSMUSG00000079388,2610042L04Rik,5865
ENSMUSG00000079389,Gm3149,2814
ENSMUSG00000079391,Gm2974,2045
ENSMUSG00000079395,Gm15114,1974
ENSMUSG00000079396,Gm3411,6225
ENSMUSG00000079402,Gm3020,13663
ENSMUSG00000079409,Gm5795,3496
ENSMUSG00000079410,Gm2897,26480
ENSMUSG00000079415,Cntf,4744
ENSMUSG00000079418,Atg4a,5509
ENSMUSG00000079419,Ms4a6c,5460
ENSMUSG00000079421,4930402F06Rik,2542
ENSMUSG00000079423,Pramel57,5652
ENSMUSG00000079424,Pramel47,2504
ENSMUSG00000079426,Arpc4,18525
ENSMUSG00000079427,Mthfsl,8724
ENSMUSG00000079428,Tceal7,31765
ENSMUSG00000079429,Mroh2a,7491
ENSMUSG00000079432,Pramel3d,3698
ENSMUSG00000079434,Neu2,40866
ENSMUSG00000079435,Rpl36a,2423
ENSMUSG00000079436,Kcnj13,14940
ENSMUSG00000079440,Alpi,2337
ENSMUSG00000079442,St6galnac4,37962
ENSMUSG00000079444,Gm21981,2721
ENSMUSG00000079445,B3gnt7,5195
ENSMUSG00000079450,Cldn34c1,102604
ENSMUSG00000079451,Tmprss11g,5707
ENSMUSG00000079457,Gm7609,8690
ENSMUSG00000079460,Tex16,1520
ENSMUSG00000079465,Col4a3,8554
ENSMUSG00000079466,Prdm12,2790
ENSMUSG00000079469,Pigb,47598
ENSMUSG00000079470,Utp14b,27523
ENSMUSG00000079471,Mymx,8346
ENSMUSG00000079476,Fam236e,740
ENSMUSG00000079477,Rab7,100873
ENSMUSG00000079478,Znrd2,3221
ENSMUSG00000079479,Fam236f,810
ENSMUSG00000079480,Pin4,2941
ENSMUSG00000079481,Nhsl2,25492
ENSMUSG00000079484,Phyhd1,5951
ENSMUSG00000079487,Med12,76539
ENSMUSG00000079491,H2-T10,1699
ENSMUSG00000079492,H2-T15,2781
ENSMUSG00000079494,Nat8f5,5538
ENSMUSG00000079495,Nat8f6,5253
ENSMUSG00000079497,Prrt1b,1711
ENSMUSG00000079502,Cfap77,2854
ENSMUSG00000079507,H2-Q1,3989
ENSMUSG00000079508,Apoo,33213
ENSMUSG00000079509,Zfx,100834
ENSMUSG00000079513,Ppp4r3c2,3093
ENSMUSG00000079516,Reg3a,1887
ENSMUSG00000079519,Gm14743,759
ENSMUSG00000079521,Gm5938,775
ENSMUSG00000079522,Gm14744,800
ENSMUSG00000079523,Tmsb10,8567
ENSMUSG00000079525,Cldn34d,1945
ENSMUSG00000079531,Pwwp4d,5758
ENSMUSG00000079532,Ctag2l2,2444
ENSMUSG00000079534,Pwwp4c,5792
ENSMUSG00000079536,Ctag2l1,627
ENSMUSG00000079539,Obp2b,732
ENSMUSG00000079547,H2-DMb1,1404
ENSMUSG00000079550,Mpp4,11772
ENSMUSG00000079553,Kifc1,15076
ENSMUSG00000079554,Aox2,5771
ENSMUSG00000079555,Haus3,42712
ENSMUSG00000079557,Marchf2,76377
ENSMUSG00000079559,Pou2af3,3641
ENSMUSG00000079560,Hoxa3,10938
ENSMUSG00000079562,Maea,22857
ENSMUSG00000079563,Pglyrp2,26750
ENSMUSG00000079566,Spin2d,3164
ENSMUSG00000079577,Gm14692,782
ENSMUSG00000079578,Gm1140,782
ENSMUSG00000079579,Gm6760,604
ENSMUSG00000079580,Tmem217,9911
ENSMUSG00000079583,Gm7073,2793
ENSMUSG00000079584,Tm9sf5,13009
ENSMUSG00000079588,Tmem182,30255
ENSMUSG00000079592,C1qtnf5,5363
ENSMUSG00000079593,4933416I08Rik,2339
ENSMUSG00000079594,Cstdc6,387
ENSMUSG00000079597,Cstdc4,1506
ENSMUSG00000079598,Clec2l,2787
ENSMUSG00000079605,Zbtb9,5652
ENSMUSG00000079606,Fsip2l,6582
ENSMUSG00000079608,Stard6,43207
ENSMUSG00000079610,Ankrd39,8040
ENSMUSG00000079614,Seh1l,47654
ENSMUSG00000079625,Tm4sf19,3043
ENSMUSG00000079626,Rhox7b,1091
ENSMUSG00000079627,Rhox2h,1234
ENSMUSG00000079628,Rhox4g,3008
ENSMUSG00000079629,Rhox2g,795
ENSMUSG00000079630,Rhox4f,948
ENSMUSG00000079633,Rhox4d,936
ENSMUSG00000079635,Rhox4c,903
ENSMUSG00000079636,Rhox3c,1701
ENSMUSG00000079637,Rhox2c,2325
ENSMUSG00000079638,Rhox2b,2443
ENSMUSG00000079639,Rhox4a,925
ENSMUSG00000079641,Rpl39,12243
ENSMUSG00000079642,Ct47,1455
ENSMUSG00000079644,Gm1110,4485
ENSMUSG00000079649,Spin2-ps8,711
ENSMUSG00000079652,Garin1a,2315
ENSMUSG00000079654,Prrt4,43017
ENSMUSG00000079655,Gm5168,1460
ENSMUSG00000079657,Rab26,5435
ENSMUSG00000079658,Eloc,85461
ENSMUSG00000079659,Tmem243,17849
ENSMUSG00000079666,Pttg1ip2,2343
ENSMUSG00000079677,Fdx2,6202
ENSMUSG00000079679,Vwde,9605
ENSMUSG00000079681,Zglp1,1019
ENSMUSG00000079685,Ulbp1,23626
ENSMUSG00000079697,Ssxb16,1165
ENSMUSG00000079698,Vmn2r93,20946
ENSMUSG00000079699,Ssxb14,507
ENSMUSG00000079700,Fpr3,2532
ENSMUSG00000079701,Ssxb3,1568
ENSMUSG00000079702,Ssxb6,518
ENSMUSG00000079703,Ssxb8,1077
ENSMUSG00000079704,Ssxb15,540
ENSMUSG00000079705,Ssxb1,1711
ENSMUSG00000079707,Dynlt2a1,4742
ENSMUSG00000079710,Dynlt2a2,6799
ENSMUSG00000079722,Ttll2,3047
ENSMUSG00000079806,Gm21719,1358
ENSMUSG00000079842,Spag11a,1047
ENSMUSG00000079845,Xlr4a,39937
ENSMUSG00000079852,Klra4,17942
ENSMUSG00000079853,Klra1,1668
ENSMUSG00000079871,Gm4984,938
ENSMUSG00000079875,Or1e1b,1237
ENSMUSG00000079941,Cox5b-ps,497
ENSMUSG00000080072,Spin2-ps2,711
ENSMUSG00000080115,Eef1akmt3,2719
ENSMUSG00000080152,H3f4,766
ENSMUSG00000080268,Brms1,28483
ENSMUSG00000080300,Spin2-ps1,965
ENSMUSG00000080316,Spaca6,1073
ENSMUSG00000080712,H2bc26,381
ENSMUSG00000080713,Or5d44,1738
ENSMUSG00000080717,B230307C23Rik,40883
ENSMUSG00000080725,Gm6121,1845
ENSMUSG00000080751,Or51k7,955
ENSMUSG00000080781,Or1e28,2129
ENSMUSG00000080809,Or4b1c,4698
ENSMUSG00000080876,Gm14332,711
ENSMUSG00000080891,Or51l1,948
ENSMUSG00000080907,4930455H04Rik,1341
ENSMUSG00000080933,Rhox3g,991
ENSMUSG00000080990,Or10al2,4480
ENSMUSG00000081044,AU015836,3006
ENSMUSG00000081058,H3c15,1020
ENSMUSG00000081218,Gm4297,2579
ENSMUSG00000081225,Cyp2j12,7496
ENSMUSG00000081234,Or12e8,5422
ENSMUSG00000081341,Gm14891,823
ENSMUSG00000081362,Cyp2j7,1515
ENSMUSG00000081443,Fam236d,1295
ENSMUSG00000081534,Slc48a1,12830
ENSMUSG00000081649,Or6d13,5004
ENSMUSG00000081665,Pira1,3462
ENSMUSG00000081683,Fzd10,3250
ENSMUSG00000081724,Or10al7,6268
ENSMUSG00000081836,Or4p19,5263
ENSMUSG00000081859,Or52b6,2321
ENSMUSG00000081945,Or52d13,6621
ENSMUSG00000081948,Or4s2,12016
ENSMUSG00000081984,Dnajb3,1051
ENSMUSG00000082079,Dnmt3c,2223
ENSMUSG00000082101,Slfn14,3706
ENSMUSG00000082211,Defa27,371
ENSMUSG00000082216,Or13c9,952
ENSMUSG00000082226,Gm715,1210
ENSMUSG00000082229,Nap1l2,2465
ENSMUSG00000082316,Vmn1r221,6892
ENSMUSG00000082361,Btc,2906
ENSMUSG00000082482,H2ab2,348
ENSMUSG00000082574,Or4x5,2501
ENSMUSG00000082639,Gm2012,2259
ENSMUSG00000082754,Or5ap2b,1042
ENSMUSG00000082815,Cbr1b,1811
ENSMUSG00000082882,Or4c100,4689
ENSMUSG00000082932,Cyp2j8,1512
ENSMUSG00000082976,Gm15056,1118
ENSMUSG00000082980,Or4x13,4430
ENSMUSG00000083012,Fam220a,40717
ENSMUSG00000083138,Cyp4a29,1530
ENSMUSG00000083188,Or1p1b,972
ENSMUSG00000083282,Ctsf,45398
ENSMUSG00000083307,AA414768,1672
ENSMUSG00000083361,Or12k7,2770
ENSMUSG00000083616,H2ab3,348
ENSMUSG00000083628,Gm2030,2184
ENSMUSG00000083649,Rasl2-9,1013
ENSMUSG00000083695,Rnf138rt1,1191
ENSMUSG00000083706,Or10ag56,5972
ENSMUSG00000083855,Or5d45,5552
ENSMUSG00000083886,Or1p4,971
ENSMUSG00000083947,Or10al6,5411
ENSMUSG00000084063,Gm5934,2588
ENSMUSG00000084128,Esrp2,13969
ENSMUSG00000084135,Pom121l12,1039
ENSMUSG00000084136,Vmn1r207,9656
ENSMUSG00000084174,Sycn,577
ENSMUSG00000084234,4933405O20Rik,1341
ENSMUSG00000084262,Or51p1,5519
ENSMUSG00000084336,Or4x6,8380
ENSMUSG00000084346,Cyp4a30b,1527
ENSMUSG00000084387,Or1e20,934
ENSMUSG00000084782,Tex53,3001
ENSMUSG00000084786,Ubl5,52400
ENSMUSG00000084842,Pabpc1l2b,690
ENSMUSG00000084845,Tmem240,8878
ENSMUSG00000084883,Ccdc85c,18543
ENSMUSG00000084902,Cdhr18,2983
ENSMUSG00000084927,Slco1a7,2449
ENSMUSG00000084957,Bbip1,212405
ENSMUSG00000084989,Crocc2,11359
ENSMUSG00000085007,Smim43,11546
ENSMUSG00000085079,Khdc1b,2236
ENSMUSG00000085111,Ascl4,2016
ENSMUSG00000085114,1600025M17Rik,3384
ENSMUSG00000085139,Sertm2,9718
ENSMUSG00000085272,Sbk3,4949
ENSMUSG00000085484,Gm13539,552
ENSMUSG00000085486,Ccdc200,2220
ENSMUSG00000085549,1700047F07Rik,8470
ENSMUSG00000085576,Dpy19l2,4239
ENSMUSG00000085584,Rtl9,4333
ENSMUSG00000085601,Meiosin,1892
ENSMUSG00000085683,Tmem238l,930
ENSMUSG00000085684,4930469K13Rik,17648
ENSMUSG00000085793,Lin52,30718
ENSMUSG00000085795,Zfp703,10197
ENSMUSG00000085861,Armh2,1745
ENSMUSG00000085877,Spin2-ps4,711
ENSMUSG00000085880,Gm15229,2081
ENSMUSG00000085925,Rtl1,19464
ENSMUSG00000085933,Tmem61,5265
ENSMUSG00000085957,Syna,2026
ENSMUSG00000086022,Rad51ap2,3175
ENSMUSG00000086040,Wipf3,17270
ENSMUSG00000086056,Gm4846,1744
ENSMUSG00000086147,Zfp989,2295
ENSMUSG00000086158,Pierce2,3459
ENSMUSG00000086213,A330040F15Rik,32070
ENSMUSG00000086228,Ubap1l,1387
ENSMUSG00000086277,4930558K02Rik,1926
ENSMUSG00000086316,Nbdy,6702
ENSMUSG00000086322,Zfp593os,6088
ENSMUSG00000086338,Or8h6,5036
ENSMUSG00000086361,Gm6569,2328
ENSMUSG00000086524,Pabpc1l2a,2607
ENSMUSG00000086545,Lrrc3c,902
ENSMUSG00000086564,Cd101,7861
ENSMUSG00000086587,Gm11837,7653
ENSMUSG00000086596,Susd5,11769
ENSMUSG00000086598,Btbd18,8307
ENSMUSG00000086727,Alyreffm1,4674
ENSMUSG00000086784,Isoc2a,3860
ENSMUSG00000086812,Gm8978,2225
ENSMUSG00000086848,Lce6a,1805
ENSMUSG00000086962,Faxdc2,3784
ENSMUSG00000087006,Gm13889,2626
ENSMUSG00000087035,Tmem74bos,2090
ENSMUSG00000087075,Lbhd2,4336
ENSMUSG00000087119,Atg4a-ps,2115
ENSMUSG00000087141,Plcxd2,7694
ENSMUSG00000087149,Itih6,3929
ENSMUSG00000087166,L1td1,5492
ENSMUSG00000087194,Skint6,3723
ENSMUSG00000087198,Tmem274,537
ENSMUSG00000087230,Mroh3,6038
ENSMUSG00000087236,Kif28,9707
ENSMUSG00000087247,Alkal1,1190
ENSMUSG00000087260,Lamtor5,1882
ENSMUSG00000087279,4930544D05Rik,5357
ENSMUSG00000087303,Lipo2,2184
ENSMUSG00000087358,4930453H23Rik,1852
ENSMUSG00000087364,Gm13398,24295
ENSMUSG00000087370,Tmem170b,23994
ENSMUSG00000087376,Gm15517,3809
ENSMUSG00000087385,Frg2f1,90622
ENSMUSG00000087403,Kantr,30036
ENSMUSG00000087408,Cers1,9168
ENSMUSG00000087512,Ccdc201,1007
ENSMUSG00000087598,Zfp111,62779
ENSMUSG00000087610,Gm16253,2239
ENSMUSG00000087651,1500009L16Rik,11945
ENSMUSG00000087679,Tmem250,2936
ENSMUSG00000087687,Pet100,14584
ENSMUSG00000089661,Mia,1673
ENSMUSG00000089665,Fcor,1383
ENSMUSG00000089669,Tnfsf13,3226
ENSMUSG00000089675,Ugt1a8,3225
ENSMUSG00000089678,Agxt2,15344
ENSMUSG00000089682,Bcl2l2,13567
ENSMUSG00000089687,Rab42,7538
ENSMUSG00000089694,Nat8f7,2508
ENSMUSG00000089704,Galnt2,29231
ENSMUSG00000089715,Cbx6,29765
ENSMUSG00000089717,Or13f5,960
ENSMUSG00000089722,Cd300ld5,852
ENSMUSG00000089724,Krtap4-8,983
ENSMUSG00000089727,Klra8,20921
ENSMUSG00000089728,Clec2f,1874
ENSMUSG00000089732,Or10ag55,984
ENSMUSG00000089736,Tgfbr3l,1100
ENSMUSG00000089739,Gm20431,2367
ENSMUSG00000089753,Cd300ld2,918
ENSMUSG00000089756,Zfp966,3721
ENSMUSG00000089762,Ier5l,2683
ENSMUSG00000089768,Tmsb15b1,1914
ENSMUSG00000089773,Skint1,3698
ENSMUSG00000089774,Slc5a3,11158
ENSMUSG00000089789,Rdh1,6661
ENSMUSG00000089798,1700028K03Rik,12302
ENSMUSG00000089809,Rasgef1b,93170
ENSMUSG00000089824,Rbm12,13302
ENSMUSG00000089832,Shkbp1,18346
ENSMUSG00000089837,Npcd,2615
ENSMUSG00000089844,Sp140l1,11869
ENSMUSG00000089847,Timm10b,22053
ENSMUSG00000089857,Zfp882,7358
ENSMUSG00000089859,Or4x18,3270
ENSMUSG00000089862,Umad1,47829
ENSMUSG00000089865,Gm44503,4383
ENSMUSG00000089872,Rps6kc1,136916
ENSMUSG00000089873,Mup13,3710
ENSMUSG00000089876,Tmem102,1988
ENSMUSG00000089892,Or4c104,9114
ENSMUSG00000089901,Gm8113,5787
ENSMUSG00000089911,Mfsd14a,31791
ENSMUSG00000089917,Uckl1,41306
ENSMUSG00000089922,Gm43517,3904
ENSMUSG00000089929,Bcl2a1b,3211
ENSMUSG00000089942,Pira2,39053
ENSMUSG00000089943,Ugt1a5,3235
ENSMUSG00000089945,Pakap,5163
ENSMUSG00000089951,Zfp968-ps,3962
ENSMUSG00000089953,Rnf224,3728
ENSMUSG00000089960,Ugt1a1,6267
ENSMUSG00000089984,Fbxo24,10591
ENSMUSG00000089989,Gm45713,1477
ENSMUSG00000089992,G6pd2,2348
ENSMUSG00000089996,Tmsb15b2,2424
ENSMUSG00000089997,Cfap92,3678
ENSMUSG00000090000,Ier3ip1,8966
ENSMUSG00000090015,Gm15446,21417
ENSMUSG00000090019,Gimap1,14089
ENSMUSG00000090035,Galnt4,5089
ENSMUSG00000090053,Pakap,11101
ENSMUSG00000090059,Or8j3c,4682
ENSMUSG00000090061,Nwd2,17134
ENSMUSG00000090066,1110002E22Rik,9741
ENSMUSG00000090071,Cdk5r2,2799
ENSMUSG00000090077,Lime1,3560
ENSMUSG00000090083,Rnf8,32516
ENSMUSG00000090084,Srpx,16124
ENSMUSG00000090093,Gm14399,19883
ENSMUSG00000090097,Or4p21,8853
ENSMUSG00000090100,Ttbk2,49454
ENSMUSG00000090110,Cmc4,19756
ENSMUSG00000090112,Shprh,55178
ENSMUSG00000090113,Nhlrc4,4467
ENSMUSG00000090115,Usp49,17297
ENSMUSG00000090121,Abhd12b,3319
ENSMUSG00000090122,Kcne5,1543
ENSMUSG00000090124,Ugt1a7c,6593
ENSMUSG00000090125,Pou3f1,3849
ENSMUSG00000090129,Or10ad1,1776
ENSMUSG00000090132,Cypt2,2138
ENSMUSG00000090137,Uba52,12087
ENSMUSG00000090141,Gm614,1431
ENSMUSG00000090145,Ugt1a6b,9856
ENSMUSG00000090150,Acad11,51034
ENSMUSG00000090164,BC035044,3680
ENSMUSG00000090165,Ugt1a10,2244
ENSMUSG00000090166,Ear10,1149
ENSMUSG00000090171,Ugt1a2,3216
ENSMUSG00000090173,Fbxw10,13208
ENSMUSG00000090175,Ugt1a9,3267
ENSMUSG00000090176,Cd200r2,1755
ENSMUSG00000090202,4930503B20Rik,6418
ENSMUSG00000090206,Spmip8,5020
ENSMUSG00000090210,Itga10,10085
ENSMUSG00000090213,Peds1,13901
ENSMUSG00000090215,Trim34b,2397
ENSMUSG00000090219,Or51a42,6133
ENSMUSG00000090223,Pcp4,5931
ENSMUSG00000090225,Krtap9-20,1096
ENSMUSG00000090231,Cfb,25944
ENSMUSG00000090236,Car15,1283
ENSMUSG00000090247,Bloc1s1,11157
ENSMUSG00000090258,Churc1,2515
ENSMUSG00000090264,Eif4ebp3,3682
ENSMUSG00000090266,Mettl23,13673
ENSMUSG00000090268,Spopfm3,1593
ENSMUSG00000090272,Mndal,23758
ENSMUSG00000090273,Prr22,3611
ENSMUSG00000090290,Tarbp1,12763
ENSMUSG00000090291,Lrrc10b,2103
ENSMUSG00000090298,Sult3a2,1812
ENSMUSG00000090302,Smr2l,685
ENSMUSG00000090304,Vmn2r99,18657
ENSMUSG00000090314,Kplce,2361
ENSMUSG00000090315,Vmn2r104,3721
ENSMUSG00000090326,Dthd1,5304
ENSMUSG00000090336,Cfap97d2,4509
ENSMUSG00000090346,Vmn1r5,7637
ENSMUSG00000090356,Teddm3,2642
ENSMUSG00000090362,Vmn2r79,30556
ENSMUSG00000090363,Gm3512,13883
ENSMUSG00000090364,Gm3043,821
ENSMUSG00000090369,4933411K16Rik,1380
ENSMUSG00000090379,Gm8229,1438
ENSMUSG00000090383,Vmn2r58,7272
ENSMUSG00000090394,4930523C07Rik,5952
ENSMUSG00000090411,Vmn1r174,10000
ENSMUSG00000090417,Vmn2r94,14576
ENSMUSG00000090436,Vmn2r75,5372
ENSMUSG00000090439,Gm17455,6099
ENSMUSG00000090440,1700049E17Rik2,2249
ENSMUSG00000090451,Gm6133,948
ENSMUSG00000090457,4930571K23Rik,2052
ENSMUSG00000090461,Il22b,1111
ENSMUSG00000090470,Prr23a3,1817
ENSMUSG00000090471,Gm4553,1758
ENSMUSG00000090472,Gm3047,822
ENSMUSG00000090485,Gm17416,518
ENSMUSG00000090486,BC035947,3063
ENSMUSG00000090487,Gm2888,1758
ENSMUSG00000090505,Gm3486,883
ENSMUSG00000090509,Sfta2,929
ENSMUSG00000090512,Gm3424,2702
ENSMUSG00000090515,Krtap27-1,646
ENSMUSG00000090523,Gypc,15995
ENSMUSG00000090527,Aadacl2fm2,1235
ENSMUSG00000090539,Gm9602,2062
ENSMUSG00000090550,Prlh,276
ENSMUSG00000090553,Snrpe,8404
ENSMUSG00000090556,Or2h2b,8841
ENSMUSG00000090572,Vmn2r109,3125
ENSMUSG00000090581,Vmn2r6,12009
ENSMUSG00000090588,Muc21,5231
ENSMUSG00000090619,Vmn2r60,6267
ENSMUSG00000090626,Tex9,21492
ENSMUSG00000090629,Or5k16,2672
ENSMUSG00000090631,Or2r2,1052
ENSMUSG00000090634,Gm8126,1764
ENSMUSG00000090641,Zfp712,4789
ENSMUSG00000090643,Gm3453,1756
ENSMUSG00000090655,Vmn2r120,47810
ENSMUSG00000090658,Prss47,4101
ENSMUSG00000090659,Zfp493,16810
ENSMUSG00000090662,Vmn2r45,4581
ENSMUSG00000090667,Mdfic2,10360
ENSMUSG00000090675,Or5v1b,6345
ENSMUSG00000090685,Spmip1,682
ENSMUSG00000090688,Vmn2r12,4607
ENSMUSG00000090691,Gm3667,18334
ENSMUSG00000090693,Trim43a,1981
ENSMUSG00000090698,Apold1,8242
ENSMUSG00000090700,Cyp4f40,4581
ENSMUSG00000090710,Pate11,306
ENSMUSG00000090713,Gm8127,1427
ENSMUSG00000090714,Zscan4d,4521
ENSMUSG00000090715,Vmn1r167,3625
ENSMUSG00000090716,Gm3371,1749
ENSMUSG00000090733,Rps27,2014
ENSMUSG00000090738,Pate7,643
ENSMUSG00000090740,Gm17079,666
ENSMUSG00000090744,Gm6871,3530
ENSMUSG00000090747,Esp8,620
ENSMUSG00000090751,Vmn2r63,35861
ENSMUSG00000090762,Vmn2r56,33936
ENSMUSG00000090764,Gm3127,2813
ENSMUSG00000090774,Vmn2r74,29805
ENSMUSG00000090777,Ccdc188,2335
ENSMUSG00000090799,Klhl33,8537
ENSMUSG00000090806,Vmn2r70,38787
ENSMUSG00000090812,Samd15,3225
ENSMUSG00000090817,Hsd3b9,1674
ENSMUSG00000090824,Or2bd2,3651
ENSMUSG00000090827,Gm8297,4370
ENSMUSG00000090840,Tex54,720
ENSMUSG00000090841,Myl6,34605
ENSMUSG00000090843,Heatr4,3038
ENSMUSG00000090854,Alyreffm10,2136
ENSMUSG00000090862,Rps13,5047
ENSMUSG00000090864,Vmn2r40,3554
ENSMUSG00000090874,Or4n4b,11833
ENSMUSG00000090877,Hspa1b,2803
ENSMUSG00000090892,Vmn2r41,3617
ENSMUSG00000090894,Or5v1,3543
ENSMUSG00000090897,Gm44501,1229
ENSMUSG00000090919,Pabpc4l,19494
ENSMUSG00000090935,Synj2bp,16314
ENSMUSG00000090942,F830016B08Rik,5876
ENSMUSG00000090946,Ccdc71l,4240
ENSMUSG00000090949,Vmn2r77,8352
ENSMUSG00000090951,Or5k17,4497
ENSMUSG00000090958,Lrrc32,13023
ENSMUSG00000090961,Vmn2r8,33488
ENSMUSG00000090963,Gm17655,2031
ENSMUSG00000090966,Vmn2r116,15636
ENSMUSG00000090967,Vmn2r61,2598
ENSMUSG00000090981,Or10ah1-ps1,14648
ENSMUSG00000090996,Gm20458,1369
ENSMUSG00000091002,Tcerg1l,7704
ENSMUSG00000091006,Vmn2r69,28398
ENSMUSG00000091012,Vmn1r34,19044
ENSMUSG00000091013,Vmn1r1,8341
ENSMUSG00000091014,Rplp1rt,743
ENSMUSG00000091017,Garin4,2234
ENSMUSG00000091034,Scpppq1,1421
ENSMUSG00000091039,Krtap20-2,534
ENSMUSG00000091043,Glyatl3,996
ENSMUSG00000091045,Vmn2r55,11085
ENSMUSG00000091049,Gm1979,2691
ENSMUSG00000091055,Siglec15,1156
ENSMUSG00000091059,Vmn2r14,6601
ENSMUSG00000091060,Myocos,1336
ENSMUSG00000091076,Vmn2r115,10316
ENSMUSG00000091077,Gm21292,1225
ENSMUSG00000091080,Prr23a1,883
ENSMUSG00000091091,Kcnmb3,5966
ENSMUSG00000091101,Alyreffm5,927
ENSMUSG00000091110,Gm2832,54725
ENSMUSG00000091119,Ccdc152,12555
ENSMUSG00000091122,Gm8247,1463
ENSMUSG00000091129,Iqcf6,2747
ENSMUSG00000091142,Gm17175,1403
ENSMUSG00000091144,Phf11c,3459
ENSMUSG00000091148,Gm3182,3617
ENSMUSG00000091151,Vmn1r224,51873
ENSMUSG00000091155,Serpine3,1403
ENSMUSG00000091174,Pate10,351
ENSMUSG00000091175,S100a7l2,3650
ENSMUSG00000091183,Gm5141,10312
ENSMUSG00000091204,Exoc1l,1355
ENSMUSG00000091205,Vmn2r71,2754
ENSMUSG00000091206,Vmn2r91,5471
ENSMUSG00000091212,Krtap11-1,1008
ENSMUSG00000091215,Pate1,2963
ENSMUSG00000091228,Nme1nme2,991
ENSMUSG00000091239,Vmn2r76,90240
ENSMUSG00000091243,Vgll3,21870
ENSMUSG00000091248,Pate8,330
ENSMUSG00000091255,Speer4e1,1603
ENSMUSG00000091259,Vmn2r110,17557
ENSMUSG00000091260,Vmn2r19,2565
ENSMUSG00000091264,Smim13,13813
ENSMUSG00000091296,Gm4181,898
ENSMUSG00000091311,Spata31d1b,11960
ENSMUSG00000091318,Semp2l1,3609
ENSMUSG00000091337,Eid1,1691
ENSMUSG00000091345,Col6a5,9312
ENSMUSG00000091347,Zfp999,255
ENSMUSG00000091350,Vmn2r92,12665
ENSMUSG00000091375,Vmn2r15,13069
ENSMUSG00000091376,Aadacl2,2938
ENSMUSG00000091381,Vmn2r83,7891
ENSMUSG00000091382,Vmn1r18,15402
ENSMUSG00000091387,Gcnt4,31956
ENSMUSG00000091402,Rd3l,5354
ENSMUSG00000091405,H4c14,1630
ENSMUSG00000091407,Vmn2r117,7178
ENSMUSG00000091411,Gm5916,445
ENSMUSG00000091415,Ak9,7022
ENSMUSG00000091418,Gm3164,2630
ENSMUSG00000091435,Vmn1r115,888
ENSMUSG00000091450,Vmn2r11,12393
ENSMUSG00000091455,Otogl,8763
ENSMUSG00000091468,Vmn2r82,19221
ENSMUSG00000091471,Gm20538,996
ENSMUSG00000091472,Gm3739,15399
ENSMUSG00000091474,2610021A01Rik,85443
ENSMUSG00000091476,Catspere2,9349
ENSMUSG00000091477,Gm5799,17216
ENSMUSG00000091490,Triml2,24521
ENSMUSG00000091491,Vmn2r97,28733
ENSMUSG00000091494,Gm3269,1758
ENSMUSG00000091497,Mageb11,993
ENSMUSG00000091504,Vmn2r118,10097
ENSMUSG00000091511,Vmn2r87,3333
ENSMUSG00000091512,Lamtor3,22029
ENSMUSG00000091519,Skor2,3141
ENSMUSG00000091528,Vmn2r-ps158,2598
ENSMUSG00000091530,Cldn20,660
ENSMUSG00000091531,Or12d2,3810
ENSMUSG00000091537,Tma7,12587
ENSMUSG00000091539,Vmn1r238,921
ENSMUSG00000091541,Vmn1r9,12402
ENSMUSG00000091556,Gm14569,5181
ENSMUSG00000091563,Gm8108,15245
ENSMUSG00000091568,Gm8206,29245
ENSMUSG00000091572,Vmn2r3,12110
ENSMUSG00000091586,Cyp4f17,10621
ENSMUSG00000091594,Gm17067,31944
ENSMUSG00000091601,Or2h1b,3979
ENSMUSG00000091614,Tmem217b,2545
ENSMUSG00000091617,Gm3752,43216
ENSMUSG00000091618,H60c,5634
ENSMUSG00000091620,Vmn2r23,8119
ENSMUSG00000091624,Vmn2r9,20535
ENSMUSG00000091625,Lsm5,6120
ENSMUSG00000091631,Vmn2r95,33204
ENSMUSG00000091635,Vmn2r13,5716
ENSMUSG00000091636,Akain1,4658
ENSMUSG00000091638,Vmn1r113,924
ENSMUSG00000091648,C2cd4d,2707
ENSMUSG00000091649,Phf11b,2848
ENSMUSG00000091650,Apol11a,5074
ENSMUSG00000091651,Vmn2r36,3291
ENSMUSG00000091652,Vmn1r57,5707
ENSMUSG00000091656,Vmn2r106,13272
ENSMUSG00000091662,Vmn1r69,2558
ENSMUSG00000091670,Vmn2r105,57656
ENSMUSG00000091679,Vmn2r96,8715
ENSMUSG00000091680,Klhdc7b,5769
ENSMUSG00000091685,Spmip2,2600
ENSMUSG00000091692,4930433I11Rik,5653
ENSMUSG00000091694,Apol11b,10691
ENSMUSG00000091698,Gm6526,3264
ENSMUSG00000091700,Gm7876,4642
ENSMUSG00000091705,H2-Q2,6250
ENSMUSG00000091712,Sec14l5,52720
ENSMUSG00000091721,Gimd1,8317
ENSMUSG00000091722,Siah3,4532
ENSMUSG00000091725,Gm8220,1428
ENSMUSG00000091733,Gm8094,1408
ENSMUSG00000091734,Vmn1r29,19586
ENSMUSG00000091735,Gpr62,1977
ENSMUSG00000091736,Yy2,2867
ENSMUSG00000091756,Gm3095,8628
ENSMUSG00000091764,Zfp964,8963
ENSMUSG00000091771,Vmn2r103,2571
ENSMUSG00000091779,Alyreffm11,2112
ENSMUSG00000091780,Sco2,10779
ENSMUSG00000091792,Gm3573,898
ENSMUSG00000091794,Vmn2r18,9771
ENSMUSG00000091803,Cox16,16919
ENSMUSG00000091805,Vmn2r108,42865
ENSMUSG00000091809,Or2t35,4172
ENSMUSG00000091811,Inafm1,1605
ENSMUSG00000091813,Ces2h,3260
ENSMUSG00000091827,Speer4f2,1278
ENSMUSG00000091844,Ccdc168,26021
ENSMUSG00000091859,Vmn2r100,11417
ENSMUSG00000091863,Cldn34a,1686
ENSMUSG00000091867,Cyp2a22,9643
ENSMUSG00000091873,Or4n4,4906
ENSMUSG00000091874,Vmn1r56,1832
ENSMUSG00000091879,Vmn2r17,45277
ENSMUSG00000091888,Vmn2r80,2718
ENSMUSG00000091896,Ube2d2a,17468
ENSMUSG00000091897,Gm17019,1162
ENSMUSG00000091898,Tnnc1,4837
ENSMUSG00000091903,Speer1h,2336
ENSMUSG00000091923,Gm8267,5247
ENSMUSG00000091924,Vmn1r185,70364
ENSMUSG00000091926,Vmn2r62,2992
ENSMUSG00000091930,Vmn2r52,16188
ENSMUSG00000091931,Gon7,2297
ENSMUSG00000091933,Speer1k,1036
ENSMUSG00000091945,Vmn2r114,8228
ENSMUSG00000091950,Or6k8,1050
ENSMUSG00000091955,Tmsb10b,485
ENSMUSG00000091956,C2cd4b,1340
ENSMUSG00000091962,Vmn2r78,8298
ENSMUSG00000091967,Vmn2r128,2721
ENSMUSG00000091971,Hspa1a,2967
ENSMUSG00000091972,Tmem207,766
ENSMUSG00000091983,Or2r3,9728
ENSMUSG00000091987,Rbmyf3,3058
ENSMUSG00000091996,Smim35,1714
ENSMUSG00000092008,Cyp2c69,15924
ENSMUSG00000092009,Myh15,6340
ENSMUSG00000092019,Eif1ad6,1850
ENSMUSG00000092021,Gbp11,2692
ENSMUSG00000092032,Vmn2r59,11169
ENSMUSG00000092035,Peg10,13234
ENSMUSG00000092036,Gm2244,1506
ENSMUSG00000092043,Esp6,1326
ENSMUSG00000092048,Vmn2r85,6841
ENSMUSG00000092049,Vmn2r4,8390
ENSMUSG00000092054,Kif4-ps,4254
ENSMUSG00000092060,Bend4,36317
ENSMUSG00000092074,Dynlt1a,9394
ENSMUSG00000092077,Or12d12,6927
ENSMUSG00000092080,Vmn2r16,25752
ENSMUSG00000092083,Kcnb2,26661
ENSMUSG00000092094,Zfp804b,8354
ENSMUSG00000092109,Gm9376,729
ENSMUSG00000092111,Vmn2r113,19077
ENSMUSG00000092118,Fancf,1691
ENSMUSG00000092120,Vmn2r90,3775
ENSMUSG00000092152,Gm17026,1379
ENSMUSG00000092162,Vmn2r86,7340
ENSMUSG00000092164,Rergl,1021
ENSMUSG00000092165,Gm5624,7206
ENSMUSG00000092166,Pramel45,2207
ENSMUSG00000092167,Gm3696,3684
ENSMUSG00000092192,Dnaaf4,7065
ENSMUSG00000092210,A930009A15Rik,7668
ENSMUSG00000092212,Slc22a13b,3493
ENSMUSG00000092216,Gm19345,15359
ENSMUSG00000092225,Gm2381,4082
ENSMUSG00000092232,Gm20521,1245
ENSMUSG00000092243,H2-T9,2974
ENSMUSG00000092244,Esp34,2826
ENSMUSG00000092260,Zfp963,8298
ENSMUSG00000092277,Gm19684,9117
ENSMUSG00000092292,Or14j2,1671
ENSMUSG00000092297,Vmn1r258,960
ENSMUSG00000092300,Cdk3,915
ENSMUSG00000092305,Prps1l1,1676
ENSMUSG00000092310,Gm20509,1201
ENSMUSG00000092322,Esp36,2234
ENSMUSG00000092335,Zfp977,14726
ENSMUSG00000092342,Esp31,1311
ENSMUSG00000092349,Smim40,11796
ENSMUSG00000092356,Gm20532,780
ENSMUSG00000092360,Gm20441,756
ENSMUSG00000092367,Gm20479,556
ENSMUSG00000092372,Or14c42,1102
ENSMUSG00000092401,Or14n1,2395
ENSMUSG00000092413,Or14j4,4568
ENSMUSG00000092416,Zfp141,20846
ENSMUSG00000092417,Gpank1,17425
ENSMUSG00000092456,V1rd19,3426
ENSMUSG00000092470,Gm20518,3811
ENSMUSG00000092473,Vmn1r180,5060
ENSMUSG00000092511,Gm20547,3893
ENSMUSG00000092517,Art2a,2267
ENSMUSG00000092518,Garin5b,3704
ENSMUSG00000092519,Actl9,1373
ENSMUSG00000092541,Gm20537,889
ENSMUSG00000092544,Gm20422,956
ENSMUSG00000092558,Med20,24863
ENSMUSG00000092572,Serpinb10,3466
ENSMUSG00000092579,Vmn1r62,3674
ENSMUSG00000092586,Ly6g6c,3878
ENSMUSG00000092592,Gm20449,3847
ENSMUSG00000092607,Scnm1,9551
ENSMUSG00000092618,Btnl6,1620
ENSMUSG00000092622,Khdc3,4160
ENSMUSG00000093376,Vmn1r23,997
ENSMUSG00000093445,Lrch4,18056
ENSMUSG00000093456,Gm20662,601
ENSMUSG00000093485,Gm20708,1780
ENSMUSG00000093533,Vmn2r127,2573
ENSMUSG00000093536,Smim17,9936
ENSMUSG00000093550,Higd1c,1170
ENSMUSG00000093575,Gm20695,1012
ENSMUSG00000093593,Gm20683,2790
ENSMUSG00000093626,Ly6l,430
ENSMUSG00000093639,Gm52993,2180
ENSMUSG00000093661,Eif4e3,6561
ENSMUSG00000093668,Pou5f2,1394
ENSMUSG00000093674,Rpl41,5989
ENSMUSG00000093696,Vmn1r7,1219
ENSMUSG00000093701,Gm21970,2459
ENSMUSG00000093752,Gm20716,5288
ENSMUSG00000093755,Vmn1r39,16648
ENSMUSG00000093769,H3c14,3645
ENSMUSG00000093789,Methig1,1501
ENSMUSG00000093803,Ppp2r3d,27035
ENSMUSG00000093804,Or4f7,3915
ENSMUSG00000093805,Gal3st2b,3913
ENSMUSG00000093806,Asmt,1628
ENSMUSG00000093820,Vmn2r21,2562
ENSMUSG00000093825,Or4l1,2084
ENSMUSG00000093839,Or4d2b,8576
ENSMUSG00000093847,Eif1ad15,1856
ENSMUSG00000093848,Gm20865,2081
ENSMUSG00000093853,Vmn1r151,918
ENSMUSG00000093865,Lrit3,4139
ENSMUSG00000093866,Or6c1,11781
ENSMUSG00000093868,Gm20809,1908
ENSMUSG00000093871,Vmn1r253,924
ENSMUSG00000093877,Or6z1,9127
ENSMUSG00000093884,Or10h1,8411
ENSMUSG00000093890,Vmn1r127,918
ENSMUSG00000093895,Gm21865,3435
ENSMUSG00000093901,Or8c15,3866
ENSMUSG00000093903,Gm21454,5189
ENSMUSG00000093904,Tomm20,26537
ENSMUSG00000093910,Zfp853,20346
ENSMUSG00000093916,Gm379,1192
ENSMUSG00000093917,Vmn1r254,918
ENSMUSG00000093918,Rbmyf5,2719
ENSMUSG00000093920,Or4d2,5091
ENSMUSG00000093923,Gm5935,1514
ENSMUSG00000093927,Gm20918,1911
ENSMUSG00000093930,Hmgcs1,8314
ENSMUSG00000093931,Amy2a3,3717
ENSMUSG00000093934,Or8g2b,2951
ENSMUSG00000093938,Evi2b,2083
ENSMUSG00000093941,Vmn1r131,921
ENSMUSG00000093942,Or13a18,9897
ENSMUSG00000093945,Gm3543,2796
ENSMUSG00000093950,Gm20823,2387
ENSMUSG00000093954,Gm16867,6011
ENSMUSG00000093957,Esp3,1316
ENSMUSG00000093962,Msantd5f9,2240
ENSMUSG00000093973,Mrgpra2a,2576
ENSMUSG00000093979,Gm2237,2561
ENSMUSG00000093980,Or5p68,945
ENSMUSG00000093985,Gm10406,27178
ENSMUSG00000093986,Vmn1r120,918
ENSMUSG00000093987,Rbmyf7,3152
ENSMUSG00000093989,Rnasek,3079
ENSMUSG00000093993,Gm20736,3294
ENSMUSG00000093996,Spata31f1c,4128
ENSMUSG00000094001,Vmn1r122,918
ENSMUSG00000094004,Pramel3c,7680
ENSMUSG00000094010,Vmn1r119,924
ENSMUSG00000094011,Vmn1r94,918
ENSMUSG00000094012,Krtap12-22,553
ENSMUSG00000094018,S100a2,315
ENSMUSG00000094021,Gm3685,15883
ENSMUSG00000094024,Esp18,1257
ENSMUSG00000094025,Speer1g,1125
ENSMUSG00000094027,Tcstv6b,1286
ENSMUSG00000094035,Ldlrad2,2550
ENSMUSG00000094043,Pramel49,1848
ENSMUSG00000094052,Gm21118,1903
ENSMUSG00000094053,Scgb2b7,1037
ENSMUSG00000094063,Or51q1c,2124
ENSMUSG00000094065,Ccl21d,870
ENSMUSG00000094066,Spata31f1b,3927
ENSMUSG00000094076,Gm4767,6222
ENSMUSG00000094080,Or7a42,5349
ENSMUSG00000094081,Gm20826,5363
ENSMUSG00000094084,Tdpoz1,2322
ENSMUSG00000094085,Vmn1r114,966
ENSMUSG00000094091,Ankrd40cl,2180
ENSMUSG00000094098,Vmn2r44,3977
ENSMUSG00000094103,Fam177a2,15860
ENSMUSG00000094105,Speer1n,1632
ENSMUSG00000094112,9330182O14Rik,2476
ENSMUSG00000094113,5430401F13Rik,1216
ENSMUSG00000094116,Msantd5f5,1322
ENSMUSG00000094119,Or51aa2,5865
ENSMUSG00000094120,Krtap10-21,693
ENSMUSG00000094125,Cwc22rt1,3225
ENSMUSG00000094132,Gm3264,24990
ENSMUSG00000094133,Or5an9,3940
ENSMUSG00000094140,Or10g3,3024
ENSMUSG00000094144,Alyreffm17,2112
ENSMUSG00000094145,Vmn2r20,14366
ENSMUSG00000094146,Krtap12-21,363
ENSMUSG00000094149,Vmn1r252,921
ENSMUSG00000094151,Gm7233,8312
ENSMUSG00000094152,Slc6a16,4882
ENSMUSG00000094156,Sult2a7,3504
ENSMUSG00000094157,Gm7995,1365
ENSMUSG00000094163,Tdpoz5,1023
ENSMUSG00000094168,Gm21903,90
ENSMUSG00000094181,Gm21739,1764
ENSMUSG00000094182,Or8g23,3195
ENSMUSG00000094186,Gm1553,658
ENSMUSG00000094187,Vmn1r170,915
ENSMUSG00000094192,Or2f2,8473
ENSMUSG00000094195,Pramel44,1526
ENSMUSG00000094196,Magea3,963
ENSMUSG00000094197,Or5p54,933
ENSMUSG00000094200,Or2a14,9335
ENSMUSG00000094205,Speer1b,465
ENSMUSG00000094208,Vmn1r130,924
ENSMUSG00000094215,Alyreffm2,762
ENSMUSG00000094219,Calhm3,1044
ENSMUSG00000094221,Vmn1r124,924
ENSMUSG00000094237,Tcstv7a,1475
ENSMUSG00000094248,H2ac23,480
ENSMUSG00000094254,Or8g54,2533
ENSMUSG00000094258,Gm8159,2814
ENSMUSG00000094266,Or1j12,939
ENSMUSG00000094269,Or8g32,2892
ENSMUSG00000094271,Gm13290,968
ENSMUSG00000094273,Btbd35f17,1960
ENSMUSG00000094282,Cfap73,921
ENSMUSG00000094284,Vmn1r112,894
ENSMUSG00000094285,Or11g27,3139
ENSMUSG00000094294,Gm20909,1907
ENSMUSG00000094295,Or10u4,4893
ENSMUSG00000094298,Vmn1r241,924
ENSMUSG00000094305,Scgb2b20,523
ENSMUSG00000094307,Btbd35f28,1960
ENSMUSG00000094311,Rfpl4b,1054
ENSMUSG00000094314,Alyreffm4,914
ENSMUSG00000094325,Gm20831,3857
ENSMUSG00000094328,Tdpoz9,4558
ENSMUSG00000094336,Cwc22rt2,3225
ENSMUSG00000094338,H2bc13,381
ENSMUSG00000094347,Or6c208,4079
ENSMUSG00000094353,Or8g50,2806
ENSMUSG00000094362,Defa33,426
ENSMUSG00000094370,Gm3373,6110
ENSMUSG00000094378,Gm15097,3982
ENSMUSG00000094379,Vmn1r202,6350
ENSMUSG00000094380,Or8b1b,6130
ENSMUSG00000094385,Vmn1r123,924
ENSMUSG00000094391,Btbd35f29,1497
ENSMUSG00000094396,Vmn2r124,8140
ENSMUSG00000094399,Gm21477,2730
ENSMUSG00000094410,Zbed6,11850
ENSMUSG00000094422,Or5ac23,2640
ENSMUSG00000094426,Or5p6,3422
ENSMUSG00000094429,Gm19965,3030
ENSMUSG00000094430,Smbd1,696
ENSMUSG00000094439,Gm21969,4402
ENSMUSG00000094441,Zfp955a,5189
ENSMUSG00000094443,Sgo2b,7573
ENSMUSG00000094445,Ccdc179,3435
ENSMUSG00000094447,9430069I07Rik,2357
ENSMUSG00000094449,Or8g55,4125
ENSMUSG00000094460,Gm21560,2066
ENSMUSG00000094461,Or8b36,930
ENSMUSG00000094464,Or1j11,5797
ENSMUSG00000094475,Gm11007,2651
ENSMUSG00000094483,Purb,8319
ENSMUSG00000094484,Gm21244,3115
ENSMUSG00000094488,Or1e33,4987
ENSMUSG00000094493,Or2ag18,2456
ENSMUSG00000094496,Or6c66b,3049
ENSMUSG00000094500,Smim18,598
ENSMUSG00000094504,Foxl3,651
ENSMUSG00000094511,Rbmyf6,2719
ENSMUSG00000094520,Or51q1,9531
ENSMUSG00000094531,Or52e8,7333
ENSMUSG00000094532,Vmn1r259,918
ENSMUSG00000094535,Or7g31,1895
ENSMUSG00000094539,Or5h23,4787
ENSMUSG00000094542,Vmn1r149,924
ENSMUSG00000094545,Vmn1r101,924
ENSMUSG00000094553,Vmn1r50,5232
ENSMUSG00000094556,Gm20821,1153
ENSMUSG00000094558,Btbd35f11,1960
ENSMUSG00000094559,Cyp2d34,1660
ENSMUSG00000094570,Gm20931,3582
ENSMUSG00000094575,Gm20738,2394
ENSMUSG00000094577,Samt1b,834
ENSMUSG00000094584,Ms4a18,1453
ENSMUSG00000094586,Vmn1r41,6660
ENSMUSG00000094588,Or8c20,9099
ENSMUSG00000094589,Vmn1r118,921
ENSMUSG00000094590,Gm3629,14289
ENSMUSG00000094592,Samt1d,984
ENSMUSG00000094595,Fsbp,4358
ENSMUSG00000094596,Btbd35f20,1960
ENSMUSG00000094601,Spin2h,1726
ENSMUSG00000094602,Vmn1r169,11057
ENSMUSG00000094606,Vmn2r50,8158
ENSMUSG00000094612,Or5p1,5336
ENSMUSG00000094616,Gm20888,1757
ENSMUSG00000094618,Gm13271,549
ENSMUSG00000094622,Gm3055,8293
ENSMUSG00000094624,Gm4836,907
ENSMUSG00000094626,Tmem121b,4869
ENSMUSG00000094632,Gm10310,4661
ENSMUSG00000094637,Vmn1r204,3845
ENSMUSG00000094638,Gm21972,776
ENSMUSG00000094647,Gm21650,1744
ENSMUSG00000094648,Gm13287,549
ENSMUSG00000094649,Mplkipl1,1624
ENSMUSG00000094651,Gal3st2,2847
ENSMUSG00000094658,Rbmy,3303
ENSMUSG00000094660,Gm21394,1907
ENSMUSG00000094662,Defa36,2309
ENSMUSG00000094669,Or2a54,3335
ENSMUSG00000094672,Vmn2r25,4009
ENSMUSG00000094673,Or7a38,8668
ENSMUSG00000094678,Or7e166,5507
ENSMUSG00000094679,Gm21721,2349
ENSMUSG00000094680,Vmn1r121,945
ENSMUSG00000094682,Gm6902,2982
ENSMUSG00000094686,Ccl21a,2566
ENSMUSG00000094687,Defa25,279
ENSMUSG00000094690,1600014C23Rik,518
ENSMUSG00000094692,Or11g1,5096
ENSMUSG00000094695,Gm21953,1119
ENSMUSG00000094700,Vmn1r158,924
ENSMUSG00000094701,Or8b51,8224
ENSMUSG00000094706,Gm10338,984
ENSMUSG00000094714,Gm16430,1318
ENSMUSG00000094715,Gm17078,668
ENSMUSG00000094721,Or5b108,4348
ENSMUSG00000094724,Rnaset2b,14361
ENSMUSG00000094729,Gm20747,1907
ENSMUSG00000094733,Csta3,1248
ENSMUSG00000094734,Or6c209,7350
ENSMUSG00000094735,Vmn1r95,924
ENSMUSG00000094739,Gm20806,1907
ENSMUSG00000094745,Or8g34,4244
ENSMUSG00000094746,Gm20916,4632
ENSMUSG00000094747,Or4f14b,16521
ENSMUSG00000094748,Vmn1r255,924
ENSMUSG00000094755,Or5b101,924
ENSMUSG00000094757,Vmn1r242,921
ENSMUSG00000094759,Gm10487,1546
ENSMUSG00000094762,Gm10670,966
ENSMUSG00000094764,Or1j17,5034
ENSMUSG00000094773,Gm21812,1908
ENSMUSG00000094777,H2ac24,482
ENSMUSG00000094778,Or8c8,4391
ENSMUSG00000094782,Gm21256,1762
ENSMUSG00000094784,Gm8122,1404
ENSMUSG00000094786,Gm14403,12986
ENSMUSG00000094789,Gm28490,930
ENSMUSG00000094793,Mup12,6131
ENSMUSG00000094796,Tcstv4,2269
ENSMUSG00000094802,Samt1,1818
ENSMUSG00000094805,Or9e1,3888
ENSMUSG00000094806,Cyp2d10,39895
ENSMUSG00000094808,1810009J06Rik,882
ENSMUSG00000094810,Or8b44,4078
ENSMUSG00000094811,Gm21103,3771
ENSMUSG00000094813,Gm20777,2503
ENSMUSG00000094814,Gm21973,358
ENSMUSG00000094818,Defa32,425
ENSMUSG00000094819,Or13a20,1328
ENSMUSG00000094821,Gm21518,3544
ENSMUSG00000094822,Or52a20,5686
ENSMUSG00000094825,Gm3194,3609
ENSMUSG00000094838,Gm20828,1916
ENSMUSG00000094840,Muc3a,1881
ENSMUSG00000094843,Ppp1r2-ps1,1320
ENSMUSG00000094845,Tmem95,10667
ENSMUSG00000094846,Or5b123,9172
ENSMUSG00000094858,Or4k47,7937
ENSMUSG00000094860,Btbd35f27,1943
ENSMUSG00000094861,Mageb6b1,1035
ENSMUSG00000094870,Zfp131,69082
ENSMUSG00000094876,Btbd35f18,1960
ENSMUSG00000094878,Or2g7,12723
ENSMUSG00000094879,Vmn1r129,924
ENSMUSG00000094881,H2al2c,336
ENSMUSG00000094884,Or12d15,3778
ENSMUSG00000094885,Ott,6084
ENSMUSG00000094891,Or10h1b,14809
ENSMUSG00000094892,Vmn2r101,2578
ENSMUSG00000094898,Vmn1r201,10414
ENSMUSG00000094904,H2al1d,318
ENSMUSG00000094905,Vmn1r155,924
ENSMUSG00000094910,D430019H16Rik,5810
ENSMUSG00000094913,Krtap10-27,1531
ENSMUSG00000094918,Spata31e4,3152
ENSMUSG00000094921,Vmn2r112,8912
ENSMUSG00000094925,Gm5798,1751
ENSMUSG00000094928,1700122O11Rik,771
ENSMUSG00000094931,Vmn1r160,924
ENSMUSG00000094932,Gm2007,2844
ENSMUSG00000094934,Vmn1r163,924
ENSMUSG00000094936,Rbm4,37664
ENSMUSG00000094941,Gm15093,2022
ENSMUSG00000094942,Gm3604,13283
ENSMUSG00000094945,Rhox4a2,901
ENSMUSG00000094950,Vmn2r66,48198
ENSMUSG00000094954,Gm8011,1751
ENSMUSG00000094970,Or8g26,25967
ENSMUSG00000094973,Eif4a3l1,2809
ENSMUSG00000094978,Scgb1b20,421
ENSMUSG00000094981,Vmn1r251,924
ENSMUSG00000094985,Topaz1,5030
ENSMUSG00000094986,Or5b102,13142
ENSMUSG00000094992,Fbxw25,1490
ENSMUSG00000094995,Pate3,1329
ENSMUSG00000095002,Or6c66,4526
ENSMUSG00000095011,Gm20838,1760
ENSMUSG00000095015,Gm16434,2066
ENSMUSG00000095022,Alyreffm15,2112
ENSMUSG00000095024,Gm5458,997
ENSMUSG00000095026,Gm3336,5006
ENSMUSG00000095028,Sirpb1b,10069
ENSMUSG00000095029,Anxa2r2,953
ENSMUSG00000095030,Or10g3b,3815
ENSMUSG00000095032,Gm21310,2042
ENSMUSG00000095040,1700001J03Rik,2494
ENSMUSG00000095048,Msantd5f2,1322
ENSMUSG00000095056,Gm3159,2813
ENSMUSG00000095061,E030018B13Rik,1015
ENSMUSG00000095063,Slx,1775
ENSMUSG00000095064,Vmn1r135,924
ENSMUSG00000095066,Defa20,851
ENSMUSG00000095071,Tcstv2a,2055
ENSMUSG00000095074,Pramel42,3362
ENSMUSG00000095075,Or6c6,2889
ENSMUSG00000095081,Vmn1r257,921
ENSMUSG00000095082,Gm15091,2026
ENSMUSG00000095093,Vmn2r111,24651
ENSMUSG00000095095,Or1e26,2610
ENSMUSG00000095098,Ccdc85b,8949
ENSMUSG00000095101,Gm13285,1462
ENSMUSG00000095104,Esp15,1171
ENSMUSG00000095105,Edaradd,6668
ENSMUSG00000095110,1700003E24Rik,1262
ENSMUSG00000095115,Itpripl2,6865
ENSMUSG00000095125,Vmn1r198,19347
ENSMUSG00000095135,Gm21858,3586
ENSMUSG00000095138,Or6c35,2240
ENSMUSG00000095139,Pou3f2,5587
ENSMUSG00000095141,Gm28891,1752
ENSMUSG00000095143,Hsd3b4,3196
ENSMUSG00000095148,Gm20873,2041
ENSMUSG00000095153,Gm21095,1744
ENSMUSG00000095156,Or4k37,5823
ENSMUSG00000095163,Vmn1r138,921
ENSMUSG00000095171,Taar7b,1077
ENSMUSG00000095172,Gm20822,1916
ENSMUSG00000095180,Rhox5,2724
ENSMUSG00000095187,Or2y11,5890
ENSMUSG00000095189,Or5b117,2322
ENSMUSG00000095190,Gm10668,2487
ENSMUSG00000095191,Vmn1r249,924
ENSMUSG00000095194,Or8g22,937
ENSMUSG00000095195,Gm3005,13961
ENSMUSG00000095199,Zfp967,5067
ENSMUSG00000095201,Vmn1r91,3422
ENSMUSG00000095212,Or5p53,3252
ENSMUSG00000095217,H2bc15,381
ENSMUSG00000095218,Or10ak14,6718
ENSMUSG00000095226,Gm10377,899
ENSMUSG00000095232,Scgb1b19,418
ENSMUSG00000095234,Gm21586,642
ENSMUSG00000095236,Or2f1b,3736
ENSMUSG00000095239,Or5p72,3341
ENSMUSG00000095241,Gm5478,4728
ENSMUSG00000095242,Gm20834,1904
ENSMUSG00000095248,Or56a3b,14603
ENSMUSG00000095251,Tdpoz7,1023
ENSMUSG00000095253,Zfp799,17462
ENSMUSG00000095257,Scgb1b3,419
ENSMUSG00000095263,Gm21094,926
ENSMUSG00000095267,Ssty1,2040
ENSMUSG00000095270,Ifna9,573
ENSMUSG00000095273,Vmn1r142,918
ENSMUSG00000095275,Vmn1r107,924
ENSMUSG00000095276,Gfy,1849
ENSMUSG00000095286,Or2g25,7635
ENSMUSG00000095293,Gm10058,1532
ENSMUSG00000095294,Potefam3b,2522
ENSMUSG00000095295,Gm3488,5600
ENSMUSG00000095296,Speer1j,1181
ENSMUSG00000095300,Spata31e3,3152
ENSMUSG00000095301,Or5p55,3472
ENSMUSG00000095302,Ssty2,1900
ENSMUSG00000095304,Plac9,16392
ENSMUSG00000095309,Vmn1r125,924
ENSMUSG00000095312,Or1e23,939
ENSMUSG00000095315,Zfp1001,13463
ENSMUSG00000095318,Gm8024,7977
ENSMUSG00000095322,Or8g36,2662
ENSMUSG00000095324,Gm20825,1910
ENSMUSG00000095325,Zfp870,34266
ENSMUSG00000095339,Zscan4b,8447
ENSMUSG00000095341,Msantd5f1,1322
ENSMUSG00000095358,Vmn1r165,924
ENSMUSG00000095360,Gm3594,2814
ENSMUSG00000095362,Gm14325,14969
ENSMUSG00000095363,Gm4567,2487
ENSMUSG00000095365,Rbm31y,1955
ENSMUSG00000095368,Gm3012,984
ENSMUSG00000095377,Or2h1,8603
ENSMUSG00000095383,Vmn1r152,924
ENSMUSG00000095384,1700001F09Rik,884
ENSMUSG00000095388,Hsd3b8,4915
ENSMUSG00000095390,Or8g2,4049
ENSMUSG00000095401,Or6c6c,6682
ENSMUSG00000095407,Tmem200c,3288
ENSMUSG00000095409,Gm13043,2055
ENSMUSG00000095413,H2al1e,494
ENSMUSG00000095430,Vmn1r72,13701
ENSMUSG00000095432,Zfp748,11234
ENSMUSG00000095440,Fignl2,8931
ENSMUSG00000095445,H2al1i,318
ENSMUSG00000095448,Or7e168,20058
ENSMUSG00000095452,Gm20795,2043
ENSMUSG00000095463,Entpd4,13350
ENSMUSG00000095470,Gm21863,336
ENSMUSG00000095474,Cldn34c2,9592
ENSMUSG00000095483,Or6c206,4438
ENSMUSG00000095484,Or5b121,5780
ENSMUSG00000095486,Vmn2r22,2652
ENSMUSG00000095493,A630023A22Rik,1277
ENSMUSG00000095498,Ifna1,570
ENSMUSG00000095503,Pramel43,1848
ENSMUSG00000095508,Gm20812,1914
ENSMUSG00000095510,Rhox3f,1841
ENSMUSG00000095514,Tcstv6a,1121
ENSMUSG00000095520,Gm20877,2434
ENSMUSG00000095525,Or7g12,939
ENSMUSG00000095527,Or8b101,3875
ENSMUSG00000095528,Gm10375,2520
ENSMUSG00000095533,Gm10413,984
ENSMUSG00000095538,Gm21983,1690
ENSMUSG00000095540,Esp4,553
ENSMUSG00000095543,Vmn1r148,924
ENSMUSG00000095545,Zfp969,14201
ENSMUSG00000095546,Gm10230,1506
ENSMUSG00000095550,Speer4a3,2421
ENSMUSG00000095557,Gm3415,2078
ENSMUSG00000095567,Noc2l,33003
ENSMUSG00000095569,Taar7d,1077
ENSMUSG00000095573,H2al2b,336
ENSMUSG00000095576,Fmo6,1691
ENSMUSG00000095577,Gm6619,608
ENSMUSG00000095578,Gm21760,3566
ENSMUSG00000095586,Or4k41,918
ENSMUSG00000095593,Krtap10-26,693
ENSMUSG00000095595,Fam177a,15953
ENSMUSG00000095601,Rhox3a2,1651
ENSMUSG00000095603,Or12d16-ps1,1791
ENSMUSG00000095606,Gm21258,2802
ENSMUSG00000095608,Or10u3,2946
ENSMUSG00000095609,Anxa2r1,3459
ENSMUSG00000095619,Vmn1r157,894
ENSMUSG00000095620,Csta2,1510
ENSMUSG00000095621,Gm15085,2028
ENSMUSG00000095625,Esp24,640
ENSMUSG00000095629,Vmn1r89,17063
ENSMUSG00000095632,Vmn1r175,3793
ENSMUSG00000095634,Gm20816,1909
ENSMUSG00000095640,Or5an1,3943
ENSMUSG00000095647,Taar7a,1077
ENSMUSG00000095648,Gm2004,5198
ENSMUSG00000095650,Gm20854,2158
ENSMUSG00000095653,Tcstv1b,920
ENSMUSG00000095654,Plscr5,1191
ENSMUSG00000095655,H2al1f,318
ENSMUSG00000095658,Vmn2r130,7708
ENSMUSG00000095659,Spin2g,1016
ENSMUSG00000095662,H2al1g,509
ENSMUSG00000095664,Vmn2r67,23787
ENSMUSG00000095667,Or7g34,1887
ENSMUSG00000095670,Vmn1r30,8541
ENSMUSG00000095673,Alyreffm12,861
ENSMUSG00000095675,Ccl21b,869
ENSMUSG00000095677,Dynlt1f,3711
ENSMUSG00000095683,Gm10662,3437
ENSMUSG00000095686,Gm3099,2065
ENSMUSG00000095687,Rnaset2a,17195
ENSMUSG00000095696,Or6c1b,3763
ENSMUSG00000095698,Rhox2d,2436
ENSMUSG00000095706,Or5ac25,3209
ENSMUSG00000095710,Speer1i,549
ENSMUSG00000095716,Btbd35f10,1952
ENSMUSG00000095717,Eif1ad11,1870
ENSMUSG00000095718,Pramel40,1581
ENSMUSG00000095721,Krtap10-25,711
ENSMUSG00000095724,Eif1ad19,1863
ENSMUSG00000095730,Vmn2r29,2559
ENSMUSG00000095741,Rhox2f,799
ENSMUSG00000095745,Vmn1r243,924
ENSMUSG00000095754,Spin2f,1040
ENSMUSG00000095758,Vmn1r128,924
ENSMUSG00000095765,Or11g25,7647
ENSMUSG00000095768,Vmn1r111,921
ENSMUSG00000095770,Spin2j,778
ENSMUSG00000095773,Vmn2r38,3723
ENSMUSG00000095774,Or8g37,4323
ENSMUSG00000095785,Gm20924,1914
ENSMUSG00000095788,Sirpb1a,3525
ENSMUSG00000095789,Nupr2,2340
ENSMUSG00000095793,Gm20855,3570
ENSMUSG00000095797,Gm8246,2561
ENSMUSG00000095799,Eif1ad10,1864
ENSMUSG00000095804,Or9r7,8429
ENSMUSG00000095806,Vmn1r244,918
ENSMUSG00000095809,Or4k42,3668
ENSMUSG00000095814,Btbd35f7,1960
ENSMUSG00000095817,Krtap10-22,693
ENSMUSG00000095821,Tcstv3,1373
ENSMUSG00000095822,Tdpoz9-ps1,2325
ENSMUSG00000095824,Cwc22rt7,3225
ENSMUSG00000095829,Speer1a,1588
ENSMUSG00000095831,Or2f1,4036
ENSMUSG00000095837,Vmn1r246,921
ENSMUSG00000095839,Or8g52,4383
ENSMUSG00000095845,Gng14,384
ENSMUSG00000095852,Rbmyf2,4879
ENSMUSG00000095858,Or12d14-ps1,3953
ENSMUSG00000095864,Vmn1r77,25575
ENSMUSG00000095867,Gm20917,2214
ENSMUSG00000095869,Ppp1r2-ps6,822
ENSMUSG00000095870,Lce1k,663
ENSMUSG00000095872,Gm15128,3377
ENSMUSG00000095886,Esp38,618
ENSMUSG00000095887,Gm10096,1546
ENSMUSG00000095893,Or8b37,4115
ENSMUSG00000095896,Ifna14,570
ENSMUSG00000095900,Gm20773,3836
ENSMUSG00000095901,Or13a24,2853
ENSMUSG00000095903,Or8g53,5657
ENSMUSG00000095909,Zfp997,449
ENSMUSG00000095910,Or5p50,4109
ENSMUSG00000095912,Gm3317,519
ENSMUSG00000095914,Vmn2r48,2568
ENSMUSG00000095916,Vmn1r191,8448
ENSMUSG00000095917,Or11g7,5039
ENSMUSG00000095918,Speer1e,1016
ENSMUSG00000095928,Or5ac22,6289
ENSMUSG00000095929,Or5p63,4730
ENSMUSG00000095930,Nim1k,21185
ENSMUSG00000095931,Vmn1r159,918
ENSMUSG00000095932,Vmn1r49,8565
ENSMUSG00000095934,Btbd35f13,1701
ENSMUSG00000095935,Msantd5f3,1325
ENSMUSG00000095936,Zscan4e,8370
ENSMUSG00000095941,Tle7,6706
ENSMUSG00000095948,Rbmyf8,4446
ENSMUSG00000095950,Gm20737,5085
ENSMUSG00000095954,Pramel56,3368
ENSMUSG00000095957,Or7g19,5374
ENSMUSG00000095961,Vmn2r102,17430
ENSMUSG00000095962,Vmn1r137,924
ENSMUSG00000095970,Krtap10-33,801
ENSMUSG00000095973,Vmn1r116,924
ENSMUSG00000095975,Cphx1,1649
ENSMUSG00000095976,Gm5891,3437
ENSMUSG00000095979,Gm21209,4647
ENSMUSG00000095984,Vmn1r256,921
ENSMUSG00000095990,Zfp97,2684
ENSMUSG00000095992,Krtap22-2,365
ENSMUSG00000095996,Pramel60,2525
ENSMUSG00000096000,Or6c204,936
ENSMUSG00000096001,Gpr15lg,1564
ENSMUSG00000096002,Vmn2r53,23809
ENSMUSG00000096003,Gm3500,1955
ENSMUSG00000096009,Or2n1,2609
ENSMUSG00000096010,H4c16,2863
ENSMUSG00000096011,Ifna15,573
ENSMUSG00000096014,Sox1,4832
ENSMUSG00000096016,Gm20937,3273
ENSMUSG00000096023,Gm3542,2063
ENSMUSG00000096024,Gm17174,671
ENSMUSG00000096029,Or56a3,11154
ENSMUSG00000096035,Odaph,1750
ENSMUSG00000096036,Gm21778,2594
ENSMUSG00000096039,D830030K20Rik,3237
ENSMUSG00000096044,Pramel33,4178
ENSMUSG00000096045,Gm21698,3661
ENSMUSG00000096049,Eif1ad17,1850
ENSMUSG00000096051,Vmn1r40,12035
ENSMUSG00000096054,Syne1,43345
ENSMUSG00000096066,Pramel46,1848
ENSMUSG00000096068,Or5p62,945
ENSMUSG00000096069,Or13a28,3539
ENSMUSG00000096071,Vmn1r143,924
ENSMUSG00000096072,Mageb6b2,1035
ENSMUSG00000096073,Vmn1r166,921
ENSMUSG00000096094,A630095N17Rik,1380
ENSMUSG00000096097,H2al1c,318
ENSMUSG00000096099,Vmn1r220,36958
ENSMUSG00000096109,Or8g18,5059
ENSMUSG00000096122,Gm21943,2405
ENSMUSG00000096131,Krtap10-29,678
ENSMUSG00000096139,Pramel50,1897
ENSMUSG00000096140,Ankrd66,1307
ENSMUSG00000096141,Dnah7a,13243
ENSMUSG00000096145,Vkorc1,11899
ENSMUSG00000096146,Kcnj11,3142
ENSMUSG00000096151,Or5p56,3863
ENSMUSG00000096152,Vmn1r240,924
ENSMUSG00000096153,BC061195,1253
ENSMUSG00000096154,Gm13057,2053
ENSMUSG00000096164,Vmn1r93,966
ENSMUSG00000096167,Or8b39,7211
ENSMUSG00000096169,Or10h5,22296
ENSMUSG00000096175,Tcstv2b,1951
ENSMUSG00000096178,Gm20837,1787
ENSMUSG00000096180,Vmn2r49,2677
ENSMUSG00000096188,Cmtm4,7813
ENSMUSG00000096194,Btbd35f2,1907
ENSMUSG00000096199,Ptrhd1,4453
ENSMUSG00000096209,Or5p81,9941
ENSMUSG00000096210,H1f0,2055
ENSMUSG00000096215,Smim22,5310
ENSMUSG00000096220,Or6c205,4537
ENSMUSG00000096223,Gm21874,1538
ENSMUSG00000096225,Lhx8,11575
ENSMUSG00000096228,Or6z7,4024
ENSMUSG00000096229,Or6c5,2368
ENSMUSG00000096230,Pramel36,1848
ENSMUSG00000096254,Or4l15,2158
ENSMUSG00000096255,Dynlt1b,4034
ENSMUSG00000096257,Ccer2,1089
ENSMUSG00000096259,Pramel38,2141
ENSMUSG00000096265,Potefam3e,2514
ENSMUSG00000096268,Gm20914,1912
ENSMUSG00000096273,Or5b118,2484
ENSMUSG00000096276,Gm2042,5874
ENSMUSG00000096278,Dcpp2,1919
ENSMUSG00000096283,Gm6176,2487
ENSMUSG00000096284,Tcstv1a,2155
ENSMUSG00000096289,Or5b122,19502
ENSMUSG00000096294,Vmn2r47,3535
ENSMUSG00000096295,Defa2,853
ENSMUSG00000096304,Gm16451,924
ENSMUSG00000096316,Faiml,8922
ENSMUSG00000096320,Or5b116,4326
ENSMUSG00000096323,Tcstv2c,1937
ENSMUSG00000096333,Msantd5f10,2264
ENSMUSG00000096337,Cwc22rt5,3225
ENSMUSG00000096344,Gm6408,1171
ENSMUSG00000096345,Esp16,1243
ENSMUSG00000096348,Vmn1r250,966
ENSMUSG00000096351,Samd11,20418
ENSMUSG00000096356,Or8b40,6618
ENSMUSG00000096365,Or5b109,3248
ENSMUSG00000096370,Gm21992,2869
ENSMUSG00000096373,Vmn2r31,8396
ENSMUSG00000096380,Krtap10-34,747
ENSMUSG00000096386,Vmn1r100,924
ENSMUSG00000096393,Fam240a,2754
ENSMUSG00000096399,Vmn2r35,2586
ENSMUSG00000096405,4930474N05Rik,3013
ENSMUSG00000096409,Or8b41,6420
ENSMUSG00000096421,Krtap12-20,363
ENSMUSG00000096424,Or8b38,930
ENSMUSG00000096426,Btbd35f24,1941
ENSMUSG00000096427,Or8c17,2509
ENSMUSG00000096433,Zfp994,93541
ENSMUSG00000096436,Or5an1b,4928
ENSMUSG00000096442,Taar8a,1035
ENSMUSG00000096445,Dcpp1,617
ENSMUSG00000096446,Gm8104,1761
ENSMUSG00000096457,Gm10147,1503
ENSMUSG00000096458,Moap1,8372
ENSMUSG00000096465,Or5p64,10174
ENSMUSG00000096467,Scgb2b19,520
ENSMUSG00000096468,Gm16405,1171
ENSMUSG00000096470,Gm9603,2063
ENSMUSG00000096472,Cdkn2d,5559
ENSMUSG00000096477,Or2h2c,5153
ENSMUSG00000096481,Krtap10-23,693
ENSMUSG00000096484,Cwc22rt4,3225
ENSMUSG00000096485,Or5b112,2914
ENSMUSG00000096486,Atg5lrt,312
ENSMUSG00000096488,Gm10409,9673
ENSMUSG00000096497,Or6c5c,5897
ENSMUSG00000096508,Pramel3b,7346
ENSMUSG00000096513,Vmn1r247,945
ENSMUSG00000096516,Or52a24,2504
ENSMUSG00000096520,Rbmyf9,2719
ENSMUSG00000096525,Gm2663,865
ENSMUSG00000096527,Gm6370,2161
ENSMUSG00000096530,Msantd5f7,2266
ENSMUSG00000096534,Krtap16-3,601
ENSMUSG00000096537,Fam240b,1097
ENSMUSG00000096546,Smlr1,1493
ENSMUSG00000096549,Prickle4,3902
ENSMUSG00000096554,Or4k38,918
ENSMUSG00000096555,Or8g27,3716
ENSMUSG00000096566,Or4f14,2832
ENSMUSG00000096569,Amy2a2,3717
ENSMUSG00000096574,Gm2956,16346
ENSMUSG00000096576,Oog1,5727
ENSMUSG00000096582,Gm13289,549
ENSMUSG00000096584,Or51aa5,3273
ENSMUSG00000096591,Gm13272,811
ENSMUSG00000096593,Vmn2r54,10910
ENSMUSG00000096596,Ccl21e,869
ENSMUSG00000096601,Vmn1r260,924
ENSMUSG00000096606,Tpbgl,3022
ENSMUSG00000096607,7530416G11Rik,1161
ENSMUSG00000096619,Eif1ad14,1494
ENSMUSG00000096620,Gm5169,1865
ENSMUSG00000096621,Gm5849,482
ENSMUSG00000096626,Gm21861,1760
ENSMUSG00000096629,Gm3383,1813
ENSMUSG00000096630,Vmn2r26,6529
ENSMUSG00000096640,Alyreffm9,861
ENSMUSG00000096644,Magea1,1108
ENSMUSG00000096645,Spin2e,1043
ENSMUSG00000096650,Gm20896,2712
ENSMUSG00000096658,Vmn2r39,3646
ENSMUSG00000096663,Vmn1r103,918
ENSMUSG00000096664,Gm3409,3274
ENSMUSG00000096666,Gm20852,1908
ENSMUSG00000096674,Mup15,14550
ENSMUSG00000096679,Or5p73,2260
ENSMUSG00000096682,Ifna5,570
ENSMUSG00000096685,Gm3642,1762
ENSMUSG00000096686,Gm20830,1905
ENSMUSG00000096687,Mfsd4b4,18388
ENSMUSG00000096688,Mup17,18033
ENSMUSG00000096691,Vmn2r33,2586
ENSMUSG00000096695,Or5h26,2641
ENSMUSG00000096696,Zfp960,2737
ENSMUSG00000096697,Esp23,646
ENSMUSG00000096700,Msantd5f4,1322
ENSMUSG00000096703,Or4k40,8329
ENSMUSG00000096705,Or10ak8,942
ENSMUSG00000096706,Gm21854,2626
ENSMUSG00000096708,Or5b119,945
ENSMUSG00000096714,Or2ag17,8813
ENSMUSG00000096717,Vmn2r98,3707
ENSMUSG00000096718,Zfp781b,9009
ENSMUSG00000096719,Mrgpra2b,3775
ENSMUSG00000096727,Psmb9,3462
ENSMUSG00000096729,Cwc22rt3,3225
ENSMUSG00000096732,Speer1f,1646
ENSMUSG00000096735,Vmn1r79,12138
ENSMUSG00000096737,Vmn1r117,924
ENSMUSG00000096740,Lbhd1,3164
ENSMUSG00000096743,Vmn2r32,4477
ENSMUSG00000096744,Alyreffm8,910
ENSMUSG00000096747,Or9r3,2379
ENSMUSG00000096750,Msantd5f8,2264
ENSMUSG00000096753,Fam181a,4345
ENSMUSG00000096757,Or8c11,5881
ENSMUSG00000096760,Vmn1r248,918
ENSMUSG00000096761,Vmn1r245,924
ENSMUSG00000096764,Gm21985,4532
ENSMUSG00000096769,Gm21117,3577
ENSMUSG00000096770,Amy2a4,3717
ENSMUSG00000096773,Or52e8b,12178
ENSMUSG00000096775,Gm5796,1817
ENSMUSG00000096788,Rhox2e,1879
ENSMUSG00000096793,Gm3002,5837
ENSMUSG00000096794,Or8b1c,5366
ENSMUSG00000096795,Zfp433,4184
ENSMUSG00000096798,Gm6309,1154
ENSMUSG00000096803,Eif1ad16,1301
ENSMUSG00000096806,Or5af1,4703
ENSMUSG00000096813,Vmn1r126,966
ENSMUSG00000096820,Gm21425,3848
ENSMUSG00000096822,Or1j15,8605
ENSMUSG00000096826,Ccl27b,1161
ENSMUSG00000096834,Gm15127,3976
ENSMUSG00000096840,Or2n1d,9056
ENSMUSG00000096846,Speer1d,858
ENSMUSG00000096847,Tmem151b,4881
ENSMUSG00000096852,Cyp2d12,11275
ENSMUSG00000096854,Ifnz,1462
ENSMUSG00000096856,Gm10778,7008
ENSMUSG00000096858,Or6c212,7487
ENSMUSG00000096859,Vmn1r176,17334
ENSMUSG00000096861,Vmn2r68,3015
ENSMUSG00000096867,Samt1c,2046
ENSMUSG00000096869,Gm6676,2066
ENSMUSG00000096871,Gm10665,966
ENSMUSG00000096872,Scgb2a2,1107
ENSMUSG00000096878,Gm21083,2204
ENSMUSG00000096879,Tdpoz8,3996
ENSMUSG00000096883,Shisa8,8228
ENSMUSG00000096887,Mtrnr2l7,449
ENSMUSG00000096898,Gm20867,1908
ENSMUSG00000096901,Gm3029,984
ENSMUSG00000096902,Gm20843,3556
ENSMUSG00000096903,Vmn1r104,924
ENSMUSG00000096910,Zfp955b,9973
ENSMUSG00000096914,Galntl6,11661
ENSMUSG00000096915,Btbd35f6,1497
ENSMUSG00000096916,Zfp850,9520
ENSMUSG00000096949,Gm26897,93
ENSMUSG00000096966,Pnma6e,2298
ENSMUSG00000096968,Gm26620,817
ENSMUSG00000097050,Gm9918,2192
ENSMUSG00000097075,Cdiptos,18467
ENSMUSG00000097084,Foxl1,2705
ENSMUSG00000097148,Gapdhrt,4770
ENSMUSG00000097221,1810049J17Rik,462
ENSMUSG00000097239,Gm27029,3753
ENSMUSG00000097328,Tnfsf12,4885
ENSMUSG00000097333,Zfp87,20169
ENSMUSG00000097392,Thoc2l,24176
ENSMUSG00000097425,Vmn1r181,23641
ENSMUSG00000097427,Alyreffm14,2112
ENSMUSG00000097487,Ptges3l,22007
ENSMUSG00000097550,Alyreffm16,2112
ENSMUSG00000097565,Gm26965,1520
ENSMUSG00000097638,Carlr,2574
ENSMUSG00000097789,Ctxnd1,7055
ENSMUSG00000097878,Alyreffm13,1246
ENSMUSG00000097886,Gsg1l2,1158
ENSMUSG00000097918,Ascl5,567
ENSMUSG00000097919,Gm27021,758
ENSMUSG00000097929,Tunar,18977
ENSMUSG00000097972,Scgb2b15,865
ENSMUSG00000097982,Scgb2b12,511
ENSMUSG00000097993,Ptprv,6108
ENSMUSG00000098004,Gm27027,547
ENSMUSG00000098022,Zfp82,95443
ENSMUSG00000098078,Gm26992,468
ENSMUSG00000098094,Scgb2b17,865
ENSMUSG00000098112,Bin2,14564
ENSMUSG00000098132,Rassf10,3496
ENSMUSG00000098134,Rnf113a2,1383
ENSMUSG00000098140,Gm26938,744
ENSMUSG00000098176,Ccdc166,5042
ENSMUSG00000098188,Sowahc,4482
ENSMUSG00000098207,Arl14,1200
ENSMUSG00000098274,Rpl24,1345
ENSMUSG00000098306,Gm28040,890
ENSMUSG00000098332,Pigbos1,5817
ENSMUSG00000098374,Gm28043,6521
ENSMUSG00000098387,Pet117,1015
ENSMUSG00000098470,C1rb,2429
ENSMUSG00000098488,Pla2g4b,2790
ENSMUSG00000098505,Gm14496,16035
ENSMUSG00000098509,Rgs21,1674
ENSMUSG00000098530,Gm28051,445
ENSMUSG00000098557,Kctd12,6057
ENSMUSG00000098590,Vsig10l2,2434
ENSMUSG00000098650,Commd1b,2746
ENSMUSG00000098678,Mroh6,2216
ENSMUSG00000098692,Gm28041,779
ENSMUSG00000098715,Gm28053,701
ENSMUSG00000098754,Prn,5502
ENSMUSG00000098773,Gm27179,3017
ENSMUSG00000098781,Gm28044,551
ENSMUSG00000098789,Jmjd7,10304
ENSMUSG00000098847,Gm27235,903
ENSMUSG00000098905,Zfp953,5162
ENSMUSG00000098923,Tmem185b,2824
ENSMUSG00000098947,V1rg10,1011
ENSMUSG00000098950,Gm28036,5505
ENSMUSG00000099009,Rdh16f1,2766
ENSMUSG00000099032,Tcf24,6844
ENSMUSG00000099041,Gm28035,4238
ENSMUSG00000099083,Atf7,31111
ENSMUSG00000099216,Obox8,1893
ENSMUSG00000099269,Calm5,1012
ENSMUSG00000099398,Ms4a14,4065
ENSMUSG00000099418,Ccdc196,5494
ENSMUSG00000099420,Gm13279,549
ENSMUSG00000099443,H2al1h,318
ENSMUSG00000099481,Xndc1,5429
ENSMUSG00000099486,Or4c122,6462
ENSMUSG00000099517,H3c8,530
ENSMUSG00000099518,Gm13275,549
ENSMUSG00000099531,Gm20869,1887
ENSMUSG00000099541,Gm21488,3566
ENSMUSG00000099545,Gm13276,549
ENSMUSG00000099564,Lrrc78,4425
ENSMUSG00000099579,1700120K04Rik,761
ENSMUSG00000099581,Scgb1b10,417
ENSMUSG00000099583,H3c4,1249
ENSMUSG00000099611,Vmn1r189,7613
ENSMUSG00000099655,2310034G01Rik,1373
ENSMUSG00000099687,Or51b6b,5055
ENSMUSG00000099689,Zfp383,10508
ENSMUSG00000099711,Btbd35f21,1943
ENSMUSG00000099729,Scgb2b11,523
ENSMUSG00000099740,Gm28897,3566
ENSMUSG00000099762,Gm21149,4643
ENSMUSG00000099782,Gm20903,2727
ENSMUSG00000099787,Vmn1r192,5770
ENSMUSG00000099792,Gm29564,4682
ENSMUSG00000099820,Or5m9b,3203
ENSMUSG00000099840,Gm21409,5685
ENSMUSG00000099856,Gm20906,2730
ENSMUSG00000099861,Gm29049,2383
ENSMUSG00000099863,1700031L13Rik,6993
ENSMUSG00000099894,Gm20911,3582
ENSMUSG00000099898,Scgb1b17,417
ENSMUSG00000099900,Scgb2b21,520
ENSMUSG00000099908,Gm28539,2982
ENSMUSG00000099913,Gm28551,3142
ENSMUSG00000099917,Vmn1r215,3838
ENSMUSG00000099925,Gm28827,3566
ENSMUSG00000099948,Gm29424,696
ENSMUSG00000099974,Bcl2a1d,3098
ENSMUSG00000100004,Taar8c,1035
ENSMUSG00000100016,Or4c110,6234
ENSMUSG00000100032,Gm20817,2724
ENSMUSG00000100045,Gm20929,2804
ENSMUSG00000100055,Gm20890,3566
ENSMUSG00000100058,Scgb2b18,523
ENSMUSG00000100079,Ifnab,1058
ENSMUSG00000100133,Tgif2lx1,1030
ENSMUSG00000100186,Taar8b,1035
ENSMUSG00000100190,Krtap28-10,957
ENSMUSG00000100194,Tgif2lx2,1030
ENSMUSG00000100200,H2al1m,535
ENSMUSG00000100210,H3c7,1261
ENSMUSG00000100231,Gm29554,769
ENSMUSG00000100234,Gm13277,549
ENSMUSG00000100235,Gm28557,3886
ENSMUSG00000100240,Gm20820,3558
ENSMUSG00000100241,Slc18a3,2413
ENSMUSG00000100249,Btbd35f23,1943
ENSMUSG00000100254,Trpc2,2894
ENSMUSG00000100296,Vmn1r205,1101
ENSMUSG00000100338,Gm28870,1658
ENSMUSG00000100448,H2al1k,510
ENSMUSG00000100467,Gm29582,1760
ENSMUSG00000100485,Gm20920,3562
ENSMUSG00000100486,Gm4131,1264
ENSMUSG00000100505,Gm13283,1463
ENSMUSG00000100512,Ovol3,731
ENSMUSG00000100535,Gm20870,922
ENSMUSG00000100549,Ifna11,573
ENSMUSG00000100586,Vmn1r90,57181
ENSMUSG00000100608,Gm21996,1760
ENSMUSG00000100617,Zfp658,1794
ENSMUSG00000100621,Gm28374,728
ENSMUSG00000100622,Gm20379,1204
ENSMUSG00000100626,H2al1a,501
ENSMUSG00000100634,Gm28171,2403
ENSMUSG00000100642,Gm28230,3527
ENSMUSG00000100645,Gm28576,2712
ENSMUSG00000100667,Gm57478,1760
ENSMUSG00000100679,Gm28778,1675
ENSMUSG00000100689,Taar7e,1077
ENSMUSG00000100704,Gm28434,500
ENSMUSG00000100708,Gm21173,4851
ENSMUSG00000100713,Ifna7,573
ENSMUSG00000100726,Gm21497,3826
ENSMUSG00000100838,Gm29094,664
ENSMUSG00000100846,Gm28845,733
ENSMUSG00000100856,Gm21627,1843
ENSMUSG00000100892,Gm20897,3004
ENSMUSG00000100899,Or5d39,5376
ENSMUSG00000100902,Gm20850,924
ENSMUSG00000100916,Lhb,678
ENSMUSG00000100923,Or2y1b,3718
ENSMUSG00000100937,Nscme3l,1021
ENSMUSG00000100939,Gm28998,3821
ENSMUSG00000100950,Taar7f,1077
ENSMUSG00000100962,Lrrc77,906
ENSMUSG00000100972,Gm28553,3566
ENSMUSG00000101026,Ly6g6g,1494
ENSMUSG00000101031,Ms4a12,4923
ENSMUSG00000101053,Gm20815,2372
ENSMUSG00000101073,Vmn1r200,17542
ENSMUSG00000101078,Or5d38,3632
ENSMUSG00000101113,1700025B11Rik,1761
ENSMUSG00000101146,Gm20814,2937
ENSMUSG00000101152,Gm28305,365
ENSMUSG00000101155,Sly,3562
ENSMUSG00000101157,Gm20905,923
ENSMUSG00000101158,Gm20894,1744
ENSMUSG00000101163,Gm13278,549
ENSMUSG00000101174,Hoxd4,4129
ENSMUSG00000101232,Scgb1b15,417
ENSMUSG00000101243,Gm28919,1771
ENSMUSG00000101252,Ifna6,570
ENSMUSG00000101286,Gm21317,1965
ENSMUSG00000101294,Btbd35f15,1917
ENSMUSG00000101303,B020011L13Rik,2879
ENSMUSG00000101307,Gm7356,2217
ENSMUSG00000101315,Krtap28-13,992
ENSMUSG00000101337,Dnah7c,12819
ENSMUSG00000101355,H3c10,411
ENSMUSG00000101361,Gm7358,1603
ENSMUSG00000101381,Btbd35f16,1949
ENSMUSG00000101389,Ms4a4a,2140
ENSMUSG00000101391,Or4c112,12960
ENSMUSG00000101396,Gm28510,2595
ENSMUSG00000101399,Gm28961,4550
ENSMUSG00000101401,Scgb1b18,402
ENSMUSG00000101436,Gm5157,1581
ENSMUSG00000101471,Gm29276,932
ENSMUSG00000101480,Or4c115,9221
ENSMUSG00000101500,Btbd35f12,1908
ENSMUSG00000101520,Scgb1b12,417
ENSMUSG00000101528,Gm29110,3562
ENSMUSG00000101578,Vmn1r206,5105
ENSMUSG00000101605,Ace3,4712
ENSMUSG00000101638,Scgb1b11,418
ENSMUSG00000101645,Gm28635,4734
ENSMUSG00000101653,Gm20792,1760
ENSMUSG00000101667,Rbmyf4,576
ENSMUSG00000101678,Gm29609,3223
ENSMUSG00000101750,Or2y1f,14802
ENSMUSG00000101766,Gm20908,922
ENSMUSG00000101818,Gm28269,559
ENSMUSG00000101819,H2al1b,495
ENSMUSG00000101860,Mindy4b-ps,1374
ENSMUSG00000101874,Or2y1e,4173
ENSMUSG00000101892,9130401M01Rik,15351
ENSMUSG00000101904,Gm29427,1909
ENSMUSG00000101915,Gm28102,2727
ENSMUSG00000101918,Or4c120,9802
ENSMUSG00000101928,Gm20824,3578
ENSMUSG00000101933,Gm20835,3566
ENSMUSG00000101959,Ldhal6b,1445
ENSMUSG00000101972,H3c11,411
ENSMUSG00000102018,Iqank1,2895
ENSMUSG00000102030,Gm29106,4012
ENSMUSG00000102037,Bcl2a1a,1632
ENSMUSG00000102045,Gm21294,2529
ENSMUSG00000102053,Rbmyf1,1561
ENSMUSG00000102091,Or5m9,4882
ENSMUSG00000102122,Gm20883,1883
ENSMUSG00000102206,Pcdha11,10296
ENSMUSG00000102222,Pcdhga10,9664
ENSMUSG00000102252,Snrpn,431358
ENSMUSG00000102308,Sprr5,677
ENSMUSG00000102312,Pcdha3,5338
ENSMUSG00000102416,4933424G06Rik,1120
ENSMUSG00000102418,Sh2d1b1,5176
ENSMUSG00000102422,Iqschfp,2369
ENSMUSG00000102428,Pcdhga12,15413
ENSMUSG00000102439,Flg,7166
ENSMUSG00000102440,Pcdhga9,9659
ENSMUSG00000102483,Catspere1,8194
ENSMUSG00000102543,Pcdhgc5,41752
ENSMUSG00000102627,Snurf,216
ENSMUSG00000102668,Gm29866,2718
ENSMUSG00000102692,Dchs2,17209
ENSMUSG00000102697,Pcdhac2,9803
ENSMUSG00000102739,Gm20772,3848
ENSMUSG00000102742,Pcdhga11,14465
ENSMUSG00000102748,Pcdhgb2,9531
ENSMUSG00000102752,Gm7694,3827
ENSMUSG00000102758,Naaladl2,9330
ENSMUSG00000102802,Mgam2-ps,9119
ENSMUSG00000102805,Gm37240,2913
ENSMUSG00000102836,Gm38666,313
ENSMUSG00000102918,Pcdhgc3,9622
ENSMUSG00000102976,Zc3h11a,4396
ENSMUSG00000103034,Gm8797,490
ENSMUSG00000103037,Pcdhgb1,9631
ENSMUSG00000103081,Pcdhgb8,4615
ENSMUSG00000103084,Gm38119,1558
ENSMUSG00000103088,Pcdhgb6,9647
ENSMUSG00000103092,Pcdha5,5206
ENSMUSG00000103124,Gm37389,1568
ENSMUSG00000103125,Gm37388,429
ENSMUSG00000103144,Pcdhga1,8027
ENSMUSG00000103243,Lce1d,678
ENSMUSG00000103255,Pcdhac1,5425
ENSMUSG00000103310,Pcdha12,9938
ENSMUSG00000103332,Pcdhga2,9683
ENSMUSG00000103362,Tdpoz2,1145
ENSMUSG00000103371,Gm35134,5495
ENSMUSG00000103392,Gm38303,536
ENSMUSG00000103409,Lsmem2,4746
ENSMUSG00000103421,Golt1a,1865
ENSMUSG00000103442,Pcdha1,10173
ENSMUSG00000103458,Pcdha4b,2856
ENSMUSG00000103468,Gm21440,5101
ENSMUSG00000103472,Pcdhga7,12734
ENSMUSG00000103476,Strit1,701
ENSMUSG00000103523,2210017I01Rik,2312
ENSMUSG00000103528,Gm31571,3562
ENSMUSG00000103567,Pcdhga5,9526
ENSMUSG00000103585,Pcdhgb4,9523
ENSMUSG00000103677,Pcdhga4,9058
ENSMUSG00000103707,Pcdha6,10321
ENSMUSG00000103711,Tstd1,2287
ENSMUSG00000103749,Pcdhgb5,9605
ENSMUSG00000103766,Gm38392,1303
ENSMUSG00000103770,Pcdha9,5341
ENSMUSG00000103793,Pcdhga6,9664
ENSMUSG00000103800,Pcdha8,5344
ENSMUSG00000103897,Pcdhga8,13916
ENSMUSG00000103906,Tigd5,4801
ENSMUSG00000103919,Gm21366,3566
ENSMUSG00000104043,Gm6525,1029
ENSMUSG00000104063,Pcdhgb7,12017
ENSMUSG00000104148,Pcdha2,10298
ENSMUSG00000104158,Becn2,3118
ENSMUSG00000104191,Gm30737,5760
ENSMUSG00000104217,Gm37988,825
ENSMUSG00000104252,Pcdha4,9492
ENSMUSG00000104267,Gm20807,3842
ENSMUSG00000104301,Wdr49,3757
ENSMUSG00000104318,Pcdha7,5343
ENSMUSG00000104346,Pcdhga3,9637
ENSMUSG00000104423,A030005K14Rik,1093
ENSMUSG00000104445,Rhbg,3751
ENSMUSG00000104529,Rbakdn,9377
ENSMUSG00000104614,Fbxw27,2334
ENSMUSG00000104713,Gbp6,42344
ENSMUSG00000104752,Gm5565,1162
ENSMUSG00000104824,Gm21663,2864
ENSMUSG00000105053,Gm43064,3144
ENSMUSG00000105078,Vamp9,3021
ENSMUSG00000105096,Gbp10,23236
ENSMUSG00000105103,Gm43191,704
ENSMUSG00000105298,Cldn25,741
ENSMUSG00000105340,Gm42878,4783
ENSMUSG00000105504,Gbp5,9705
ENSMUSG00000105518,Gm42674,446
ENSMUSG00000105589,Fbxw14,3413
ENSMUSG00000105734,Ctxnd2,3274
ENSMUSG00000105827,H2bc18,381
ENSMUSG00000105835,Gm43552,365
ENSMUSG00000105867,Tmem271rt,1850
ENSMUSG00000105888,Fdcsp,430
ENSMUSG00000105993,Tex13d,1834
ENSMUSG00000106247,Gm43720,6411
ENSMUSG00000106350,Kif19b,6898
ENSMUSG00000106379,Lhfpl3,5729
ENSMUSG00000106445,Gm21190,3294
ENSMUSG00000106447,Gm42957,3624
ENSMUSG00000106627,Gm21680,2975
ENSMUSG00000106631,Gm42669,3080
ENSMUSG00000106677,Ugt2a1,2574
ENSMUSG00000106715,Tmem265,2511
ENSMUSG00000106824,Potefam3d,2507
ENSMUSG00000106864,Gtf3c2,105815
ENSMUSG00000106893,Vmn1r261,928
ENSMUSG00000106918,Mrpl33,12793
ENSMUSG00000107002,Ncbp2as2,1445
ENSMUSG00000107011,Gm42906,408
ENSMUSG00000107023,Gm42715,12746
ENSMUSG00000107068,Gm42742,1412
ENSMUSG00000107071,Gm42420,634
ENSMUSG00000107167,B3galt9,3366
ENSMUSG00000107180,Gm43638,2297
ENSMUSG00000107252,Litafd,6203
ENSMUSG00000107280,Potefam3c,2512
ENSMUSG00000107283,Mpv17,38263
ENSMUSG00000107392,Pramel35,4998
ENSMUSG00000107417,Or2y13,5108
ENSMUSG00000107478,Gm45234,4359
ENSMUSG00000107482,Etfbl,898
ENSMUSG00000107499,Ccdc142,2454
ENSMUSG00000107504,Gm35549,3903
ENSMUSG00000107539,Gm44790,798
ENSMUSG00000107573,Or2y1d,8397
ENSMUSG00000107588,Gm45021,369
ENSMUSG00000107645,Or2y10,3436
ENSMUSG00000107648,Or6c200-ps1,2854
ENSMUSG00000107662,Or6c203,3959
ENSMUSG00000107677,Or2ak4,16367
ENSMUSG00000107705,Gm45062,5842
ENSMUSG00000107711,Or2ak7,3957
ENSMUSG00000107748,Or6c63-ps1,2909
ENSMUSG00000107789,Gm44965,360
ENSMUSG00000107822,Or10b1,1064
ENSMUSG00000107872,Gm44511,1356
ENSMUSG00000107874,Prb1b,1298
ENSMUSG00000107877,4933427D14Rik,8156
ENSMUSG00000107906,Eif4a3l2,1362
ENSMUSG00000107928,Gm45140,5061
ENSMUSG00000108011,Gm44596,647
ENSMUSG00000108022,Mug5,9381
ENSMUSG00000108058,Or13m2,936
ENSMUSG00000108114,Or6c210,4771
ENSMUSG00000108167,Or2y1c,6162
ENSMUSG00000108265,Or2ak5,5578
ENSMUSG00000108348,Pnma8c,5067
ENSMUSG00000108367,Erfl,2758
ENSMUSG00000108398,Gm30191,2125
ENSMUSG00000108426,Or14p1,2234
ENSMUSG00000108464,Or5h24,2195
ENSMUSG00000108534,Or2b2b,5283
ENSMUSG00000108596,Gm49368,4803
ENSMUSG00000108605,Or1e1d,1675
ENSMUSG00000108622,Gm36864,3802
ENSMUSG00000108674,Or2b2,5416
ENSMUSG00000108695,Siglecl1,46544
ENSMUSG00000108728,Or5bs2,4944
ENSMUSG00000108748,Gm44579,2064
ENSMUSG00000108763,Btnl12,1161
ENSMUSG00000108793,Gm45213,304
ENSMUSG00000108815,Gm49388,5188
ENSMUSG00000108827,Or4f6,5906
ENSMUSG00000108841,Frmpd2,5192
ENSMUSG00000108889,Or5bb12,5747
ENSMUSG00000108891,Or4f4-ps1,5403
ENSMUSG00000108900,Ccdc194,1820
ENSMUSG00000108908,Or4f17,3628
ENSMUSG00000108919,Or4k45,7864
ENSMUSG00000108929,Cc2d2b,9313
ENSMUSG00000108931,Or4g17,2838
ENSMUSG00000108948,Or2ag13,3953
ENSMUSG00000108976,Gm29797,2776
ENSMUSG00000108981,Bend2,20444
ENSMUSG00000108995,Or5p61,954
ENSMUSG00000109020,Or5h27,1320
ENSMUSG00000109022,Or5bb10,2998
ENSMUSG00000109033,Or4f14c,2811
ENSMUSG00000109058,Or2ag1,7037
ENSMUSG00000109060,Gm4513,1438
ENSMUSG00000109061,Gm49320,2879
ENSMUSG00000109100,Or5b110,923
ENSMUSG00000109113,Gm32916,4507
ENSMUSG00000109129,Gm44973,1003
ENSMUSG00000109148,Or5b100,925
ENSMUSG00000109156,Gm45194,2982
ENSMUSG00000109166,Gm5890,1336
ENSMUSG00000109179,Wdr97,6581
ENSMUSG00000109212,Or14j5,4806
ENSMUSG00000109219,Or4k49,3461
ENSMUSG00000109228,Fam81b,2760
ENSMUSG00000109238,Tex51,1674
ENSMUSG00000109293,Dcst2,4773
ENSMUSG00000109305,Smim38,1367
ENSMUSG00000109322,Or4k77,4340
ENSMUSG00000109324,Prmt1,37493
ENSMUSG00000109328,Or5a21,4761
ENSMUSG00000109336,Samd4b,47288
ENSMUSG00000109350,Apoc2l,1352
ENSMUSG00000109354,Or2ag2,5915
ENSMUSG00000109368,Gm45015,1364
ENSMUSG00000109372,Gm19410,25453
ENSMUSG00000109376,Or14j8,1029
ENSMUSG00000109378,Gm49396,3007
ENSMUSG00000109389,Or4k50,2235
ENSMUSG00000109392,Sdr42e2,1272
ENSMUSG00000109396,Gm4565,1438
ENSMUSG00000109398,Zfp582,3651
ENSMUSG00000109403,Or4f58,6244
ENSMUSG00000109446,Gm9195,8870
ENSMUSG00000109449,Or4k36,7886
ENSMUSG00000109482,Dhrs7l,9838
ENSMUSG00000109487,Or4k48,2502
ENSMUSG00000109493,Gm45208,1153
ENSMUSG00000109497,Or5p67,945
ENSMUSG00000109510,Gm42417,2256
ENSMUSG00000109511,Nup62,25475
ENSMUSG00000109516,Gm6882,2365
ENSMUSG00000109520,Or10w3,3605
ENSMUSG00000109523,Gdf1,4190
ENSMUSG00000109528,Or4f15,26374
ENSMUSG00000109542,Or5p51,4025
ENSMUSG00000109544,Or5b114,1208
ENSMUSG00000109547,Or4k44,2925
ENSMUSG00000109561,Ankrd31,39266
ENSMUSG00000109564,Muc16,26478
ENSMUSG00000109572,Cfap99,2123
ENSMUSG00000109588,Lnp1,1635
ENSMUSG00000109631,Or5p69,1949
ENSMUSG00000109649,Gm45521,676
ENSMUSG00000109655,Krtap5-22,660
ENSMUSG00000109659,Or52s6,3932
ENSMUSG00000109713,Pvrig,4980
ENSMUSG00000109718,Trim61,2038
ENSMUSG00000109737,Spem3,3908
ENSMUSG00000109739,Gm17949,1179
ENSMUSG00000109745,Fam236c,1861
ENSMUSG00000109764,Klkb1,5253
ENSMUSG00000109771,Gm35315,12951
ENSMUSG00000109801,Or4f14d,5129
ENSMUSG00000109806,Or56b2j,959
ENSMUSG00000109809,Gm34066,9471
ENSMUSG00000109813,Or4g16,7673
ENSMUSG00000109824,4930516K23Rik,1078
ENSMUSG00000109833,Gm40193,237
ENSMUSG00000109835,Or4k2,5860
ENSMUSG00000109850,Gm45692,557
ENSMUSG00000109858,Pfn5,700
ENSMUSG00000109859,Krtap5-26,660
ENSMUSG00000109864,Eid3,1305
ENSMUSG00000109865,Hspa14,19131
ENSMUSG00000109884,Or5p66,2220
ENSMUSG00000109901,Chmp1b,2524
ENSMUSG00000109903,Cdhr17,2987
ENSMUSG00000109926,Gm45808,789
ENSMUSG00000109941,Exosc6,1326
ENSMUSG00000109946,Brd3os,1898
ENSMUSG00000109951,Or52s19,7697
ENSMUSG00000109969,Zscan4-ps3,4529
ENSMUSG00000110008,Or51f23b,7755
ENSMUSG00000110012,Or51a43,8149
ENSMUSG00000110040,Gm49369,833
ENSMUSG00000110061,Krtap5-25,1267
ENSMUSG00000110067,6330411D24Rik,249
ENSMUSG00000110086,Smim32,1457
ENSMUSG00000110091,Krtap5-23,699
ENSMUSG00000110092,Or13a23,5613
ENSMUSG00000110100,Gm45261,594
ENSMUSG00000110103,Zscan4-ps1,4016
ENSMUSG00000110104,Gm45717,495
ENSMUSG00000110105,Gm45844,8286
ENSMUSG00000110122,Or51f23c,951
ENSMUSG00000110136,Gm45785,988
ENSMUSG00000110170,St6galnac2,3863
ENSMUSG00000110171,Or5p60,5774
ENSMUSG00000110185,Igip,2839
ENSMUSG00000110190,Zscan4-ps2,4550
ENSMUSG00000110195,Pde2a,54647
ENSMUSG00000110204,Or5p75,946
ENSMUSG00000110206,Flt3l,5795
ENSMUSG00000110218,Tincr,3325
ENSMUSG00000110221,Gm36210,1279
ENSMUSG00000110234,Gm45799,1266
ENSMUSG00000110253,Or5p70,3900
ENSMUSG00000110259,Or51b6,6614
ENSMUSG00000110266,Gm32742,8516
ENSMUSG00000110277,Gm45871,10733
ENSMUSG00000110324,Krtap5-24,735
ENSMUSG00000110332,Gm19935,5959
ENSMUSG00000110333,Gm45861,7184
ENSMUSG00000110344,Smim36,3931
ENSMUSG00000110404,Rnf223,2908
ENSMUSG00000110430,Cmtm1,3649
ENSMUSG00000110431,Or8c14,932
ENSMUSG00000110439,Mup22,20377
ENSMUSG00000110444,Gm10033,29802
ENSMUSG00000110469,Gapdhrt2,1250
ENSMUSG00000110519,Or7g23,7759
ENSMUSG00000110526,Or8a1,1128
ENSMUSG00000110555,Or7e171,929
ENSMUSG00000110573,Gm5485,2019
ENSMUSG00000110576,Gm36368,1765
ENSMUSG00000110591,Potefam3f,2088
ENSMUSG00000110621,Or7g22,4798
ENSMUSG00000110622,Iqcn,4584
ENSMUSG00000110628,Marcol,815
ENSMUSG00000110641,Gm45826,265
ENSMUSG00000110723,Gm49353,724
ENSMUSG00000110780,Or8g31,949
ENSMUSG00000110804,Or8k37,961
ENSMUSG00000110819,Or4a79,7673
ENSMUSG00000110879,Or9g10,1270
ENSMUSG00000110881,Or8c19,935
ENSMUSG00000110912,Or8k33,1582
ENSMUSG00000110947,Or10ak11,3950
ENSMUSG00000110949,Nudt8,4865
ENSMUSG00000110970,Or13c7b,6248
ENSMUSG00000110991,Olfr908,932
ENSMUSG00000111021,Or1j21,10123
ENSMUSG00000111063,Zfp660,11530
ENSMUSG00000111073,Or10d5b,943
ENSMUSG00000111159,Or10ak13,951
ENSMUSG00000111174,Or4a68,5677
ENSMUSG00000111179,Or5g27,1068
ENSMUSG00000111184,Gm49661,339
ENSMUSG00000111190,Or8g29,6510
ENSMUSG00000111239,Or4a75,1078
ENSMUSG00000111259,Or10ak7,5982
ENSMUSG00000111273,Or6c7,8664
ENSMUSG00000111306,Or8k27,7469
ENSMUSG00000111338,Or13c7e,963
ENSMUSG00000111375,Btbd8,23260
ENSMUSG00000111409,Gm49380,2964
ENSMUSG00000111410,Gm49337,1535
ENSMUSG00000111448,Or8b48,5726
ENSMUSG00000111454,Or5g29,2411
ENSMUSG00000111456,Or4a72,3672
ENSMUSG00000111497,Gm38431,2988
ENSMUSG00000111517,Or4a39,11951
ENSMUSG00000111566,Or5g24,945
ENSMUSG00000111567,Or4a78,7244
ENSMUSG00000111590,Or4p4,2738
ENSMUSG00000111611,Or13c7c,8383
ENSMUSG00000111660,Or10n7,914
ENSMUSG00000111678,Or8k31,1212
ENSMUSG00000111689,Or8k35,1620
ENSMUSG00000111692,Gm49373,1945
ENSMUSG00000111700,Gm49385,572
ENSMUSG00000111709,Gsta13,2821
ENSMUSG00000111711,Or8k39,1118
ENSMUSG00000111715,Or4a73,17128
ENSMUSG00000111732,Or6c5b,2014
ENSMUSG00000111747,Or5w1,3683
ENSMUSG00000111772,Or8k41,2796
ENSMUSG00000111814,Or8c18,5799
ENSMUSG00000111842,Gm49318,727
ENSMUSG00000111863,Or1j18,4328
ENSMUSG00000111869,Or1j14,4872
ENSMUSG00000111915,Krtap10-24,908
ENSMUSG00000112023,Lilrb4b,3387
ENSMUSG00000112027,Cdc5lrt7,2409
ENSMUSG00000112039,Brcc3dc,1397
ENSMUSG00000112129,Pbld1,9082
ENSMUSG00000112148,Lilrb4a,5410
ENSMUSG00000112160,BC024063,3534
ENSMUSG00000112170,Krtap10-28,693
ENSMUSG00000112187,Gm6993,210
ENSMUSG00000112216,Cdc5lrt1,2409
ENSMUSG00000112223,Krtap10-10,1306
ENSMUSG00000112241,Gm49325,512
ENSMUSG00000112252,Cdc5lrt4,2409
ENSMUSG00000112380,Krtap10-30,834
ENSMUSG00000112419,Cdc5lrt6,2409
ENSMUSG00000112449,Srp54b,31839
ENSMUSG00000112495,Cdc5lrt9,2409
ENSMUSG00000112600,Krtap10-36,723
ENSMUSG00000112611,Glipr1l3,2607
ENSMUSG00000112640,Gm32687,2868
ENSMUSG00000112653,Krtap10-35,501
ENSMUSG00000112743,Gm49358,1254
ENSMUSG00000112781,Cdc5lrt8,2409
ENSMUSG00000112814,Cdc5lrt5,2409
ENSMUSG00000112856,Alyreffm7,910
ENSMUSG00000112858,Rnf212b,1201
ENSMUSG00000112864,Krtap10-32,843
ENSMUSG00000112919,Cdc5lrt10,2409
ENSMUSG00000112920,Spata22,3840
ENSMUSG00000112931,Alyreffm6,910
ENSMUSG00000113084,A030003K21Rik,830
ENSMUSG00000113097,Gm47959,933
ENSMUSG00000113149,Gm49383,1147
ENSMUSG00000113163,Or1j8,939
ENSMUSG00000113201,Eif1ad13,1833
ENSMUSG00000113255,Tes3-ps,3272
ENSMUSG00000113262,Gm48551,672
ENSMUSG00000113267,Gm47969,1015
ENSMUSG00000113373,Gm55746,138
ENSMUSG00000113450,Zfp935,8203
ENSMUSG00000113475,Gm49366,1266
ENSMUSG00000113489,Ubl5b,689
ENSMUSG00000113558,Tmdd1,1056
ENSMUSG00000113640,Adat3,3163
ENSMUSG00000113786,Gm49384,945
ENSMUSG00000113805,Eif1ad12,3647
ENSMUSG00000113846,Gm6217,829
ENSMUSG00000113880,A030005L19Rik,806
ENSMUSG00000113902,Ndufb1,15181
ENSMUSG00000113925,Gm7544,828
ENSMUSG00000113949,Scamp4,19186
ENSMUSG00000113951,Ubl5c,1343
ENSMUSG00000113971,Eif1ad4,1864
ENSMUSG00000113973,A030014E15Rik,796
ENSMUSG00000114004,Gm48552,2158
ENSMUSG00000114011,Gm47955,639
ENSMUSG00000114073,Spata31e1,3511
ENSMUSG00000114075,Eif1ad18,2008
ENSMUSG00000114133,Btf3l4b,2161
ENSMUSG00000114212,Gm47985,1707
ENSMUSG00000114245,Percc1,3607
ENSMUSG00000114278,Gm49027,346
ENSMUSG00000114279,H2bc14,524
ENSMUSG00000114299,Gm47791,420
ENSMUSG00000114378,Gm49355,3124
ENSMUSG00000114432,Gm49391,2221
ENSMUSG00000114456,H2bc9,1679
ENSMUSG00000114470,Gm49395,1057
ENSMUSG00000114487,Gm49393,546
ENSMUSG00000114515,Gm57854,4383
ENSMUSG00000114559,Gm47429,505
ENSMUSG00000114582,3110040M04Rik,1674
ENSMUSG00000114591,Gm47996,1674
ENSMUSG00000114635,Gm49392,1659
ENSMUSG00000114694,Gm47995,1674
ENSMUSG00000114725,Spin2-ps7,1123
ENSMUSG00000114755,Galr3,2649
ENSMUSG00000114797,Gm49336,59004
ENSMUSG00000114852,Gm47189,884
ENSMUSG00000114865,Cirop,3886
ENSMUSG00000114897,Spin2-ps10,1014
ENSMUSG00000114904,Gm49352,502
ENSMUSG00000114942,Gm49361,3287
ENSMUSG00000114943,Gm8947,1679
ENSMUSG00000114982,Vmn1r14,29710
ENSMUSG00000115018,Ndor1,2045
ENSMUSG00000115020,Vmn1r218,40873
ENSMUSG00000115021,Vmn1r173,19591
ENSMUSG00000115022,Gm49387,1739
ENSMUSG00000115027,Vmn1r81,55437
ENSMUSG00000115067,Dpep2,1878
ENSMUSG00000115072,Vmn1r2,2047
ENSMUSG00000115074,Ndor1,3210
ENSMUSG00000115091,Vmn1r22,16124
ENSMUSG00000115113,Smim40-ps,246
ENSMUSG00000115115,Gm55960,78
ENSMUSG00000115170,Vmn1r38,7857
ENSMUSG00000115181,Vmn1r10,3020
ENSMUSG00000115199,Vmn1r15,2021
ENSMUSG00000115219,Eef1akmt4,5673
ENSMUSG00000115232,Gm49378,3275
ENSMUSG00000115236,Vmn1r11,5798
ENSMUSG00000115253,Vmn1r20,4621
ENSMUSG00000115267,Vmn1r76,17309
ENSMUSG00000115293,Eef1ece2,6757
ENSMUSG00000115302,Gm49394,4741
ENSMUSG00000115338,Pnp,11764
ENSMUSG00000115343,Vmn1r21,5121
ENSMUSG00000115378,Fam237a,1105
ENSMUSG00000115404,Vmn1r31,5103
ENSMUSG00000115423,Gm56450,968
ENSMUSG00000115463,Gm49356,398
ENSMUSG00000115466,Vmn1r3,1011
ENSMUSG00000115467,Vmn1r37,8682
ENSMUSG00000115482,Vmn1r36,6069
ENSMUSG00000115507,Vmn1r24,2792
ENSMUSG00000115644,Vmn1r17,9552
ENSMUSG00000115668,Vmn1r25,2010
ENSMUSG00000115697,Vmn1r216,10213
ENSMUSG00000115701,Vmn1r6,49854
ENSMUSG00000115705,Vmn1r28,22678
ENSMUSG00000115726,Gm30083,2005
ENSMUSG00000115744,Vmn1r80,46573
ENSMUSG00000115768,Dpep2nb,2270
ENSMUSG00000115791,Vmn1r217,20552
ENSMUSG00000115792,Vmn1r16,10217
ENSMUSG00000115798,Gm55359,213
ENSMUSG00000115799,Vmn1r19,2255
ENSMUSG00000115958,Gm28040,9453
ENSMUSG00000115987,Vps28,11266
ENSMUSG00000116016,Gm49496,1134
ENSMUSG00000116024,Gm49527,1384
ENSMUSG00000116069,Gm49510,2762
ENSMUSG00000116079,Gm36245,2033
ENSMUSG00000116121,Gm49486,2415
ENSMUSG00000116138,C030006K11Rik,13736
ENSMUSG00000116165,Pdxp,4071
ENSMUSG00000116336,Krt85,2359
ENSMUSG00000116347,Gm49416,568
ENSMUSG00000116358,Gm49450,899
ENSMUSG00000116376,Tmem249,1911
ENSMUSG00000116378,Gcat,1736
ENSMUSG00000116429,Ddit3,105
ENSMUSG00000116461,Gm44502,4296
ENSMUSG00000116542,Cd200l2,1082
ENSMUSG00000116563,Gm56451,180
ENSMUSG00000116564,Riok2,21384
ENSMUSG00000116594,Gm49601,2206
ENSMUSG00000116636,Krtap13-24,781
ENSMUSG00000116652,Fam246a,2357
ENSMUSG00000116672,Gm49630,927
ENSMUSG00000116673,A630089N07Rik,37434
ENSMUSG00000116780,Dynlt2a3,7151
ENSMUSG00000116876,Gm49721,2610
ENSMUSG00000116895,Ermardl1,5858
ENSMUSG00000116925,Gm49776,608
ENSMUSG00000116930,Gm49711,1268
ENSMUSG00000116933,Atp5po,530
ENSMUSG00000116953,Ermardl2,5252
ENSMUSG00000116967,Smim34,1651
ENSMUSG00000116988,Gm49673,2610
ENSMUSG00000117081,Gm49948,1031
ENSMUSG00000117091,Alyreffm3,726
ENSMUSG00000117098,Gm49909,1473
ENSMUSG00000117136,Gm49835,1266
ENSMUSG00000117145,Gng5c,618
ENSMUSG00000117148,Vmn1r229,29349
ENSMUSG00000117190,Esp5,453
ENSMUSG00000117284,Gm7072,104814
ENSMUSG00000117286,Gm1043,9331
ENSMUSG00000117310,Ptp4a1,108
ENSMUSG00000117311,Esp22,336
ENSMUSG00000117338,Gm49804,891
ENSMUSG00000117406,Ntn3,15400
ENSMUSG00000117477,Gm50092,1973
ENSMUSG00000117495,Nfilz,837
ENSMUSG00000117621,Hspe1-rs1,515
ENSMUSG00000117666,Gm550,2686
ENSMUSG00000117679,Apbb3,11039
ENSMUSG00000117694,Snhg4,1515
ENSMUSG00000117744,Vmn1r59,933
ENSMUSG00000117748,Derpc,2775
ENSMUSG00000117781,Gm17266,2073
ENSMUSG00000117789,Gm50388,3572
ENSMUSG00000117809,Asdurf,300
ENSMUSG00000117819,Gm50253,5012
ENSMUSG00000117853,Vmn1r88,18950
ENSMUSG00000117863,Vmn1r61,1662
ENSMUSG00000117873,Gm45928,357
ENSMUSG00000117874,Gm50318,1115
ENSMUSG00000117924,Tmem223,6655
ENSMUSG00000117942,Maskbp3,2235
ENSMUSG00000117965,Gm56118,204
ENSMUSG00000117975,Itprip,16026
ENSMUSG00000118124,Gm50139,599
ENSMUSG00000118125,Gm50387,2532
ENSMUSG00000118215,Vmn1r55,19477
ENSMUSG00000118219,Gm29695,49790
ENSMUSG00000118272,Smim39,171
ENSMUSG00000118298,Vmn1r60,6867
ENSMUSG00000118318,Vmn1r183,10442
ENSMUSG00000118332,Smim10l3,5208
ENSMUSG00000118346,Tmem179b,14223
ENSMUSG00000118388,Vmn1r64,963
ENSMUSG00000118401,Gpr52,16794
ENSMUSG00000118402,Btbd35f22,1929
ENSMUSG00000118407,Gm50457,974
ENSMUSG00000118409,Btbd35f5,1908
ENSMUSG00000118415,Cldn34c6,6384
ENSMUSG00000118426,Gm2102,2868
ENSMUSG00000118429,Btbd35f9,1929
ENSMUSG00000118430,Cldn34c3,2910
ENSMUSG00000118431,Btbd35f25,1701
ENSMUSG00000118438,Btbd35f8,1929
ENSMUSG00000118441,Btbd35f26,1701
ENSMUSG00000118454,Wdr88,1944
ENSMUSG00000118459,Btbd35f1,1908
ENSMUSG00000118462,Lhb,6810
ENSMUSG00000118465,Btbd35f19,1701
ENSMUSG00000118471,Gm50461,1004
ENSMUSG00000118483,Cldn34c5,6311
ENSMUSG00000118491,Gm44505,3221
ENSMUSG00000118504,Gm53012,1545
ENSMUSG00000118505,Etv3l,6067
ENSMUSG00000118506,Cfap141,819
ENSMUSG00000118516,Cyp2d13,1626
ENSMUSG00000118522,Muc12,6614
ENSMUSG00000118528,Gm56675,129
ENSMUSG00000118531,Gm53046,1181
ENSMUSG00000118537,Shld3,4073
ENSMUSG00000118541,Nrg1,186
ENSMUSG00000118552,Rplp2-ps1,348
ENSMUSG00000118553,Gm38999,558
ENSMUSG00000118554,Fam90a1b,1107
ENSMUSG00000118559,A930007A09Rik,3972
ENSMUSG00000118560,Lim2,904
ENSMUSG00000118578,1700014B07Rik,818
ENSMUSG00000118586,Spata31h-ps1,10655
ENSMUSG00000118590,Gm15433,5511
ENSMUSG00000118591,Gm52955,891
ENSMUSG00000118600,Gm56303,99
ENSMUSG00000118607,Gm7592,891
ENSMUSG00000118623,Gm52968,2894
ENSMUSG00000118638,Gm3858,2017
ENSMUSG00000118640,Gm7582,891
ENSMUSG00000118646,Gm56820,383
ENSMUSG00000118653,Ube2srt,988
ENSMUSG00000118661,Muc6,15593
ENSMUSG00000118662,Tctn2,13333
ENSMUSG00000118663,Afg2b,2347
ENSMUSG00000118664,Tusc3,76421
ENSMUSG00000118665,Lin54,76474
ENSMUSG00000118667,Ahnak2,11357
ENSMUSG00000118668,Rps6ka4,46971
ENSMUSG00000118669,Arvcf,54373
ENSMUSG00000118670,Muc19,22863
ENSMUSG00000118671,Eppk1,12332
ENSMUSG00000118672,Muc4,12361
ENSMUSG00000119940,Gm56924,465
ENSMUSG00000120166,Zfp33b,11264
ENSMUSG00000120992,D17H6S56E-5,31178
ENSMUSG00000121369,SLC9C2,3794
ENSMUSG00000121513,Ptprg,9192
ENSMUSG00000121514,Gm61593,27715
ENSMUSG00000121515,Gm58662,23865
ENSMUSG00000121519,Gm58664,20067
ENSMUSG00000121520,Gm58665,22746
ENSMUSG00000121521,Gm58666,22746
ENSMUSG00000121523,Gm58668,20067
ENSMUSG00000121524,Gm58669,15352
ENSMUSG00000121525,Gm58670,20067
ENSMUSG00000121526,Gm58671,11160
ENSMUSG00000121527,Gm58672,20067
ENSMUSG00000121528,Gm58674,22746
ENSMUSG00000121529,Gm58676,22746
ENSMUSG00000121543,Gm57885,16236
ENSMUSG00000121556,Gm57895,13941
ENSMUSG00000121557,Gm57894,13938
ENSMUSG00000121570,Gm58608,709
ENSMUSG00000121571,Gm58920,887
ENSMUSG00000121572,Gm64043,153
ENSMUSG00000121573,Gm58497,138
ENSMUSG00000121574,Gm58496,108
ENSMUSG00000121575,Gm66680,473
ENSMUSG00000121576,Gm59508,78
ENSMUSG00000121577,Gm69672,823
ENSMUSG00000121578,Gm63648,198
ENSMUSG00000121579,Smim46,353
ENSMUSG00000121580,Gm68765,78
ENSMUSG00000121581,Gm68923,72
ENSMUSG00000121582,Gm63526,147
ENSMUSG00000121583,Gm57852,4046
ENSMUSG00000121584,Tmem276,14857
ENSMUSG00000121585,Gm38423,1325
ENSMUSG00000121587,Gm58953,984
ENSMUSG00000121596,AB010352,19482
ENSMUSG00000121597,ENSMUSG00000121597,1664
ENSMUSG00000121598,Gm69851,171
ENSMUSG00000121602,Gm64583,72
ENSMUSG00000121603,Gm59695,105
ENSMUSG00000121604,Gm62004,84
ENSMUSG00000121605,Ahsp,1029
ENSMUSG00000121606,Akap17a,10020
ENSMUSG00000121607,Nlgn4l,9120
ENSMUSG00000121608,Gm61521,267
ENSMUSG00000121668,1700001J11Rik,2805
ENSMUSG00000121742,ENSMUSG00000121742,882
ENSMUSG00000121790,2310069G16Rik,77452
ENSMUSG00000121803,Taf7l2,2604
ENSMUSG00000121808,Gm73394,7178
ENSMUSG00000121811,Gm382,8216
ENSMUSG00000121861,Gm61961,2874
ENSMUSG00000121904,Gm63964,549
ENSMUSG00000121905,Gm63953,482
ENSMUSG00000121906,Dusp13a,20792
ENSMUSG00000121908,Gm65988,992
ENSMUSG00000121909,Gm68747,78
ENSMUSG00000121910,Gm66057,48
ENSMUSG00000121912,Gm58353,81
ENSMUSG00000121914,Sts,1125
ENSMUSG00000121915,Gm74510,69
ENSMUSG00000121920,Gm58354,2871
ENSMUSG00000121926,ENSMUSG00000121926,3411
ENSMUSG00000121927,LINC03051,540
ENSMUSG00000121933,Gm1096,12263
ENSMUSG00000121934,Gm8777,4630
ENSMUSG00000121936,Gm61592,2346
ENSMUSG00000121937,Gm6488,2008
ENSMUSG00000121938,Gm21929,2071
ENSMUSG00000121939,Gm21928,1962
ENSMUSG00000121940,Gm8389,1895
ENSMUSG00000121941,Gm6464,1122
ENSMUSG00000121943,Gm6470,1888
ENSMUSG00000121945,Gm6492,1128
ENSMUSG00000121947,Gm6499,1857
ENSMUSG00000121949,Gm6512,1068
ENSMUSG00000121950,Gm61610,5400
ENSMUSG00000121951,Gm61616,5708
ENSMUSG00000121952,Gm61617,5445
ENSMUSG00000121954,Gm46683,711
ENSMUSG00000121958,Spin2i,2073
ENSMUSG00000121968,Gm61638,704
ENSMUSG00000121969,Gm35586,2011
ENSMUSG00000121973,Gm35953,4927
ENSMUSG00000121974,Hemgnl,1321
ENSMUSG00000121975,Gm21025,1058
ENSMUSG00000121976,Ppp1r2-ps5,2690
ENSMUSG00000122072,Gm34531,2237
ENSMUSG00000126028,Gm60204,4420
ENSMUSG00000128351,Gm8714,2221
ENSMUSG00000134847,ENSMUSG00000134847,1581
ENSMUSG00000135153,Gm62087,6624
ENSMUSG00000141871,Gm61963,636
ENSMUSG00000142832,Gm62072,2973
ENSMUSG00000144219,Azin1,159
ENSMUSG00000144222,Gm57848,2730
ENSMUSG00000144223,Tsc22d4,25815
ENSMUSG00000144224,ENSMUSG00000144224,51
ENSMUSG00000144225,ENSMUSG00000144225,156
ENSMUSG00000144226,Gm51400,1526
ENSMUSG00000144228,ENSMUSG00000144228,312
ENSMUSG00000144229,ENSMUSG00000144229,393
ENSMUSG00000144230,ENSMUSG00000144230,387
ENSMUSG00000144232,ENSMUSG00000144232,884
ENSMUSG00000144234,ENSMUSG00000144234,141
ENSMUSG00000144236,ENSMUSG00000144236,51
ENSMUSG00000144237,ENSMUSG00000144237,78
ENSMUSG00000144239,ENSMUSG00000144239,261
ENSMUSG00000144240,ENSMUSG00000144240,180
ENSMUSG00000144241,ENSMUSG00000144241,90
ENSMUSG00000144242,ENSMUSG00000144242,867
ENSMUSG00000144245,ENSMUSG00000144245,99
ENSMUSG00000144246,ENSMUSG00000144246,207
ENSMUSG00000144247,ENSMUSG00000144247,78
ENSMUSG00000144248,ENSMUSG00000144248,75
ENSMUSG00000144249,ENSMUSG00000144249,96
ENSMUSG00000144252,ENSMUSG00000144252,81
ENSMUSG00000144253,ENSMUSG00000144253,186
ENSMUSG00000144254,ENSMUSG00000144254,90
ENSMUSG00000144255,ENSMUSG00000144255,117
ENSMUSG00000144256,ENSMUSG00000144256,57
ENSMUSG00000144257,ENSMUSG00000144257,39
ENSMUSG00000144258,ENSMUSG00000144258,105
ENSMUSG00000144259,ENSMUSG00000144259,135
ENSMUSG00000144274,ENSMUSG00000144274,1168
ENSMUSG00000144287,Htd2,5527
ENSMUSG00000144290,ENSMUSG00000144290,39
ENSMUSG00000144291,Dhrsx,17515
ENSMUSG00000144322,Ptp4a1,11907
ENSMUSG00000144330,ENSMUSG00000144330,225
ENSMUSG00000144331,ENSMUSG00000144331,60
ENSMUSG00000144334,ENSMUSG00000144334,1048
ENSMUSG00000144335,ENSMUSG00000144335,993
ENSMUSG00000144336,ENSMUSG00000144336,684
ENSMUSG00000144337,ENSMUSG00000144337,684
ENSMUSG00000144338,ENSMUSG00000144338,1323
ENSMUSG00000144339,ENSMUSG00000144339,1912
ENSMUSG00000144340,ENSMUSG00000144340,684
ENSMUSG00000144341,ENSMUSG00000144341,1052
ENSMUSG00000144342,ENSMUSG00000144342,2020
ENSMUSG00000144343,ENSMUSG00000144343,1275
ENSMUSG00001074846,Iqcf3,17029
ENSMUSG00002076083,Klhl17,70266
