### Starting pipeline for all models: Fri Jul 31 23:56:18 UTC 2026
==============================================
  BulkFM Benchmark Pipeline
  Checkpoint: checkpoints/train_20260730_182355_local/best_model.pt
  Output:     BulkFM-Binned
  Extraction: table
==============================================

=== Step 1: Extract and prepare embeddings ===
  Embeddings already exist, skipping extraction

=== Step 2a: GO benchmark ===
GO:0006325,Unique genes before filter: 2263
Unique genes in embed: 1445
Holdout performance for /home/exouser/gene-embedding-benchmarks/data/embeddings/intersect/BulkFM-Binned with best C=0.1:
Holdout AUC: 0.5234
Holdout AUPRC: 0.2842
Holdout PR@10: 0.4000
Holdout Duration: 0.29s
GO:0006402,Unique genes before filter: 1030
Unique genes in embed: 689
Holdout performance for /home/exouser/gene-embedding-benchmarks/data/embeddings/intersect/BulkFM-Binned with best C=1.0:
Holdout AUC: 0.5229
Holdout AUPRC: 0.0965
Holdout PR@10: 0.0000
Holdout Duration: 0.05s
GO:0000381,Unique genes before filter: 493
Unique genes in embed: 344
Holdout performance for /home/exouser/gene-embedding-benchmarks/data/embeddings/intersect/BulkFM-Binned with best C=0.1:
Holdout AUC: 0.5045
Holdout AUPRC: 0.2204
Holdout PR@10: 0.1000
Holdout Duration: 0.02s
GO:0045089,Unique genes before filter: 1727
Unique genes in embed: 1109
Holdout performance for /home/exouser/gene-embedding-benchmarks/data/embeddings/intersect/BulkFM-Binned with best C=10.0:
Holdout AUC: 0.4536
Holdout AUPRC: 0.1175
Holdout PR@10: 0.2000
Holdout Duration: 0.15s
GO:0043488,Unique genes before filter: 1417
Unique genes in embed: 969
Holdout performance for /home/exouser/gene-embedding-benchmarks/data/embeddings/intersect/BulkFM-Binned with best C=1.0:
Holdout AUC: 0.5631
Holdout AUPRC: 0.0962
Holdout PR@10: 0.1000
Holdout Duration: 0.09s
GO:0045787,Unique genes before filter: 1769
Unique genes in embed: 1168
Holdout performance for /home/exouser/gene-embedding-benchmarks/data/embeddings/intersect/BulkFM-Binned with best C=0.1:
Holdout AUC: 0.5061
Holdout AUPRC: 0.1316
Holdout PR@10: 0.2000
Holdout Duration: 0.18s
GO:0050890,Unique genes before filter: 1761
Unique genes in embed: 1254
Holdout performance for /home/exouser/gene-embedding-benchmarks/data/embeddings/intersect/BulkFM-Binned with best C=10.0:
Holdout AUC: 0.5049
Holdout AUPRC: 0.1187
Holdout PR@10: 0.0000
Holdout Duration: 0.19s
GO:0007399,Unique genes before filter: 2700
Unique genes in embed: 1802
Holdout performance for /home/exouser/gene-embedding-benchmarks/data/embeddings/intersect/BulkFM-Binned with best C=10.0:
Holdout AUC: 0.5166
Holdout AUPRC: 0.4868
Holdout PR@10: 0.6000
Holdout Duration: 0.43s
GO:0060828,Unique genes before filter: 1704
Unique genes in embed: 1089
Holdout performance for /home/exouser/gene-embedding-benchmarks/data/embeddings/intersect/BulkFM-Binned with best C=0.1:
Holdout AUC: 0.5267
Holdout AUPRC: 0.1109
Holdout PR@10: 0.0000
Holdout Duration: 0.15s
GO:0006493,Unique genes before filter: 863
Unique genes in embed: 573
Holdout performance for /home/exouser/gene-embedding-benchmarks/data/embeddings/intersect/BulkFM-Binned with best C=0.1:
Holdout AUC: 0.4702
Holdout AUPRC: 0.1029
Holdout PR@10: 0.1000
Holdout Duration: 0.04s
GO:0007605,Unique genes before filter: 1444
Unique genes in embed: 968
Holdout performance for /home/exouser/gene-embedding-benchmarks/data/embeddings/intersect/BulkFM-Binned with best C=0.1:
Holdout AUC: 0.4015
Holdout AUPRC: 0.0638
Holdout PR@10: 0.0000
Holdout Duration: 0.11s
GO:0016236,Unique genes before filter: 1668
Unique genes in embed: 1071
Holdout performance for /home/exouser/gene-embedding-benchmarks/data/embeddings/intersect/BulkFM-Binned with best C=0.1:
Holdout AUC: 0.4950
Holdout AUPRC: 0.1330
Holdout PR@10: 0.1000
Holdout Duration: 0.14s
GO:0010506,Unique genes before filter: 1764
Unique genes in embed: 1157
Holdout performance for /home/exouser/gene-embedding-benchmarks/data/embeddings/intersect/BulkFM-Binned with best C=1.0:
Holdout AUC: 0.4915
Holdout AUPRC: 0.1389
Holdout PR@10: 0.2000
Holdout Duration: 0.17s
GO:0042476,Unique genes before filter: 1039
Unique genes in embed: 696
Holdout performance for /home/exouser/gene-embedding-benchmarks/data/embeddings/intersect/BulkFM-Binned with best C=10.0:
Holdout AUC: 0.3002
Holdout AUPRC: 0.0820
Holdout PR@10: 0.0000
Holdout Duration: 0.06s
GO:0050679,Unique genes before filter: 1657
Unique genes in embed: 1143
Holdout performance for /home/exouser/gene-embedding-benchmarks/data/embeddings/intersect/BulkFM-Binned with best C=1.0:
Holdout AUC: 0.5844
Holdout AUPRC: 0.1683
Holdout PR@10: 0.2000
Holdout Duration: 0.14s
GO:0006631,Unique genes before filter: 1752
Unique genes in embed: 1204
Holdout performance for /home/exouser/gene-embedding-benchmarks/data/embeddings/intersect/BulkFM-Binned with best C=1.0:
Holdout AUC: 0.5108
Holdout AUPRC: 0.1498
Holdout PR@10: 0.3000
Holdout Duration: 0.19s
GO:0007283,Unique genes before filter: 1984
Unique genes in embed: 1243
Holdout performance for /home/exouser/gene-embedding-benchmarks/data/embeddings/intersect/BulkFM-Binned with best C=1.0:
Holdout AUC: 0.5257
Holdout AUPRC: 0.2364
Holdout PR@10: 0.3000
Holdout Duration: 0.20s
GO:0001654,Unique genes before filter: 1820
Unique genes in embed: 1200
Holdout performance for /home/exouser/gene-embedding-benchmarks/data/embeddings/intersect/BulkFM-Binned with best C=0.1:
Holdout AUC: 0.4797
Holdout AUPRC: 0.1566
Holdout PR@10: 0.3000
Holdout Duration: 0.20s
GO:0051310,Unique genes before filter: 696
Unique genes in embed: 464
Holdout performance for /home/exouser/gene-embedding-benchmarks/data/embeddings/intersect/BulkFM-Binned with best C=0.1:
Holdout AUC: 0.5314
Holdout AUPRC: 0.1864
Holdout PR@10: 0.2000
Holdout Duration: 0.03s
GO:0001578,Unique genes before filter: 1048
Unique genes in embed: 715
Holdout performance for /home/exouser/gene-embedding-benchmarks/data/embeddings/intersect/BulkFM-Binned with best C=10.0:
Holdout AUC: 0.4612
Holdout AUPRC: 0.0788
Holdout PR@10: 0.0000
Holdout Duration: 0.06s
GO:0007601,Unique genes before filter: 1677
Unique genes in embed: 1161
Holdout performance for /home/exouser/gene-embedding-benchmarks/data/embeddings/intersect/BulkFM-Binned with best C=10.0:
Holdout AUC: 0.5111
Holdout AUPRC: 0.1001
Holdout PR@10: 0.0000
Holdout Duration: 0.15s
GO:0006400,Unique genes before filter: 784
Unique genes in embed: 551
Holdout performance for /home/exouser/gene-embedding-benchmarks/data/embeddings/intersect/BulkFM-Binned with best C=0.1:
Holdout AUC: 0.3762
Holdout AUPRC: 0.0622
Holdout PR@10: 0.0000
Holdout Duration: 0.04s
GO:0031297,Unique genes before filter: 414
Unique genes in embed: 269
Holdout performance for /home/exouser/gene-embedding-benchmarks/data/embeddings/intersect/BulkFM-Binned with best C=0.1:
Holdout AUC: 0.5371
Holdout AUPRC: 0.0972
Holdout PR@10: 0.1000
Holdout Duration: 0.01s
GO:0008584,Unique genes before filter: 1276
Unique genes in embed: 827
Holdout performance for /home/exouser/gene-embedding-benchmarks/data/embeddings/intersect/BulkFM-Binned with best C=0.1:
Holdout AUC: 0.6402
Holdout AUPRC: 0.1408
Holdout PR@10: 0.0000
Holdout Duration: 0.08s
GO:2000781,Unique genes before filter: 643
Unique genes in embed: 409
Holdout performance for /home/exouser/gene-embedding-benchmarks/data/embeddings/intersect/BulkFM-Binned with best C=10.0:
Holdout AUC: 0.4983
Holdout AUPRC: 0.0884
Holdout PR@10: 0.0000
Holdout Duration: 0.02s
GO:0045814,Unique genes before filter: 1391
Unique genes in embed: 967
Holdout performance for /home/exouser/gene-embedding-benchmarks/data/embeddings/intersect/BulkFM-Binned with best C=0.1:
Holdout AUC: 0.4642
Holdout AUPRC: 0.0996
Holdout PR@10: 0.2000
Holdout Duration: 0.10s
GO:0050731,Unique genes before filter: 1030
Unique genes in embed: 707
Holdout performance for /home/exouser/gene-embedding-benchmarks/data/embeddings/intersect/BulkFM-Binned with best C=10.0:
Holdout AUC: 0.4390
Holdout AUPRC: 0.0883
Holdout PR@10: 0.0000
Holdout Duration: 0.06s
GO:0001666,Unique genes before filter: 1731
Unique genes in embed: 1107
Holdout performance for /home/exouser/gene-embedding-benchmarks/data/embeddings/intersect/BulkFM-Binned with best C=10.0:
Holdout AUC: 0.4757
Holdout AUPRC: 0.1161
Holdout PR@10: 0.1000
Holdout Duration: 0.16s
GO:0034341,Unique genes before filter: 933
Unique genes in embed: 616
Holdout performance for /home/exouser/gene-embedding-benchmarks/data/embeddings/intersect/BulkFM-Binned with best C=10.0:
Holdout AUC: 0.4189
Holdout AUPRC: 0.0988
Holdout PR@10: 0.0000
Holdout Duration: 0.05s
GO:0070555,Unique genes before filter: 880
Unique genes in embed: 574
Holdout performance for /home/exouser/gene-embedding-benchmarks/data/embeddings/intersect/BulkFM-Binned with best C=10.0:
Holdout AUC: 0.3500
Holdout AUPRC: 0.0966
Holdout PR@10: 0.1000
Holdout Duration: 0.04s
GO:0008202,Unique genes before filter: 1702
Unique genes in embed: 1161
Holdout performance for /home/exouser/gene-embedding-benchmarks/data/embeddings/intersect/BulkFM-Binned with best C=1.0:
Holdout AUC: 0.5292
Holdout AUPRC: 0.1427
Holdout PR@10: 0.1000
Holdout Duration: 0.15s
GO:0046034,Unique genes before filter: 968
Unique genes in embed: 649
Holdout performance for /home/exouser/gene-embedding-benchmarks/data/embeddings/intersect/BulkFM-Binned with best C=0.1:
Holdout AUC: 0.4811
Holdout AUPRC: 0.0753
Holdout PR@10: 0.0000
Holdout Duration: 0.05s
GO:0031398,Unique genes before filter: 951
Unique genes in embed: 649
Holdout performance for /home/exouser/gene-embedding-benchmarks/data/embeddings/intersect/BulkFM-Binned with best C=1.0:
Holdout AUC: 0.6556
Holdout AUPRC: 0.1986
Holdout PR@10: 0.4000
Holdout Duration: 0.05s
GO:0006813,Unique genes before filter: 1611
Unique genes in embed: 1120
Holdout performance for /home/exouser/gene-embedding-benchmarks/data/embeddings/intersect/BulkFM-Binned with best C=1.0:
Holdout AUC: 0.3957
Holdout AUPRC: 0.0777
Holdout PR@10: 0.0000
Holdout Duration: 0.14s
GO:0042593,Unique genes before filter: 1658
Unique genes in embed: 1109
Holdout performance for /home/exouser/gene-embedding-benchmarks/data/embeddings/intersect/BulkFM-Binned with best C=0.1:
Holdout AUC: 0.5115
Holdout AUPRC: 0.1039
Holdout PR@10: 0.0000
Holdout Duration: 0.15s
GO:0097190,Unique genes before filter: 1753
Unique genes in embed: 1134
Holdout performance for /home/exouser/gene-embedding-benchmarks/data/embeddings/intersect/BulkFM-Binned with best C=1.0:
Holdout AUC: 0.5200
Holdout AUPRC: 0.1433
Holdout PR@10: 0.1000
Holdout Duration: 0.17s
GO:0097191,Unique genes before filter: 1004
Unique genes in embed: 650
Holdout performance for /home/exouser/gene-embedding-benchmarks/data/embeddings/intersect/BulkFM-Binned with best C=1.0:
Holdout AUC: 0.4795
Holdout AUPRC: 0.0861
Holdout PR@10: 0.0000
Holdout Duration: 0.05s
GO:0001938,Unique genes before filter: 784
Unique genes in embed: 554
Holdout performance for /home/exouser/gene-embedding-benchmarks/data/embeddings/intersect/BulkFM-Binned with best C=0.1:
Holdout AUC: 0.5455
Holdout AUPRC: 0.1098
Holdout PR@10: 0.1000
Holdout Duration: 0.04s
GO:1901224,Unique genes before filter: 537
Unique genes in embed: 373
Holdout performance for /home/exouser/gene-embedding-benchmarks/data/embeddings/intersect/BulkFM-Binned with best C=0.1:
Holdout AUC: 0.5538
Holdout AUPRC: 0.3337
Holdout PR@10: 0.3000
Holdout Duration: 0.02s
GO:0050796,Unique genes before filter: 1514
Unique genes in embed: 1030
Holdout performance for /home/exouser/gene-embedding-benchmarks/data/embeddings/intersect/BulkFM-Binned with best C=10.0:
Holdout AUC: 0.4637
Holdout AUPRC: 0.1240
Holdout PR@10: 0.1000
Holdout Duration: 0.12s
GO:0001649,Unique genes before filter: 1224
Unique genes in embed: 806
Holdout performance for /home/exouser/gene-embedding-benchmarks/data/embeddings/intersect/BulkFM-Binned with best C=0.1:
Holdout AUC: 0.4984
Holdout AUPRC: 0.0918
Holdout PR@10: 0.1000
Holdout Duration: 0.08s
GO:0051865,Unique genes before filter: 608
Unique genes in embed: 411
Holdout performance for /home/exouser/gene-embedding-benchmarks/data/embeddings/intersect/BulkFM-Binned with best C=1.0:
Holdout AUC: 0.3935
Holdout AUPRC: 0.0736
Holdout PR@10: 0.0000
Holdout Duration: 0.02s
GO:0042632,Unique genes before filter: 775
Unique genes in embed: 507
Holdout performance for /home/exouser/gene-embedding-benchmarks/data/embeddings/intersect/BulkFM-Binned with best C=1.0:
Holdout AUC: 0.4736
Holdout AUPRC: 0.1065
Holdout PR@10: 0.1000
Holdout Duration: 0.03s
GO:0000724,Unique genes before filter: 1021
Unique genes in embed: 648
Holdout performance for /home/exouser/gene-embedding-benchmarks/data/embeddings/intersect/BulkFM-Binned with best C=0.1:
Holdout AUC: 0.4977
Holdout AUPRC: 0.1064
Holdout PR@10: 0.1000
Holdout Duration: 0.05s
GO:0050680,Unique genes before filter: 1197
Unique genes in embed: 814
Holdout performance for /home/exouser/gene-embedding-benchmarks/data/embeddings/intersect/BulkFM-Binned with best C=10.0:
Holdout AUC: 0.4929
Holdout AUPRC: 0.1242
Holdout PR@10: 0.1000
Holdout Duration: 0.08s
GO:0061844,Unique genes before filter: 1074
Unique genes in embed: 711
Holdout performance for /home/exouser/gene-embedding-benchmarks/data/embeddings/intersect/BulkFM-Binned with best C=1.0:
Holdout AUC: 0.2639
Holdout AUPRC: 0.0502
Holdout PR@10: 0.0000
Holdout Duration: 0.06s
GO:0006888,Unique genes before filter: 1039
Unique genes in embed: 693
Holdout performance for /home/exouser/gene-embedding-benchmarks/data/embeddings/intersect/BulkFM-Binned with best C=0.1:
Holdout AUC: 0.4103
Holdout AUPRC: 0.0681
Holdout PR@10: 0.0000
Holdout Duration: 0.06s
GO:0000086,Unique genes before filter: 414
Unique genes in embed: 284
Holdout performance for /home/exouser/gene-embedding-benchmarks/data/embeddings/intersect/BulkFM-Binned with best C=10.0:
Holdout AUC: 0.5574
Holdout AUPRC: 0.1174
Holdout PR@10: 0.0000
Holdout Duration: 0.02s
GO:0006693,Unique genes before filter: 344
Unique genes in embed: 226
Holdout performance for /home/exouser/gene-embedding-benchmarks/data/embeddings/intersect/BulkFM-Binned with best C=1.0:
Holdout AUC: 0.5630
Holdout AUPRC: 0.1146
Holdout PR@10: 0.1000
Holdout Duration: 0.01s
GO:0090303,Unique genes before filter: 537
Unique genes in embed: 341
Holdout performance for /home/exouser/gene-embedding-benchmarks/data/embeddings/intersect/BulkFM-Binned with best C=0.1:
Holdout AUC: 0.5062
Holdout AUPRC: 0.1512
Holdout PR@10: 0.2000
Holdout Duration: 0.02s
GO:0007189,Unique genes before filter: 1417
Unique genes in embed: 914
Holdout performance for /home/exouser/gene-embedding-benchmarks/data/embeddings/intersect/BulkFM-Binned with best C=0.1:
Holdout AUC: 0.5162
Holdout AUPRC: 0.1267
Holdout PR@10: 0.1000
Holdout Duration: 0.10s
GO:0001837,Unique genes before filter: 731
Unique genes in embed: 460
Holdout performance for /home/exouser/gene-embedding-benchmarks/data/embeddings/intersect/BulkFM-Binned with best C=0.1:
Holdout AUC: 0.4951
Holdout AUPRC: 0.1195
Holdout PR@10: 0.1000
Holdout Duration: 0.03s
GO:2001244,Unique genes before filter: 528
Unique genes in embed: 351
Holdout performance for /home/exouser/gene-embedding-benchmarks/data/embeddings/intersect/BulkFM-Binned with best C=1.0:
Holdout AUC: 0.7086
Holdout AUPRC: 0.1840
Holdout PR@10: 0.1000
Holdout Duration: 0.02s
GO:0006487,Unique genes before filter: 652
Unique genes in embed: 439
Holdout performance for /home/exouser/gene-embedding-benchmarks/data/embeddings/intersect/BulkFM-Binned with best C=0.1:
Holdout AUC: 0.6128
Holdout AUPRC: 0.1772
Holdout PR@10: 0.3000
Holdout Duration: 0.03s
GO:0006879,Unique genes before filter: 581
Unique genes in embed: 401
Holdout performance for /home/exouser/gene-embedding-benchmarks/data/embeddings/intersect/BulkFM-Binned with best C=0.1:
Holdout AUC: 0.3333
Holdout AUPRC: 0.0778
Holdout PR@10: 0.0000
Holdout Duration: 0.02s
GO:0035987,Unique genes before filter: 405
Unique genes in embed: 266
Holdout performance for /home/exouser/gene-embedding-benchmarks/data/embeddings/intersect/BulkFM-Binned with best C=10.0:
Holdout AUC: 0.4788
Holdout AUPRC: 0.0794
Holdout PR@10: 0.0000
Holdout Duration: 0.01s
Saved fold results to /home/exouser/gene-embedding-benchmarks/results/tsvs/BulkFM-Binned_fold_results.pkl
Saved holdout results to /home/exouser/gene-embedding-benchmarks/results/tsvs/BulkFM-Binned_holdout_results.pkl

=== Step 2b: OMIM benchmark ===
DOID:65,Unique genes before filter: 2409
Unique genes in embed: 1604
Holdout performance for /home/exouser/gene-embedding-benchmarks/data/embeddings/intersect/BulkFM-Binned with best C=0.1:
Holdout AUC: 0.4543
Holdout AUPRC: 0.0836
Holdout PR@10: 0.0000
Holdout Duration: 0.33s
DOID:0050161,Unique genes before filter: 374
Unique genes in embed: 274
Holdout performance for /home/exouser/gene-embedding-benchmarks/data/embeddings/intersect/BulkFM-Binned with best C=10.0:
Holdout AUC: 0.5207
Holdout AUPRC: 0.0993
Holdout PR@10: 0.1000
Holdout Duration: 0.01s
DOID:417,Unique genes before filter: 440
Unique genes in embed: 315
Holdout performance for /home/exouser/gene-embedding-benchmarks/data/embeddings/intersect/BulkFM-Binned with best C=1.0:
Holdout AUC: 0.4436
Holdout AUPRC: 0.1758
Holdout PR@10: 0.2000
Holdout Duration: 0.02s
DOID:612,Unique genes before filter: 1672
Unique genes in embed: 1142
Holdout performance for /home/exouser/gene-embedding-benchmarks/data/embeddings/intersect/BulkFM-Binned with best C=10.0:
Holdout AUC: 0.4224
Holdout AUPRC: 0.0772
Holdout PR@10: 0.0000
Holdout Duration: 0.14s
DOID:0050739,Unique genes before filter: 1943
Unique genes in embed: 1285
Holdout performance for /home/exouser/gene-embedding-benchmarks/data/embeddings/intersect/BulkFM-Binned with best C=0.1:
Holdout AUC: 0.4943
Holdout AUPRC: 0.8056
Holdout PR@10: 0.7000
Holdout Duration: 0.23s
DOID:0050736,Unique genes before filter: 1321
Unique genes in embed: 912
Holdout performance for /home/exouser/gene-embedding-benchmarks/data/embeddings/intersect/BulkFM-Binned with best C=10.0:
Holdout AUC: 0.5001
Holdout AUPRC: 0.6875
Holdout PR@10: 0.8000
Holdout Duration: 0.11s
DOID:0050686,Unique genes before filter: 1551
Unique genes in embed: 1069
Holdout performance for /home/exouser/gene-embedding-benchmarks/data/embeddings/intersect/BulkFM-Binned with best C=0.1:
Holdout AUC: 0.4311
Holdout AUPRC: 0.0858
Holdout PR@10: 0.1000
Holdout Duration: 0.13s
DOID:0050687,Unique genes before filter: 418
Unique genes in embed: 289
Holdout performance for /home/exouser/gene-embedding-benchmarks/data/embeddings/intersect/BulkFM-Binned with best C=0.1:
Holdout AUC: 0.4862
Holdout AUPRC: 0.0974
Holdout PR@10: 0.0000
Holdout Duration: 0.01s
DOID:557,Unique genes before filter: 946
Unique genes in embed: 661
Holdout performance for /home/exouser/gene-embedding-benchmarks/data/embeddings/intersect/BulkFM-Binned with best C=10.0:
Holdout AUC: 0.3743
Holdout AUPRC: 0.0740
Holdout PR@10: 0.0000
Holdout Duration: 0.05s
DOID:305,Unique genes before filter: 319
Unique genes in embed: 220
Holdout performance for /home/exouser/gene-embedding-benchmarks/data/embeddings/intersect/BulkFM-Binned with best C=0.1:
Holdout AUC: 0.4524
Holdout AUPRC: 0.1929
Holdout PR@10: 0.1000
Holdout Duration: 0.01s
DOID:37,Unique genes before filter: 1210
Unique genes in embed: 837
Holdout performance for /home/exouser/gene-embedding-benchmarks/data/embeddings/intersect/BulkFM-Binned with best C=1.0:
Holdout AUC: 0.5718
Holdout AUPRC: 0.1083
Holdout PR@10: 0.1000
Holdout Duration: 0.07s
DOID:936,Unique genes before filter: 2676
Unique genes in embed: 1787
Holdout performance for /home/exouser/gene-embedding-benchmarks/data/embeddings/intersect/BulkFM-Binned with best C=0.1:
Holdout AUC: 0.4535
Holdout AUPRC: 0.1047
Holdout PR@10: 0.2000
Holdout Duration: 0.35s
DOID:114,Unique genes before filter: 1067
Unique genes in embed: 736
Holdout performance for /home/exouser/gene-embedding-benchmarks/data/embeddings/intersect/BulkFM-Binned with best C=0.1:
Holdout AUC: 0.4512
Holdout AUPRC: 0.1377
Holdout PR@10: 0.1000
Holdout Duration: 0.07s
DOID:0060036,Unique genes before filter: 649
Unique genes in embed: 452
Holdout performance for /home/exouser/gene-embedding-benchmarks/data/embeddings/intersect/BulkFM-Binned with best C=0.1:
Holdout AUC: 0.6104
Holdout AUPRC: 0.1271
Holdout PR@10: 0.1000
Holdout Duration: 0.03s
DOID:0050700,Unique genes before filter: 649
Unique genes in embed: 468
Holdout performance for /home/exouser/gene-embedding-benchmarks/data/embeddings/intersect/BulkFM-Binned with best C=10.0:
Holdout AUC: 0.5538
Holdout AUPRC: 0.1032
Holdout PR@10: 0.0000
Holdout Duration: 0.03s
DOID:0050737,Unique genes before filter: 1864
Unique genes in embed: 1209
Holdout performance for /home/exouser/gene-embedding-benchmarks/data/embeddings/intersect/BulkFM-Binned with best C=10.0:
Holdout AUC: 0.4988
Holdout AUPRC: 0.7559
Holdout PR@10: 0.7000
Holdout Duration: 0.17s
DOID:0080009,Unique genes before filter: 385
Unique genes in embed: 274
Holdout performance for /home/exouser/gene-embedding-benchmarks/data/embeddings/intersect/BulkFM-Binned with best C=1.0:
Holdout AUC: 0.4516
Holdout AUPRC: 0.2396
Holdout PR@10: 0.1000
Holdout Duration: 0.01s
DOID:0050735,Unique genes before filter: 604
Unique genes in embed: 432
Holdout performance for /home/exouser/gene-embedding-benchmarks/data/embeddings/intersect/BulkFM-Binned with best C=0.1:
Holdout AUC: 0.6074
Holdout AUPRC: 0.3785
Holdout PR@10: 0.3000
Holdout Duration: 0.03s
DOID:0080001,Unique genes before filter: 1969
Unique genes in embed: 1330
Holdout performance for /home/exouser/gene-embedding-benchmarks/data/embeddings/intersect/BulkFM-Binned with best C=0.1:
Holdout AUC: 0.5310
Holdout AUPRC: 0.1075
Holdout PR@10: 0.1000
Holdout Duration: 0.21s
DOID:0080005,Unique genes before filter: 297
Unique genes in embed: 213
Holdout performance for /home/exouser/gene-embedding-benchmarks/data/embeddings/intersect/BulkFM-Binned with best C=1.0:
Holdout AUC: 0.8036
Holdout AUPRC: 0.3894
Holdout PR@10: 0.3000
Holdout Duration: 0.01s
DOID:2490,Unique genes before filter: 418
Unique genes in embed: 290
Holdout performance for /home/exouser/gene-embedding-benchmarks/data/embeddings/intersect/BulkFM-Binned with best C=0.1:
Holdout AUC: 0.3778
Holdout AUPRC: 0.1505
Holdout PR@10: 0.1000
Holdout Duration: 0.01s
DOID:4961,Unique genes before filter: 242
Unique genes in embed: 184
Holdout performance for /home/exouser/gene-embedding-benchmarks/data/embeddings/intersect/BulkFM-Binned with best C=0.1:
Holdout AUC: 0.6320
Holdout AUPRC: 0.2053
Holdout PR@10: 0.2000
Holdout Duration: 0.01s
DOID:2531,Unique genes before filter: 462
Unique genes in embed: 341
Holdout performance for /home/exouser/gene-embedding-benchmarks/data/embeddings/intersect/BulkFM-Binned with best C=0.1:
Holdout AUC: 0.4367
Holdout AUPRC: 0.1013
Holdout PR@10: 0.1000
Holdout Duration: 0.02s
DOID:1934,Unique genes before filter: 396
Unique genes in embed: 279
Holdout performance for /home/exouser/gene-embedding-benchmarks/data/embeddings/intersect/BulkFM-Binned with best C=0.1:
Holdout AUC: 0.5286
Holdout AUPRC: 0.1108
Holdout PR@10: 0.1000
Holdout Duration: 0.01s
DOID:0080006,Unique genes before filter: 1496
Unique genes in embed: 1033
Holdout performance for /home/exouser/gene-embedding-benchmarks/data/embeddings/intersect/BulkFM-Binned with best C=0.1:
Holdout AUC: 0.5690
Holdout AUPRC: 0.1261
Holdout PR@10: 0.0000
Holdout Duration: 0.13s
DOID:2256,Unique genes before filter: 880
Unique genes in embed: 619
Holdout performance for /home/exouser/gene-embedding-benchmarks/data/embeddings/intersect/BulkFM-Binned with best C=10.0:
Holdout AUC: 0.5990
Holdout AUPRC: 0.1670
Holdout PR@10: 0.3000
Holdout Duration: 0.04s
DOID:0080012,Unique genes before filter: 545
Unique genes in embed: 384
Holdout performance for /home/exouser/gene-embedding-benchmarks/data/embeddings/intersect/BulkFM-Binned with best C=0.1:
Holdout AUC: 0.5292
Holdout AUPRC: 0.3422
Holdout PR@10: 0.4000
Holdout Duration: 0.02s
DOID:231,Unique genes before filter: 506
Unique genes in embed: 360
Holdout performance for /home/exouser/gene-embedding-benchmarks/data/embeddings/intersect/BulkFM-Binned with best C=10.0:
Holdout AUC: 0.6439
Holdout AUPRC: 0.1267
Holdout PR@10: 0.1000
Holdout Duration: 0.02s
DOID:1289,Unique genes before filter: 1958
Unique genes in embed: 1328
Holdout performance for /home/exouser/gene-embedding-benchmarks/data/embeddings/intersect/BulkFM-Binned with best C=0.1:
Holdout AUC: 0.4398
Holdout AUPRC: 0.0890
Holdout PR@10: 0.1000
Holdout Duration: 0.18s
DOID:440,Unique genes before filter: 748
Unique genes in embed: 526
Holdout performance for /home/exouser/gene-embedding-benchmarks/data/embeddings/intersect/BulkFM-Binned with best C=10.0:
Holdout AUC: 0.5331
Holdout AUPRC: 0.1043
Holdout PR@10: 0.0000
Holdout Duration: 0.04s
DOID:0050539,Unique genes before filter: 286
Unique genes in embed: 211
Holdout performance for /home/exouser/gene-embedding-benchmarks/data/embeddings/intersect/BulkFM-Binned with best C=1.0:
Holdout AUC: 0.6510
Holdout AUPRC: 0.1740
Holdout PR@10: 0.1000
Holdout Duration: 0.01s
DOID:10595,Unique genes before filter: 539
Unique genes in embed: 382
Holdout performance for /home/exouser/gene-embedding-benchmarks/data/embeddings/intersect/BulkFM-Binned with best C=0.1:
Holdout AUC: 0.6690
Holdout AUPRC: 0.2146
Holdout PR@10: 0.2000
Holdout Duration: 0.02s
DOID:870,Unique genes before filter: 1111
Unique genes in embed: 781
Holdout performance for /home/exouser/gene-embedding-benchmarks/data/embeddings/intersect/BulkFM-Binned with best C=1.0:
Holdout AUC: 0.4541
Holdout AUPRC: 0.0905
Holdout PR@10: 0.1000
Holdout Duration: 0.07s
DOID:2355,Unique genes before filter: 737
Unique genes in embed: 510
Holdout performance for /home/exouser/gene-embedding-benchmarks/data/embeddings/intersect/BulkFM-Binned with best C=0.1:
Holdout AUC: 0.2970
Holdout AUPRC: 0.0672
Holdout PR@10: 0.0000
Holdout Duration: 0.03s
DOID:12449,Unique genes before filter: 462
Unique genes in embed: 330
Holdout performance for /home/exouser/gene-embedding-benchmarks/data/embeddings/intersect/BulkFM-Binned with best C=1.0:
Holdout AUC: 0.3844
Holdout AUPRC: 0.0826
Holdout PR@10: 0.0000
Holdout Duration: 0.02s
DOID:423,Unique genes before filter: 1188
Unique genes in embed: 815
Holdout performance for /home/exouser/gene-embedding-benchmarks/data/embeddings/intersect/BulkFM-Binned with best C=0.1:
Holdout AUC: 0.4557
Holdout AUPRC: 0.0813
Holdout PR@10: 0.0000
Holdout Duration: 0.07s
DOID:0080000,Unique genes before filter: 1375
Unique genes in embed: 962
Holdout performance for /home/exouser/gene-embedding-benchmarks/data/embeddings/intersect/BulkFM-Binned with best C=0.1:
Holdout AUC: 0.4067
Holdout AUPRC: 0.1022
Holdout PR@10: 0.1000
Holdout Duration: 0.10s
DOID:9884,Unique genes before filter: 561
Unique genes in embed: 394
Holdout performance for /home/exouser/gene-embedding-benchmarks/data/embeddings/intersect/BulkFM-Binned with best C=1.0:
Holdout AUC: 0.3436
Holdout AUPRC: 0.0739
Holdout PR@10: 0.0000
Holdout Duration: 0.02s
DOID:66,Unique genes before filter: 1287
Unique genes in embed: 888
Holdout performance for /home/exouser/gene-embedding-benchmarks/data/embeddings/intersect/BulkFM-Binned with best C=0.1:
Holdout AUC: 0.4254
Holdout AUPRC: 0.0937
Holdout PR@10: 0.2000
Holdout Duration: 0.08s
DOID:2786,Unique genes before filter: 726
Unique genes in embed: 514
Holdout performance for /home/exouser/gene-embedding-benchmarks/data/embeddings/intersect/BulkFM-Binned with best C=0.1:
Holdout AUC: 0.4062
Holdout AUPRC: 0.1001
Holdout PR@10: 0.1000
Holdout Duration: 0.03s
DOID:9799,Unique genes before filter: 1056
Unique genes in embed: 720
Holdout performance for /home/exouser/gene-embedding-benchmarks/data/embeddings/intersect/BulkFM-Binned with best C=0.1:
Holdout AUC: 0.4858
Holdout AUPRC: 0.1305
Holdout PR@10: 0.1000
Holdout Duration: 0.06s
DOID:4448,Unique genes before filter: 286
Unique genes in embed: 195
Holdout performance for /home/exouser/gene-embedding-benchmarks/data/embeddings/intersect/BulkFM-Binned with best C=0.1:
Holdout AUC: 0.7750
Holdout AUPRC: 0.2330
Holdout PR@10: 0.2000
Holdout Duration: 0.01s
DOID:8466,Unique genes before filter: 1045
Unique genes in embed: 735
Holdout performance for /home/exouser/gene-embedding-benchmarks/data/embeddings/intersect/BulkFM-Binned with best C=10.0:
Holdout AUC: 0.6957
Holdout AUPRC: 0.1691
Holdout PR@10: 0.2000
Holdout Duration: 0.06s
DOID:5614,Unique genes before filter: 2508
Unique genes in embed: 1695
Holdout performance for /home/exouser/gene-embedding-benchmarks/data/embeddings/intersect/BulkFM-Binned with best C=1.0:
Holdout AUC: 0.5536
Holdout AUPRC: 0.1037
Holdout PR@10: 0.1000
Holdout Duration: 0.28s
DOID:5679,Unique genes before filter: 1353
Unique genes in embed: 949
Holdout performance for /home/exouser/gene-embedding-benchmarks/data/embeddings/intersect/BulkFM-Binned with best C=10.0:
Holdout AUC: 0.4014
Holdout AUPRC: 0.0737
Holdout PR@10: 0.0000
Holdout Duration: 0.09s
DOID:1091,Unique genes before filter: 242
Unique genes in embed: 155
Holdout performance for /home/exouser/gene-embedding-benchmarks/data/embeddings/intersect/BulkFM-Binned with best C=0.1:
Holdout AUC: 0.5000
Holdout AUPRC: 0.1212
Holdout PR@10: 0.1000
Holdout Duration: 0.01s
DOID:403,Unique genes before filter: 264
Unique genes in embed: 177
Holdout performance for /home/exouser/gene-embedding-benchmarks/data/embeddings/intersect/BulkFM-Binned with best C=10.0:
Holdout AUC: 0.5952
Holdout AUPRC: 0.1225
Holdout PR@10: 0.0000
Holdout Duration: 0.01s
DOID:0060564,Unique genes before filter: 352
Unique genes in embed: 243
Holdout performance for /home/exouser/gene-embedding-benchmarks/data/embeddings/intersect/BulkFM-Binned with best C=0.1:
Holdout AUC: 0.5238
Holdout AUPRC: 0.1219
Holdout PR@10: 0.1000
Holdout Duration: 0.01s
DOID:0050828,Unique genes before filter: 319
Unique genes in embed: 220
Holdout performance for /home/exouser/gene-embedding-benchmarks/data/embeddings/intersect/BulkFM-Binned with best C=0.1:
Holdout AUC: 0.2865
Holdout AUPRC: 0.0667
Holdout PR@10: 0.0000
Holdout Duration: 0.01s
DOID:178,Unique genes before filter: 539
Unique genes in embed: 368
Holdout performance for /home/exouser/gene-embedding-benchmarks/data/embeddings/intersect/BulkFM-Binned with best C=10.0:
Holdout AUC: 0.6092
Holdout AUPRC: 0.2464
Holdout PR@10: 0.1000
Holdout Duration: 0.02s
DOID:0060037,Unique genes before filter: 1980
Unique genes in embed: 1354
Holdout performance for /home/exouser/gene-embedding-benchmarks/data/embeddings/intersect/BulkFM-Binned with best C=0.1:
Holdout AUC: 0.5472
Holdout AUPRC: 0.1182
Holdout PR@10: 0.1000
Holdout Duration: 0.20s
DOID:0060309,Unique genes before filter: 396
Unique genes in embed: 283
Holdout performance for /home/exouser/gene-embedding-benchmarks/data/embeddings/intersect/BulkFM-Binned with best C=1.0:
Holdout AUC: 0.4924
Holdout AUPRC: 0.2398
Holdout PR@10: 0.1000
Holdout Duration: 0.01s
DOID:1059,Unique genes before filter: 1914
Unique genes in embed: 1296
Holdout performance for /home/exouser/gene-embedding-benchmarks/data/embeddings/intersect/BulkFM-Binned with best C=0.1:
Holdout AUC: 0.4296
Holdout AUPRC: 0.0768
Holdout PR@10: 0.0000
Holdout Duration: 0.21s
DOID:0060038,Unique genes before filter: 1980
Unique genes in embed: 1349
Holdout performance for /home/exouser/gene-embedding-benchmarks/data/embeddings/intersect/BulkFM-Binned with best C=0.1:
Holdout AUC: 0.5403
Holdout AUPRC: 0.0965
Holdout PR@10: 0.0000
Holdout Duration: 0.20s
DOID:0050888,Unique genes before filter: 462
Unique genes in embed: 331
Holdout performance for /home/exouser/gene-embedding-benchmarks/data/embeddings/intersect/BulkFM-Binned with best C=1.0:
Holdout AUC: 0.3948
Holdout AUPRC: 0.0830
Holdout PR@10: 0.0000
Holdout Duration: 0.02s
DOID:10273,Unique genes before filter: 253
Unique genes in embed: 178
Holdout performance for /home/exouser/gene-embedding-benchmarks/data/embeddings/intersect/BulkFM-Binned with best C=1.0:
Holdout AUC: 0.4674
Holdout AUPRC: 0.0884
Holdout PR@10: 0.0000
Holdout Duration: 0.01s
DOID:0050753,Unique genes before filter: 726
Unique genes in embed: 506
Holdout performance for /home/exouser/gene-embedding-benchmarks/data/embeddings/intersect/BulkFM-Binned with best C=0.1:
Holdout AUC: 0.5455
Holdout AUPRC: 0.1378
Holdout PR@10: 0.2000
Holdout Duration: 0.03s
DOID:0050951,Unique genes before filter: 825
Unique genes in embed: 586
Holdout performance for /home/exouser/gene-embedding-benchmarks/data/embeddings/intersect/BulkFM-Binned with best C=10.0:
Holdout AUC: 0.3725
Holdout AUPRC: 0.0792
Holdout PR@10: 0.0000
Holdout Duration: 0.03s
DOID:0050950,Unique genes before filter: 363
Unique genes in embed: 263
Holdout performance for /home/exouser/gene-embedding-benchmarks/data/embeddings/intersect/BulkFM-Binned with best C=1.0:
Holdout AUC: 0.6369
Holdout AUPRC: 0.1437
Holdout PR@10: 0.1000
Holdout Duration: 0.01s
DOID:2277,Unique genes before filter: 737
Unique genes in embed: 516
Holdout performance for /home/exouser/gene-embedding-benchmarks/data/embeddings/intersect/BulkFM-Binned with best C=0.1:
Holdout AUC: 0.5586
Holdout AUPRC: 0.1124
Holdout PR@10: 0.0000
Holdout Duration: 0.04s
DOID:1923,Unique genes before filter: 242
Unique genes in embed: 179
Holdout performance for /home/exouser/gene-embedding-benchmarks/data/embeddings/intersect/BulkFM-Binned with best C=0.1:
Holdout AUC: 0.3523
Holdout AUPRC: 0.0857
Holdout PR@10: 0.1000
Holdout Duration: 0.01s
DOID:1441,Unique genes before filter: 396
Unique genes in embed: 281
Holdout performance for /home/exouser/gene-embedding-benchmarks/data/embeddings/intersect/BulkFM-Binned with best C=0.1:
Holdout AUC: 0.7292
Holdout AUPRC: 0.2559
Holdout PR@10: 0.1000
Holdout Duration: 0.01s
DOID:607,Unique genes before filter: 638
Unique genes in embed: 434
Holdout performance for /home/exouser/gene-embedding-benchmarks/data/embeddings/intersect/BulkFM-Binned with best C=10.0:
Holdout AUC: 0.4637
Holdout AUPRC: 0.0847
Holdout PR@10: 0.0000
Holdout Duration: 0.02s
DOID:2476,Unique genes before filter: 638
Unique genes in embed: 453
Holdout performance for /home/exouser/gene-embedding-benchmarks/data/embeddings/intersect/BulkFM-Binned with best C=10.0:
Holdout AUC: 0.5233
Holdout AUPRC: 0.0981
Holdout PR@10: 0.1000
Holdout Duration: 0.03s
DOID:0080578,Unique genes before filter: 385
Unique genes in embed: 263
Holdout performance for /home/exouser/gene-embedding-benchmarks/data/embeddings/intersect/BulkFM-Binned with best C=0.1:
Holdout AUC: 0.6720
Holdout AUPRC: 0.1592
Holdout PR@10: 0.1000
Holdout Duration: 0.01s
DOID:627,Unique genes before filter: 209
Unique genes in embed: 145
Holdout performance for /home/exouser/gene-embedding-benchmarks/data/embeddings/intersect/BulkFM-Binned with best C=10.0:
Holdout AUC: 0.5500
Holdout AUPRC: 0.1330
Holdout PR@10: 0.1000
Holdout Duration: 0.01s
DOID:0111962,Unique genes before filter: 484
Unique genes in embed: 337
Holdout performance for /home/exouser/gene-embedding-benchmarks/data/embeddings/intersect/BulkFM-Binned with best C=10.0:
Holdout AUC: 0.4359
Holdout AUPRC: 0.0856
Holdout PR@10: 0.0000
Holdout Duration: 0.02s
DOID:2115,Unique genes before filter: 308
Unique genes in embed: 216
Holdout performance for /home/exouser/gene-embedding-benchmarks/data/embeddings/intersect/BulkFM-Binned with best C=1.0:
Holdout AUC: 0.3600
Holdout AUPRC: 0.0983
Holdout PR@10: 0.1000
Holdout Duration: 0.01s
DOID:2583,Unique genes before filter: 220
Unique genes in embed: 161
Holdout performance for /home/exouser/gene-embedding-benchmarks/data/embeddings/intersect/BulkFM-Binned with best C=0.1:
Holdout AUC: 0.6813
Holdout AUPRC: 0.1617
Holdout PR@10: 0.1000
Holdout Duration: 0.01s
DOID:0081337,Unique genes before filter: 330
Unique genes in embed: 234
Holdout performance for /home/exouser/gene-embedding-benchmarks/data/embeddings/intersect/BulkFM-Binned with best C=1.0:
Holdout AUC: 0.6192
Holdout AUPRC: 0.1469
Holdout PR@10: 0.0000
Holdout Duration: 0.01s
DOID:1247,Unique genes before filter: 462
Unique genes in embed: 347
Holdout performance for /home/exouser/gene-embedding-benchmarks/data/embeddings/intersect/BulkFM-Binned with best C=0.1:
Holdout AUC: 0.4530
Holdout AUPRC: 0.0907
Holdout PR@10: 0.0000
Holdout Duration: 0.02s
DOID:0060340,Unique genes before filter: 469
Unique genes in embed: 319
Holdout performance for /home/exouser/gene-embedding-benchmarks/data/embeddings/intersect/BulkFM-Binned with best C=1.0:
Holdout AUC: 0.6143
Holdout AUPRC: 0.1603
Holdout PR@10: 0.1000
Holdout Duration: 0.02s
DOID:0050777,Unique genes before filter: 275
Unique genes in embed: 204
Holdout performance for /home/exouser/gene-embedding-benchmarks/data/embeddings/intersect/BulkFM-Binned with best C=1.0:
Holdout AUC: 0.4375
Holdout AUPRC: 0.0957
Holdout PR@10: 0.0000
Holdout Duration: 0.01s
DOID:1826,Unique genes before filter: 1408
Unique genes in embed: 971
Holdout performance for /home/exouser/gene-embedding-benchmarks/data/embeddings/intersect/BulkFM-Binned with best C=10.0:
Holdout AUC: 0.5915
Holdout AUPRC: 0.1746
Holdout PR@10: 0.2000
Holdout Duration: 0.10s
DOID:0050563,Unique genes before filter: 1144
Unique genes in embed: 800
Holdout performance for /home/exouser/gene-embedding-benchmarks/data/embeddings/intersect/BulkFM-Binned with best C=0.1:
Holdout AUC: 0.4363
Holdout AUPRC: 0.0797
Holdout PR@10: 0.0000
Holdout Duration: 0.07s
DOID:0050564,Unique genes before filter: 450
Unique genes in embed: 322
Holdout performance for /home/exouser/gene-embedding-benchmarks/data/embeddings/intersect/BulkFM-Binned with best C=0.1:
Holdout AUC: 0.5556
Holdout AUPRC: 0.1682
Holdout PR@10: 0.2000
Holdout Duration: 0.02s
DOID:2742,Unique genes before filter: 1144
Unique genes in embed: 811
Holdout performance for /home/exouser/gene-embedding-benchmarks/data/embeddings/intersect/BulkFM-Binned with best C=10.0:
Holdout AUC: 0.5389
Holdout AUPRC: 0.1376
Holdout PR@10: 0.1000
Holdout Duration: 0.06s
DOID:10579,Unique genes before filter: 407
Unique genes in embed: 290
Holdout performance for /home/exouser/gene-embedding-benchmarks/data/embeddings/intersect/BulkFM-Binned with best C=0.1:
Holdout AUC: 0.2852
Holdout AUPRC: 0.0797
Holdout PR@10: 0.1000
Holdout Duration: 0.01s
DOID:1443,Unique genes before filter: 451
Unique genes in embed: 313
Holdout performance for /home/exouser/gene-embedding-benchmarks/data/embeddings/intersect/BulkFM-Binned with best C=0.1:
Holdout AUC: 0.5509
Holdout AUPRC: 0.1343
Holdout PR@10: 0.2000
Holdout Duration: 0.01s
DOID:0112202,Unique genes before filter: 1012
Unique genes in embed: 715
Holdout performance for /home/exouser/gene-embedding-benchmarks/data/embeddings/intersect/BulkFM-Binned with best C=1.0:
Holdout AUC: 0.4795
Holdout AUPRC: 0.0965
Holdout PR@10: 0.1000
Holdout Duration: 0.05s
DOID:0050701,Unique genes before filter: 1232
Unique genes in embed: 868
Holdout performance for /home/exouser/gene-embedding-benchmarks/data/embeddings/intersect/BulkFM-Binned with best C=0.1:
Holdout AUC: 0.5341
Holdout AUPRC: 0.2164
Holdout PR@10: 0.3000
Holdout Duration: 0.09s
DOID:0060307,Unique genes before filter: 478
Unique genes in embed: 329
Holdout performance for /home/exouser/gene-embedding-benchmarks/data/embeddings/intersect/BulkFM-Binned with best C=0.1:
Holdout AUC: 0.2397
Holdout AUPRC: 0.0696
Holdout PR@10: 0.0000
Holdout Duration: 0.02s
DOID:0111910,Unique genes before filter: 671
Unique genes in embed: 459
Holdout performance for /home/exouser/gene-embedding-benchmarks/data/embeddings/intersect/BulkFM-Binned with best C=0.1:
Holdout AUC: 0.4962
Holdout AUPRC: 0.1509
Holdout PR@10: 0.1000
Holdout Duration: 0.03s
DOID:48,Unique genes before filter: 847
Unique genes in embed: 580
Holdout performance for /home/exouser/gene-embedding-benchmarks/data/embeddings/intersect/BulkFM-Binned with best C=10.0:
Holdout AUC: 0.3904
Holdout AUPRC: 0.0737
Holdout PR@10: 0.0000
Holdout Duration: 0.03s
DOID:12336,Unique genes before filter: 682
Unique genes in embed: 470
Holdout performance for /home/exouser/gene-embedding-benchmarks/data/embeddings/intersect/BulkFM-Binned with best C=1.0:
Holdout AUC: 0.2438
Holdout AUPRC: 0.0649
Holdout PR@10: 0.0000
Holdout Duration: 0.03s
DOID:5212,Unique genes before filter: 418
Unique genes in embed: 293
Holdout performance for /home/exouser/gene-embedding-benchmarks/data/embeddings/intersect/BulkFM-Binned with best C=0.1:
Holdout AUC: 0.4724
Holdout AUPRC: 0.0905
Holdout PR@10: 0.0000
Holdout Duration: 0.01s
DOID:110,Unique genes before filter: 363
Unique genes in embed: 270
Holdout performance for /home/exouser/gene-embedding-benchmarks/data/embeddings/intersect/BulkFM-Binned with best C=10.0:
Holdout AUC: 0.5911
Holdout AUPRC: 0.2231
Holdout PR@10: 0.2000
Holdout Duration: 0.01s
DOID:83,Unique genes before filter: 341
Unique genes in embed: 252
Holdout performance for /home/exouser/gene-embedding-benchmarks/data/embeddings/intersect/BulkFM-Binned with best C=0.1:
Holdout AUC: 0.4812
Holdout AUPRC: 0.0963
Holdout PR@10: 0.1000
Holdout Duration: 0.01s
DOID:0060308,Unique genes before filter: 475
Unique genes in embed: 326
Holdout performance for /home/exouser/gene-embedding-benchmarks/data/embeddings/intersect/BulkFM-Binned with best C=10.0:
Holdout AUC: 0.4332
Holdout AUPRC: 0.0949
Holdout PR@10: 0.0000
Holdout Duration: 0.02s
DOID:0050776,Unique genes before filter: 220
Unique genes in embed: 167
Holdout performance for /home/exouser/gene-embedding-benchmarks/data/embeddings/intersect/BulkFM-Binned with best C=1.0:
Holdout AUC: 0.5188
Holdout AUPRC: 0.1192
Holdout PR@10: 0.1000
Holdout Duration: 0.01s
DOID:0050889,Unique genes before filter: 220
Unique genes in embed: 158
Holdout performance for /home/exouser/gene-embedding-benchmarks/data/embeddings/intersect/BulkFM-Binned with best C=0.1:
Holdout AUC: 0.5000
Holdout AUPRC: 0.1440
Holdout PR@10: 0.1000
Holdout Duration: 0.01s
DOID:0050565,Unique genes before filter: 464
Unique genes in embed: 324
Holdout performance for /home/exouser/gene-embedding-benchmarks/data/embeddings/intersect/BulkFM-Binned with best C=0.1:
Holdout AUC: 0.5383
Holdout AUPRC: 0.1988
Holdout PR@10: 0.2000
Holdout Duration: 0.02s
DOID:9562,Unique genes before filter: 418
Unique genes in embed: 290
Holdout performance for /home/exouser/gene-embedding-benchmarks/data/embeddings/intersect/BulkFM-Binned with best C=1.0:
Holdout AUC: 0.6400
Holdout AUPRC: 0.2090
Holdout PR@10: 0.2000
Holdout Duration: 0.01s
DOID:10584,Unique genes before filter: 671
Unique genes in embed: 473
Holdout performance for /home/exouser/gene-embedding-benchmarks/data/embeddings/intersect/BulkFM-Binned with best C=0.1:
Holdout AUC: 0.2983
Holdout AUPRC: 0.0666
Holdout PR@10: 0.0000
Holdout Duration: 0.03s
DOID:5295,Unique genes before filter: 462
Unique genes in embed: 314
Holdout performance for /home/exouser/gene-embedding-benchmarks/data/embeddings/intersect/BulkFM-Binned with best C=0.1:
Holdout AUC: 0.5099
Holdout AUPRC: 0.1227
Holdout PR@10: 0.1000
Holdout Duration: 0.02s
DOID:3119,Unique genes before filter: 451
Unique genes in embed: 328
Holdout performance for /home/exouser/gene-embedding-benchmarks/data/embeddings/intersect/BulkFM-Binned with best C=10.0:
Holdout AUC: 0.4680
Holdout AUPRC: 0.0849
Holdout PR@10: 0.0000
Holdout Duration: 0.02s
DOID:229,Unique genes before filter: 308
Unique genes in embed: 215
Holdout performance for /home/exouser/gene-embedding-benchmarks/data/embeddings/intersect/BulkFM-Binned with best C=1.0:
Holdout AUC: 0.8920
Holdout AUPRC: 0.4661
Holdout PR@10: 0.3000
Holdout Duration: 0.01s
DOID:1100,Unique genes before filter: 253
Unique genes in embed: 180
Holdout performance for /home/exouser/gene-embedding-benchmarks/data/embeddings/intersect/BulkFM-Binned with best C=0.1:
Holdout AUC: 0.5875
Holdout AUPRC: 0.1600
Holdout PR@10: 0.1000
Holdout Duration: 0.01s
DOID:12930,Unique genes before filter: 385
Unique genes in embed: 261
Holdout performance for /home/exouser/gene-embedding-benchmarks/data/embeddings/intersect/BulkFM-Binned with best C=0.1:
Holdout AUC: 0.4793
Holdout AUPRC: 0.0879
Holdout PR@10: 0.0000
Holdout Duration: 0.01s
DOID:1342,Unique genes before filter: 363
Unique genes in embed: 256
Holdout performance for /home/exouser/gene-embedding-benchmarks/data/embeddings/intersect/BulkFM-Binned with best C=10.0:
Holdout AUC: 0.2704
Holdout AUPRC: 0.0669
Holdout PR@10: 0.0000
Holdout Duration: 0.01s
DOID:9256,Unique genes before filter: 253
Unique genes in embed: 184
Holdout performance for /home/exouser/gene-embedding-benchmarks/data/embeddings/intersect/BulkFM-Binned with best C=0.1:
Holdout AUC: 0.2857
Holdout AUPRC: 0.0728
Holdout PR@10: 0.0000
Holdout Duration: 0.01s
DOID:10155,Unique genes before filter: 253
Unique genes in embed: 176
Holdout performance for /home/exouser/gene-embedding-benchmarks/data/embeddings/intersect/BulkFM-Binned with best C=0.1:
Holdout AUC: 0.2619
Holdout AUPRC: 0.0714
Holdout PR@10: 0.0000
Holdout Duration: 0.01s
DOID:5672,Unique genes before filter: 253
Unique genes in embed: 179
Holdout performance for /home/exouser/gene-embedding-benchmarks/data/embeddings/intersect/BulkFM-Binned with best C=1.0:
Holdout AUC: 0.3869
Holdout AUPRC: 0.1237
Holdout PR@10: 0.1000
Holdout Duration: 0.01s
Saved fold results to /home/exouser/gene-embedding-benchmarks/results/tsvs/BulkFM-Binned_fold_results.pkl
Saved holdout results to /home/exouser/gene-embedding-benchmarks/results/tsvs/BulkFM-Binned_holdout_results.pkl

=== Step 3: Gene-pair benchmarks (parallel) ===
  Pair: ng
  Pair: sl
  Pair: tf
  Pair: pombe
Processing 'BulkFM-Binned' | Operation: sum
Original positives: 2124, Filtered positives: 733
Fold 0: train=4106, outer=1053
Fold 1: train=4244, outer=947
Fold 2: train=3937, outer=1089

Results:
   fold  best_C  inner_AUC  inner_AUPRC  inner_PR@10  inner_time  outer_AUC  outer_AUPRC  outer_PR@10  outer_time  orig_pos_pairs  filtered_pos_pairs
      0    10.0   0.496624     0.084531     0.000000    1.352725   0.582595     0.024532     0.000000    0.145047          2124.0               733.0
      1     0.1   0.529316     0.122277     0.066667    0.800395   0.666061     0.087982     0.100000    0.216877          2124.0               733.0
      2     0.1   0.347651     0.025019     0.000000    0.941757   0.486299     0.139822     0.000000    0.412182          2124.0               733.0
average     0.1   0.457864     0.077276     0.022222    1.031625   0.578318     0.084112     0.033333    0.258035          2124.0               733.0

Saved to /home/exouser/gene-embedding-benchmarks/results/tsvs/BulkFM-Binned_sum_intersected_sl.csv
Processing 'BulkFM-Binned' | Operation: sum
Original positives: 5966, Filtered positives: 2535
Fold 0: train=11261, outer=2845
Fold 1: train=11287, outer=2725
Fold 2: train=11252, outer=2795

Results:
   fold  best_C  inner_AUC  inner_AUPRC  inner_PR@10  inner_time  outer_AUC  outer_AUPRC  outer_PR@10  outer_time  orig_pos_pairs  filtered_pos_pairs
      0     0.1   0.486604     0.084039     0.000000   13.620652   0.423587     0.093777     0.000000    4.813656          5966.0              2535.0
      1     1.0   0.536338     0.123321     0.066667   10.552583   0.495084     0.089975     0.300000    2.920396          5966.0              2535.0
      2     1.0   0.496555     0.101915     0.066667    8.998132   0.473919     0.098335     0.100000    2.795276          5966.0              2535.0
average     1.0   0.506499     0.103092     0.044444   11.057122   0.464197     0.094029     0.133333    3.509776          5966.0              2535.0

Saved to /home/exouser/gene-embedding-benchmarks/results/tsvs/BulkFM-Binned_sum_intersected_pombe.csv
Processing 'BulkFM-Binned' | Operation: sum
Original positives: 10568, Filtered positives: 4927
Fold 0: train=19502, outer=5184
Fold 1: train=20791, outer=4637
Fold 2: train=19508, outer=5110

Results:
   fold  best_C  inner_AUC  inner_AUPRC  inner_PR@10  inner_time  outer_AUC  outer_AUPRC  outer_PR@10  outer_time  orig_pos_pairs  filtered_pos_pairs
      0     0.1   0.455119     0.165253     0.733333   60.871246   0.582343     0.150019     0.300000   10.484840         10568.0              4927.0
      1     1.0   0.519306     0.213222     0.833333   66.458373   0.616460     0.188250     0.700000    6.851284         10568.0              4927.0
      2     0.1   0.564891     0.236517     0.866667   61.441504   0.522715     0.203594     1.000000   11.934297         10568.0              4927.0
average     0.1   0.513105     0.204998     0.811111   62.923707   0.573839     0.180621     0.666667    9.756807         10568.0              4927.0

Saved to /home/exouser/gene-embedding-benchmarks/results/tsvs/BulkFM-Binned_sum_intersected_ng.csv
Processing 'BulkFM-Binned' | Operation: sum
Original positives: 10000, Filtered positives: 4818
Fold 0: train=19498, outer=5202
Fold 1: train=20268, outer=4999
Fold 2: train=20222, outer=4932

Results:
   fold  best_C  inner_AUC  inner_AUPRC  inner_PR@10  inner_time  outer_AUC  outer_AUPRC  outer_PR@10  outer_time  orig_pos_pairs  filtered_pos_pairs
      0     0.1   0.464693     0.103649     0.133333   64.002076   0.456052     0.098452     0.100000   14.582787         10000.0              4818.0
      1     1.0   0.501148     0.113449     0.200000  100.880934   0.476873     0.107744     0.200000    7.495529         10000.0              4818.0
      2    10.0   0.503039     0.111636     0.066667   81.007602   0.534812     0.127260     0.100000    5.927478         10000.0              4818.0
average     0.1   0.489627     0.109578     0.133333   81.963537   0.489246     0.111152     0.133333    9.335265         10000.0              4818.0

Saved to /home/exouser/gene-embedding-benchmarks/results/tsvs/BulkFM-Binned_sum_intersected_tf.csv

=== Step 4: Append results to results/gene_benchmark_results.csv ===
  GO: 0.4915
  OMIM: 0.4967
  ng: 0.5738393243328092
  sl: 0.5783180746399953
  tf: 0.48924580730685735
  pombe: 0.46419651818707
  Appended to /home/exouser/BulkFM/results/gene_benchmark_results.csv

==============================================
  Pipeline complete for BulkFM-Binned

  Results:
    GO:    /home/exouser/gene-embedding-benchmarks/results/tsvs/BulkFM-Binned_holdout_results_go.pkl
    OMIM:  /home/exouser/gene-embedding-benchmarks/results/tsvs/BulkFM-Binned_holdout_results.pkl
    NG:    /home/exouser/gene-embedding-benchmarks/results/tsvs/BulkFM-Binned_sum_intersected_ng.csv
    SL:    /home/exouser/gene-embedding-benchmarks/results/tsvs/BulkFM-Binned_sum_intersected_sl.csv
    TF:    /home/exouser/gene-embedding-benchmarks/results/tsvs/BulkFM-Binned_sum_intersected_tf.csv
    pombe: /home/exouser/gene-embedding-benchmarks/results/tsvs/BulkFM-Binned_sum_intersected_pombe.csv
  Logs:   /home/exouser/BulkFM/results/logs/20260731_235618_BulkFM-Binned_*.log
==============================================
==============================================
  BulkFM Benchmark Pipeline
  Checkpoint: checkpoints/train_20260729_230537_local/best_model.pt
  Output:     BulkFM-CLS
  Extraction: table
==============================================

=== Step 1: Extract and prepare embeddings ===
  Embeddings already exist, skipping extraction

=== Step 2a: GO benchmark ===
GO:0006325,Unique genes before filter: 2263
Unique genes in embed: 1445
Holdout performance for /home/exouser/gene-embedding-benchmarks/data/embeddings/intersect/BulkFM-CLS with best C=0.1:
Holdout AUC: 0.6286
Holdout AUPRC: 0.3660
Holdout PR@10: 0.4000
Holdout Duration: 0.29s
GO:0006402,Unique genes before filter: 1030
Unique genes in embed: 689
Holdout performance for /home/exouser/gene-embedding-benchmarks/data/embeddings/intersect/BulkFM-CLS with best C=0.1:
Holdout AUC: 0.5145
Holdout AUPRC: 0.1136
Holdout PR@10: 0.1000
Holdout Duration: 0.06s
GO:0000381,Unique genes before filter: 493
Unique genes in embed: 344
Holdout performance for /home/exouser/gene-embedding-benchmarks/data/embeddings/intersect/BulkFM-CLS with best C=1.0:
Holdout AUC: 0.3942
Holdout AUPRC: 0.2045
Holdout PR@10: 0.1000
Holdout Duration: 0.02s
GO:0045089,Unique genes before filter: 1727
Unique genes in embed: 1109
Holdout performance for /home/exouser/gene-embedding-benchmarks/data/embeddings/intersect/BulkFM-CLS with best C=0.1:
Holdout AUC: 0.6451
Holdout AUPRC: 0.2260
Holdout PR@10: 0.3000
Holdout Duration: 0.17s
GO:0043488,Unique genes before filter: 1417
Unique genes in embed: 969
Holdout performance for /home/exouser/gene-embedding-benchmarks/data/embeddings/intersect/BulkFM-CLS with best C=1.0:
Holdout AUC: 0.5487
Holdout AUPRC: 0.1441
Holdout PR@10: 0.1000
Holdout Duration: 0.11s
GO:0045787,Unique genes before filter: 1769
Unique genes in embed: 1168
Holdout performance for /home/exouser/gene-embedding-benchmarks/data/embeddings/intersect/BulkFM-CLS with best C=0.1:
Holdout AUC: 0.5390
Holdout AUPRC: 0.2072
Holdout PR@10: 0.2000
Holdout Duration: 0.19s
GO:0050890,Unique genes before filter: 1761
Unique genes in embed: 1254
Holdout performance for /home/exouser/gene-embedding-benchmarks/data/embeddings/intersect/BulkFM-CLS with best C=0.1:
Holdout AUC: 0.5637
Holdout AUPRC: 0.1475
Holdout PR@10: 0.2000
Holdout Duration: 0.21s
GO:0007399,Unique genes before filter: 2700
Unique genes in embed: 1802
Holdout performance for /home/exouser/gene-embedding-benchmarks/data/embeddings/intersect/BulkFM-CLS with best C=0.1:
Holdout AUC: 0.5707
Holdout AUPRC: 0.5275
Holdout PR@10: 0.5000
Holdout Duration: 0.45s
GO:0060828,Unique genes before filter: 1704
Unique genes in embed: 1089
Holdout performance for /home/exouser/gene-embedding-benchmarks/data/embeddings/intersect/BulkFM-CLS with best C=0.1:
Holdout AUC: 0.4589
Holdout AUPRC: 0.1002
Holdout PR@10: 0.0000
Holdout Duration: 0.16s
GO:0006493,Unique genes before filter: 863
Unique genes in embed: 573
Holdout performance for /home/exouser/gene-embedding-benchmarks/data/embeddings/intersect/BulkFM-CLS with best C=10.0:
Holdout AUC: 0.5411
Holdout AUPRC: 0.1921
Holdout PR@10: 0.3000
Holdout Duration: 0.04s
GO:0007605,Unique genes before filter: 1444
Unique genes in embed: 968
Holdout performance for /home/exouser/gene-embedding-benchmarks/data/embeddings/intersect/BulkFM-CLS with best C=0.1:
Holdout AUC: 0.5367
Holdout AUPRC: 0.0824
Holdout PR@10: 0.0000
Holdout Duration: 0.12s
GO:0016236,Unique genes before filter: 1668
Unique genes in embed: 1071
Holdout performance for /home/exouser/gene-embedding-benchmarks/data/embeddings/intersect/BulkFM-CLS with best C=1.0:
Holdout AUC: 0.4487
Holdout AUPRC: 0.0944
Holdout PR@10: 0.1000
Holdout Duration: 0.12s
GO:0010506,Unique genes before filter: 1764
Unique genes in embed: 1157
Holdout performance for /home/exouser/gene-embedding-benchmarks/data/embeddings/intersect/BulkFM-CLS with best C=0.1:
Holdout AUC: 0.4645
Holdout AUPRC: 0.1344
Holdout PR@10: 0.2000
Holdout Duration: 0.18s
GO:0042476,Unique genes before filter: 1039
Unique genes in embed: 696
Holdout performance for /home/exouser/gene-embedding-benchmarks/data/embeddings/intersect/BulkFM-CLS with best C=0.1:
Holdout AUC: 0.4744
Holdout AUPRC: 0.1233
Holdout PR@10: 0.2000
Holdout Duration: 0.06s
GO:0050679,Unique genes before filter: 1657
Unique genes in embed: 1143
Holdout performance for /home/exouser/gene-embedding-benchmarks/data/embeddings/intersect/BulkFM-CLS with best C=10.0:
Holdout AUC: 0.5195
Holdout AUPRC: 0.1120
Holdout PR@10: 0.2000
Holdout Duration: 0.15s
GO:0006631,Unique genes before filter: 1752
Unique genes in embed: 1204
Holdout performance for /home/exouser/gene-embedding-benchmarks/data/embeddings/intersect/BulkFM-CLS with best C=0.1:
Holdout AUC: 0.5604
Holdout AUPRC: 0.1745
Holdout PR@10: 0.3000
Holdout Duration: 0.17s
GO:0007283,Unique genes before filter: 1984
Unique genes in embed: 1243
Holdout performance for /home/exouser/gene-embedding-benchmarks/data/embeddings/intersect/BulkFM-CLS with best C=0.1:
Holdout AUC: 0.6065
Holdout AUPRC: 0.3250
Holdout PR@10: 0.6000
Holdout Duration: 0.19s
GO:0001654,Unique genes before filter: 1820
Unique genes in embed: 1200
Holdout performance for /home/exouser/gene-embedding-benchmarks/data/embeddings/intersect/BulkFM-CLS with best C=0.1:
Holdout AUC: 0.6185
Holdout AUPRC: 0.2458
Holdout PR@10: 0.4000
Holdout Duration: 0.19s
GO:0051310,Unique genes before filter: 696
Unique genes in embed: 464
Holdout performance for /home/exouser/gene-embedding-benchmarks/data/embeddings/intersect/BulkFM-CLS with best C=0.1:
Holdout AUC: 0.6720
Holdout AUPRC: 0.2060
Holdout PR@10: 0.3000
Holdout Duration: 0.03s
GO:0001578,Unique genes before filter: 1048
Unique genes in embed: 715
Holdout performance for /home/exouser/gene-embedding-benchmarks/data/embeddings/intersect/BulkFM-CLS with best C=0.1:
Holdout AUC: 0.4671
Holdout AUPRC: 0.0976
Holdout PR@10: 0.1000
Holdout Duration: 0.06s
GO:0007601,Unique genes before filter: 1677
Unique genes in embed: 1161
Holdout performance for /home/exouser/gene-embedding-benchmarks/data/embeddings/intersect/BulkFM-CLS with best C=0.1:
Holdout AUC: 0.4748
Holdout AUPRC: 0.0976
Holdout PR@10: 0.0000
Holdout Duration: 0.17s
GO:0006400,Unique genes before filter: 784
Unique genes in embed: 551
Holdout performance for /home/exouser/gene-embedding-benchmarks/data/embeddings/intersect/BulkFM-CLS with best C=0.1:
Holdout AUC: 0.7549
Holdout AUPRC: 0.1844
Holdout PR@10: 0.1000
Holdout Duration: 0.04s
GO:0031297,Unique genes before filter: 414
Unique genes in embed: 269
Holdout performance for /home/exouser/gene-embedding-benchmarks/data/embeddings/intersect/BulkFM-CLS with best C=0.1:
Holdout AUC: 0.7314
Holdout AUPRC: 0.3911
Holdout PR@10: 0.3000
Holdout Duration: 0.01s
GO:0008584,Unique genes before filter: 1276
Unique genes in embed: 827
Holdout performance for /home/exouser/gene-embedding-benchmarks/data/embeddings/intersect/BulkFM-CLS with best C=1.0:
Holdout AUC: 0.4986
Holdout AUPRC: 0.0927
Holdout PR@10: 0.1000
Holdout Duration: 0.08s
GO:2000781,Unique genes before filter: 643
Unique genes in embed: 409
Holdout performance for /home/exouser/gene-embedding-benchmarks/data/embeddings/intersect/BulkFM-CLS with best C=0.1:
Holdout AUC: 0.5119
Holdout AUPRC: 0.1068
Holdout PR@10: 0.1000
Holdout Duration: 0.02s
GO:0045814,Unique genes before filter: 1391
Unique genes in embed: 967
Holdout performance for /home/exouser/gene-embedding-benchmarks/data/embeddings/intersect/BulkFM-CLS with best C=10.0:
Holdout AUC: 0.5807
Holdout AUPRC: 0.1000
Holdout PR@10: 0.0000
Holdout Duration: 0.10s
GO:0050731,Unique genes before filter: 1030
Unique genes in embed: 707
Holdout performance for /home/exouser/gene-embedding-benchmarks/data/embeddings/intersect/BulkFM-CLS with best C=0.1:
Holdout AUC: 0.5062
Holdout AUPRC: 0.1198
Holdout PR@10: 0.1000
Holdout Duration: 0.06s
GO:0001666,Unique genes before filter: 1731
Unique genes in embed: 1107
Holdout performance for /home/exouser/gene-embedding-benchmarks/data/embeddings/intersect/BulkFM-CLS with best C=10.0:
Holdout AUC: 0.5069
Holdout AUPRC: 0.1636
Holdout PR@10: 0.3000
Holdout Duration: 0.15s
GO:0034341,Unique genes before filter: 933
Unique genes in embed: 616
Holdout performance for /home/exouser/gene-embedding-benchmarks/data/embeddings/intersect/BulkFM-CLS with best C=0.1:
Holdout AUC: 0.6309
Holdout AUPRC: 0.2600
Holdout PR@10: 0.4000
Holdout Duration: 0.05s
GO:0070555,Unique genes before filter: 880
Unique genes in embed: 574
Holdout performance for /home/exouser/gene-embedding-benchmarks/data/embeddings/intersect/BulkFM-CLS with best C=0.1:
Holdout AUC: 0.6306
Holdout AUPRC: 0.1977
Holdout PR@10: 0.2000
Holdout Duration: 0.05s
GO:0008202,Unique genes before filter: 1702
Unique genes in embed: 1161
Holdout performance for /home/exouser/gene-embedding-benchmarks/data/embeddings/intersect/BulkFM-CLS with best C=0.1:
Holdout AUC: 0.4535
Holdout AUPRC: 0.1050
Holdout PR@10: 0.2000
Holdout Duration: 0.19s
GO:0046034,Unique genes before filter: 968
Unique genes in embed: 649
Holdout performance for /home/exouser/gene-embedding-benchmarks/data/embeddings/intersect/BulkFM-CLS with best C=10.0:
Holdout AUC: 0.5499
Holdout AUPRC: 0.0845
Holdout PR@10: 0.0000
Holdout Duration: 0.05s
GO:0031398,Unique genes before filter: 951
Unique genes in embed: 649
Holdout performance for /home/exouser/gene-embedding-benchmarks/data/embeddings/intersect/BulkFM-CLS with best C=1.0:
Holdout AUC: 0.4122
Holdout AUPRC: 0.0872
Holdout PR@10: 0.0000
Holdout Duration: 0.05s
GO:0006813,Unique genes before filter: 1611
Unique genes in embed: 1120
Holdout performance for /home/exouser/gene-embedding-benchmarks/data/embeddings/intersect/BulkFM-CLS with best C=1.0:
Holdout AUC: 0.5821
Holdout AUPRC: 0.1196
Holdout PR@10: 0.0000
Holdout Duration: 0.13s
GO:0042593,Unique genes before filter: 1658
Unique genes in embed: 1109
Holdout performance for /home/exouser/gene-embedding-benchmarks/data/embeddings/intersect/BulkFM-CLS with best C=0.1:
Holdout AUC: 0.5405
Holdout AUPRC: 0.1217
Holdout PR@10: 0.2000
Holdout Duration: 0.16s
GO:0097190,Unique genes before filter: 1753
Unique genes in embed: 1134
Holdout performance for /home/exouser/gene-embedding-benchmarks/data/embeddings/intersect/BulkFM-CLS with best C=0.1:
Holdout AUC: 0.4760
Holdout AUPRC: 0.1443
Holdout PR@10: 0.2000
Holdout Duration: 0.17s
GO:0097191,Unique genes before filter: 1004
Unique genes in embed: 650
Holdout performance for /home/exouser/gene-embedding-benchmarks/data/embeddings/intersect/BulkFM-CLS with best C=10.0:
Holdout AUC: 0.4534
Holdout AUPRC: 0.0869
Holdout PR@10: 0.1000
Holdout Duration: 0.05s
GO:0001938,Unique genes before filter: 784
Unique genes in embed: 554
Holdout performance for /home/exouser/gene-embedding-benchmarks/data/embeddings/intersect/BulkFM-CLS with best C=0.1:
Holdout AUC: 0.3965
Holdout AUPRC: 0.0712
Holdout PR@10: 0.0000
Holdout Duration: 0.04s
GO:1901224,Unique genes before filter: 537
Unique genes in embed: 373
Holdout performance for /home/exouser/gene-embedding-benchmarks/data/embeddings/intersect/BulkFM-CLS with best C=0.1:
Holdout AUC: 0.6679
Holdout AUPRC: 0.3003
Holdout PR@10: 0.3000
Holdout Duration: 0.02s
GO:0050796,Unique genes before filter: 1514
Unique genes in embed: 1030
Holdout performance for /home/exouser/gene-embedding-benchmarks/data/embeddings/intersect/BulkFM-CLS with best C=0.1:
Holdout AUC: 0.4497
Holdout AUPRC: 0.1063
Holdout PR@10: 0.0000
Holdout Duration: 0.13s
GO:0001649,Unique genes before filter: 1224
Unique genes in embed: 806
Holdout performance for /home/exouser/gene-embedding-benchmarks/data/embeddings/intersect/BulkFM-CLS with best C=0.1:
Holdout AUC: 0.3905
Holdout AUPRC: 0.1403
Holdout PR@10: 0.2000
Holdout Duration: 0.07s
GO:0051865,Unique genes before filter: 608
Unique genes in embed: 411
Holdout performance for /home/exouser/gene-embedding-benchmarks/data/embeddings/intersect/BulkFM-CLS with best C=0.1:
Holdout AUC: 0.5014
Holdout AUPRC: 0.1097
Holdout PR@10: 0.1000
Holdout Duration: 0.02s
GO:0042632,Unique genes before filter: 775
Unique genes in embed: 507
Holdout performance for /home/exouser/gene-embedding-benchmarks/data/embeddings/intersect/BulkFM-CLS with best C=10.0:
Holdout AUC: 0.4701
Holdout AUPRC: 0.0951
Holdout PR@10: 0.0000
Holdout Duration: 0.03s
GO:0000724,Unique genes before filter: 1021
Unique genes in embed: 648
Holdout performance for /home/exouser/gene-embedding-benchmarks/data/embeddings/intersect/BulkFM-CLS with best C=0.1:
Holdout AUC: 0.5139
Holdout AUPRC: 0.1156
Holdout PR@10: 0.1000
Holdout Duration: 0.05s
GO:0050680,Unique genes before filter: 1197
Unique genes in embed: 814
Holdout performance for /home/exouser/gene-embedding-benchmarks/data/embeddings/intersect/BulkFM-CLS with best C=10.0:
Holdout AUC: 0.5161
Holdout AUPRC: 0.1035
Holdout PR@10: 0.0000
Holdout Duration: 0.08s
GO:0061844,Unique genes before filter: 1074
Unique genes in embed: 711
Holdout performance for /home/exouser/gene-embedding-benchmarks/data/embeddings/intersect/BulkFM-CLS with best C=0.1:
Holdout AUC: 0.7120
Holdout AUPRC: 0.1485
Holdout PR@10: 0.1000
Holdout Duration: 0.06s
GO:0006888,Unique genes before filter: 1039
Unique genes in embed: 693
Holdout performance for /home/exouser/gene-embedding-benchmarks/data/embeddings/intersect/BulkFM-CLS with best C=10.0:
Holdout AUC: 0.6124
Holdout AUPRC: 0.1336
Holdout PR@10: 0.1000
Holdout Duration: 0.05s
GO:0000086,Unique genes before filter: 414
Unique genes in embed: 284
Holdout performance for /home/exouser/gene-embedding-benchmarks/data/embeddings/intersect/BulkFM-CLS with best C=1.0:
Holdout AUC: 0.4020
Holdout AUPRC: 0.0946
Holdout PR@10: 0.0000
Holdout Duration: 0.02s
GO:0006693,Unique genes before filter: 344
Unique genes in embed: 226
Holdout performance for /home/exouser/gene-embedding-benchmarks/data/embeddings/intersect/BulkFM-CLS with best C=0.1:
Holdout AUC: 0.6889
Holdout AUPRC: 0.1981
Holdout PR@10: 0.2000
Holdout Duration: 0.01s
GO:0090303,Unique genes before filter: 537
Unique genes in embed: 341
Holdout performance for /home/exouser/gene-embedding-benchmarks/data/embeddings/intersect/BulkFM-CLS with best C=0.1:
Holdout AUC: 0.6286
Holdout AUPRC: 0.2340
Holdout PR@10: 0.3000
Holdout Duration: 0.02s
GO:0007189,Unique genes before filter: 1417
Unique genes in embed: 914
Holdout performance for /home/exouser/gene-embedding-benchmarks/data/embeddings/intersect/BulkFM-CLS with best C=0.1:
Holdout AUC: 0.6315
Holdout AUPRC: 0.1754
Holdout PR@10: 0.1000
Holdout Duration: 0.10s
GO:0001837,Unique genes before filter: 731
Unique genes in embed: 460
Holdout performance for /home/exouser/gene-embedding-benchmarks/data/embeddings/intersect/BulkFM-CLS with best C=1.0:
Holdout AUC: 0.4878
Holdout AUPRC: 0.1379
Holdout PR@10: 0.2000
Holdout Duration: 0.03s
GO:2001244,Unique genes before filter: 528
Unique genes in embed: 351
Holdout performance for /home/exouser/gene-embedding-benchmarks/data/embeddings/intersect/BulkFM-CLS with best C=1.0:
Holdout AUC: 0.6136
Holdout AUPRC: 0.3250
Holdout PR@10: 0.4000
Holdout Duration: 0.02s
GO:0006487,Unique genes before filter: 652
Unique genes in embed: 439
Holdout performance for /home/exouser/gene-embedding-benchmarks/data/embeddings/intersect/BulkFM-CLS with best C=10.0:
Holdout AUC: 0.5314
Holdout AUPRC: 0.1330
Holdout PR@10: 0.1000
Holdout Duration: 0.03s
GO:0006879,Unique genes before filter: 581
Unique genes in embed: 401
Holdout performance for /home/exouser/gene-embedding-benchmarks/data/embeddings/intersect/BulkFM-CLS with best C=0.1:
Holdout AUC: 0.5800
Holdout AUPRC: 0.1340
Holdout PR@10: 0.1000
Holdout Duration: 0.02s
GO:0035987,Unique genes before filter: 405
Unique genes in embed: 266
Holdout performance for /home/exouser/gene-embedding-benchmarks/data/embeddings/intersect/BulkFM-CLS with best C=10.0:
Holdout AUC: 0.9152
Holdout AUPRC: 0.4661
Holdout PR@10: 0.3000
Holdout Duration: 0.01s
Saved fold results to /home/exouser/gene-embedding-benchmarks/results/tsvs/BulkFM-CLS_fold_results.pkl
Saved holdout results to /home/exouser/gene-embedding-benchmarks/results/tsvs/BulkFM-CLS_holdout_results.pkl

=== Step 2b: OMIM benchmark ===
DOID:65,Unique genes before filter: 2409
Unique genes in embed: 1604
Holdout performance for /home/exouser/gene-embedding-benchmarks/data/embeddings/intersect/BulkFM-CLS with best C=0.1:
Holdout AUC: 0.5030
Holdout AUPRC: 0.1204
Holdout PR@10: 0.2000
Holdout Duration: 0.30s
DOID:0050161,Unique genes before filter: 374
Unique genes in embed: 274
Holdout performance for /home/exouser/gene-embedding-benchmarks/data/embeddings/intersect/BulkFM-CLS with best C=0.1:
Holdout AUC: 0.5207
Holdout AUPRC: 0.2720
Holdout PR@10: 0.1000
Holdout Duration: 0.01s
DOID:417,Unique genes before filter: 440
Unique genes in embed: 315
Holdout performance for /home/exouser/gene-embedding-benchmarks/data/embeddings/intersect/BulkFM-CLS with best C=0.1:
Holdout AUC: 0.6280
Holdout AUPRC: 0.2701
Holdout PR@10: 0.2000
Holdout Duration: 0.02s
DOID:612,Unique genes before filter: 1672
Unique genes in embed: 1142
Holdout performance for /home/exouser/gene-embedding-benchmarks/data/embeddings/intersect/BulkFM-CLS with best C=0.1:
Holdout AUC: 0.5978
Holdout AUPRC: 0.1261
Holdout PR@10: 0.0000
Holdout Duration: 0.17s
DOID:0050739,Unique genes before filter: 1943
Unique genes in embed: 1285
Holdout performance for /home/exouser/gene-embedding-benchmarks/data/embeddings/intersect/BulkFM-CLS with best C=10.0:
Holdout AUC: 0.4964
Holdout AUPRC: 0.8164
Holdout PR@10: 0.8000
Holdout Duration: 0.22s
DOID:0050736,Unique genes before filter: 1321
Unique genes in embed: 912
Holdout performance for /home/exouser/gene-embedding-benchmarks/data/embeddings/intersect/BulkFM-CLS with best C=1.0:
Holdout AUC: 0.4691
Holdout AUPRC: 0.6494
Holdout PR@10: 0.7000
Holdout Duration: 0.11s
DOID:0050686,Unique genes before filter: 1551
Unique genes in embed: 1069
Holdout performance for /home/exouser/gene-embedding-benchmarks/data/embeddings/intersect/BulkFM-CLS with best C=10.0:
Holdout AUC: 0.4105
Holdout AUPRC: 0.0784
Holdout PR@10: 0.0000
Holdout Duration: 0.11s
DOID:0050687,Unique genes before filter: 418
Unique genes in embed: 289
Holdout performance for /home/exouser/gene-embedding-benchmarks/data/embeddings/intersect/BulkFM-CLS with best C=0.1:
Holdout AUC: 0.5690
Holdout AUPRC: 0.1116
Holdout PR@10: 0.1000
Holdout Duration: 0.01s
DOID:557,Unique genes before filter: 946
Unique genes in embed: 661
Holdout performance for /home/exouser/gene-embedding-benchmarks/data/embeddings/intersect/BulkFM-CLS with best C=0.1:
Holdout AUC: 0.6280
Holdout AUPRC: 0.1477
Holdout PR@10: 0.2000
Holdout Duration: 0.05s
DOID:305,Unique genes before filter: 319
Unique genes in embed: 220
Holdout performance for /home/exouser/gene-embedding-benchmarks/data/embeddings/intersect/BulkFM-CLS with best C=10.0:
Holdout AUC: 0.2857
Holdout AUPRC: 0.0730
Holdout PR@10: 0.0000
Holdout Duration: 0.01s
DOID:37,Unique genes before filter: 1210
Unique genes in embed: 837
Holdout performance for /home/exouser/gene-embedding-benchmarks/data/embeddings/intersect/BulkFM-CLS with best C=0.1:
Holdout AUC: 0.4411
Holdout AUPRC: 0.0873
Holdout PR@10: 0.0000
Holdout Duration: 0.08s
DOID:936,Unique genes before filter: 2676
Unique genes in embed: 1787
Holdout performance for /home/exouser/gene-embedding-benchmarks/data/embeddings/intersect/BulkFM-CLS with best C=0.1:
Holdout AUC: 0.5917
Holdout AUPRC: 0.1653
Holdout PR@10: 0.3000
Holdout Duration: 0.37s
DOID:114,Unique genes before filter: 1067
Unique genes in embed: 736
Holdout performance for /home/exouser/gene-embedding-benchmarks/data/embeddings/intersect/BulkFM-CLS with best C=0.1:
Holdout AUC: 0.5304
Holdout AUPRC: 0.1252
Holdout PR@10: 0.2000
Holdout Duration: 0.07s
DOID:0060036,Unique genes before filter: 649
Unique genes in embed: 452
Holdout performance for /home/exouser/gene-embedding-benchmarks/data/embeddings/intersect/BulkFM-CLS with best C=0.1:
Holdout AUC: 0.5481
Holdout AUPRC: 0.1324
Holdout PR@10: 0.1000
Holdout Duration: 0.03s
DOID:0050700,Unique genes before filter: 649
Unique genes in embed: 468
Holdout performance for /home/exouser/gene-embedding-benchmarks/data/embeddings/intersect/BulkFM-CLS with best C=0.1:
Holdout AUC: 0.5113
Holdout AUPRC: 0.1212
Holdout PR@10: 0.1000
Holdout Duration: 0.03s
DOID:0050737,Unique genes before filter: 1864
Unique genes in embed: 1209
Holdout performance for /home/exouser/gene-embedding-benchmarks/data/embeddings/intersect/BulkFM-CLS with best C=0.1:
Holdout AUC: 0.4309
Holdout AUPRC: 0.7073
Holdout PR@10: 0.6000
Holdout Duration: 0.19s
DOID:0080009,Unique genes before filter: 385
Unique genes in embed: 274
Holdout performance for /home/exouser/gene-embedding-benchmarks/data/embeddings/intersect/BulkFM-CLS with best C=0.1:
Holdout AUC: 0.6048
Holdout AUPRC: 0.2857
Holdout PR@10: 0.1000
Holdout Duration: 0.01s
DOID:0050735,Unique genes before filter: 604
Unique genes in embed: 432
Holdout performance for /home/exouser/gene-embedding-benchmarks/data/embeddings/intersect/BulkFM-CLS with best C=1.0:
Holdout AUC: 0.4784
Holdout AUPRC: 0.3046
Holdout PR@10: 0.3000
Holdout Duration: 0.03s
DOID:0080001,Unique genes before filter: 1969
Unique genes in embed: 1330
Holdout performance for /home/exouser/gene-embedding-benchmarks/data/embeddings/intersect/BulkFM-CLS with best C=0.1:
Holdout AUC: 0.5346
Holdout AUPRC: 0.1242
Holdout PR@10: 0.2000
Holdout Duration: 0.22s
DOID:0080005,Unique genes before filter: 297
Unique genes in embed: 213
Holdout performance for /home/exouser/gene-embedding-benchmarks/data/embeddings/intersect/BulkFM-CLS with best C=10.0:
Holdout AUC: 0.3000
Holdout AUPRC: 0.1029
Holdout PR@10: 0.1000
Holdout Duration: 0.01s
DOID:2490,Unique genes before filter: 418
Unique genes in embed: 290
Holdout performance for /home/exouser/gene-embedding-benchmarks/data/embeddings/intersect/BulkFM-CLS with best C=1.0:
Holdout AUC: 0.7000
Holdout AUPRC: 0.1603
Holdout PR@10: 0.1000
Holdout Duration: 0.01s
DOID:4961,Unique genes before filter: 242
Unique genes in embed: 184
Holdout performance for /home/exouser/gene-embedding-benchmarks/data/embeddings/intersect/BulkFM-CLS with best C=0.1:
Holdout AUC: 0.2800
Holdout AUPRC: 0.0727
Holdout PR@10: 0.0000
Holdout Duration: 0.01s
DOID:2531,Unique genes before filter: 462
Unique genes in embed: 341
Holdout performance for /home/exouser/gene-embedding-benchmarks/data/embeddings/intersect/BulkFM-CLS with best C=0.1:
Holdout AUC: 0.1714
Holdout AUPRC: 0.0602
Holdout PR@10: 0.0000
Holdout Duration: 0.02s
DOID:1934,Unique genes before filter: 396
Unique genes in embed: 279
Holdout performance for /home/exouser/gene-embedding-benchmarks/data/embeddings/intersect/BulkFM-CLS with best C=10.0:
Holdout AUC: 0.7500
Holdout AUPRC: 0.2072
Holdout PR@10: 0.2000
Holdout Duration: 0.01s
DOID:0080006,Unique genes before filter: 1496
Unique genes in embed: 1033
Holdout performance for /home/exouser/gene-embedding-benchmarks/data/embeddings/intersect/BulkFM-CLS with best C=1.0:
Holdout AUC: 0.5783
Holdout AUPRC: 0.1148
Holdout PR@10: 0.0000
Holdout Duration: 0.10s
DOID:2256,Unique genes before filter: 880
Unique genes in embed: 619
Holdout performance for /home/exouser/gene-embedding-benchmarks/data/embeddings/intersect/BulkFM-CLS with best C=0.1:
Holdout AUC: 0.5765
Holdout AUPRC: 0.1418
Holdout PR@10: 0.1000
Holdout Duration: 0.04s
DOID:0080012,Unique genes before filter: 545
Unique genes in embed: 384
Holdout performance for /home/exouser/gene-embedding-benchmarks/data/embeddings/intersect/BulkFM-CLS with best C=0.1:
Holdout AUC: 0.5292
Holdout AUPRC: 0.2113
Holdout PR@10: 0.2000
Holdout Duration: 0.02s
DOID:231,Unique genes before filter: 506
Unique genes in embed: 360
Holdout performance for /home/exouser/gene-embedding-benchmarks/data/embeddings/intersect/BulkFM-CLS with best C=0.1:
Holdout AUC: 0.3460
Holdout AUPRC: 0.0714
Holdout PR@10: 0.0000
Holdout Duration: 0.02s
DOID:1289,Unique genes before filter: 1958
Unique genes in embed: 1328
Holdout performance for /home/exouser/gene-embedding-benchmarks/data/embeddings/intersect/BulkFM-CLS with best C=10.0:
Holdout AUC: 0.5633
Holdout AUPRC: 0.1165
Holdout PR@10: 0.1000
Holdout Duration: 0.16s
DOID:440,Unique genes before filter: 748
Unique genes in embed: 526
Holdout performance for /home/exouser/gene-embedding-benchmarks/data/embeddings/intersect/BulkFM-CLS with best C=0.1:
Holdout AUC: 0.6260
Holdout AUPRC: 0.1352
Holdout PR@10: 0.1000
Holdout Duration: 0.04s
DOID:0050539,Unique genes before filter: 286
Unique genes in embed: 211
Holdout performance for /home/exouser/gene-embedding-benchmarks/data/embeddings/intersect/BulkFM-CLS with best C=10.0:
Holdout AUC: 0.5990
Holdout AUPRC: 0.1205
Holdout PR@10: 0.0000
Holdout Duration: 0.01s
DOID:10595,Unique genes before filter: 539
Unique genes in embed: 382
Holdout performance for /home/exouser/gene-embedding-benchmarks/data/embeddings/intersect/BulkFM-CLS with best C=0.1:
Holdout AUC: 0.4403
Holdout AUPRC: 0.0816
Holdout PR@10: 0.0000
Holdout Duration: 0.02s
DOID:870,Unique genes before filter: 1111
Unique genes in embed: 781
Holdout performance for /home/exouser/gene-embedding-benchmarks/data/embeddings/intersect/BulkFM-CLS with best C=1.0:
Holdout AUC: 0.5030
Holdout AUPRC: 0.0863
Holdout PR@10: 0.0000
Holdout Duration: 0.07s
DOID:2355,Unique genes before filter: 737
Unique genes in embed: 510
Holdout performance for /home/exouser/gene-embedding-benchmarks/data/embeddings/intersect/BulkFM-CLS with best C=0.1:
Holdout AUC: 0.5450
Holdout AUPRC: 0.1081
Holdout PR@10: 0.0000
Holdout Duration: 0.03s
DOID:12449,Unique genes before filter: 462
Unique genes in embed: 330
Holdout performance for /home/exouser/gene-embedding-benchmarks/data/embeddings/intersect/BulkFM-CLS with best C=1.0:
Holdout AUC: 0.6694
Holdout AUPRC: 0.3400
Holdout PR@10: 0.2000
Holdout Duration: 0.02s
DOID:423,Unique genes before filter: 1188
Unique genes in embed: 815
Holdout performance for /home/exouser/gene-embedding-benchmarks/data/embeddings/intersect/BulkFM-CLS with best C=10.0:
Holdout AUC: 0.6075
Holdout AUPRC: 0.1458
Holdout PR@10: 0.2000
Holdout Duration: 0.07s
DOID:0080000,Unique genes before filter: 1375
Unique genes in embed: 962
Holdout performance for /home/exouser/gene-embedding-benchmarks/data/embeddings/intersect/BulkFM-CLS with best C=1.0:
Holdout AUC: 0.5728
Holdout AUPRC: 0.1168
Holdout PR@10: 0.1000
Holdout Duration: 0.09s
DOID:9884,Unique genes before filter: 561
Unique genes in embed: 394
Holdout performance for /home/exouser/gene-embedding-benchmarks/data/embeddings/intersect/BulkFM-CLS with best C=10.0:
Holdout AUC: 0.5290
Holdout AUPRC: 0.1158
Holdout PR@10: 0.1000
Holdout Duration: 0.02s
DOID:66,Unique genes before filter: 1287
Unique genes in embed: 888
Holdout performance for /home/exouser/gene-embedding-benchmarks/data/embeddings/intersect/BulkFM-CLS with best C=10.0:
Holdout AUC: 0.5610
Holdout AUPRC: 0.1043
Holdout PR@10: 0.0000
Holdout Duration: 0.09s
DOID:2786,Unique genes before filter: 726
Unique genes in embed: 514
Holdout performance for /home/exouser/gene-embedding-benchmarks/data/embeddings/intersect/BulkFM-CLS with best C=0.1:
Holdout AUC: 0.4407
Holdout AUPRC: 0.0846
Holdout PR@10: 0.0000
Holdout Duration: 0.03s
DOID:9799,Unique genes before filter: 1056
Unique genes in embed: 720
Holdout performance for /home/exouser/gene-embedding-benchmarks/data/embeddings/intersect/BulkFM-CLS with best C=10.0:
Holdout AUC: 0.5020
Holdout AUPRC: 0.1130
Holdout PR@10: 0.2000
Holdout Duration: 0.06s
DOID:4448,Unique genes before filter: 286
Unique genes in embed: 195
Holdout performance for /home/exouser/gene-embedding-benchmarks/data/embeddings/intersect/BulkFM-CLS with best C=1.0:
Holdout AUC: 0.5250
Holdout AUPRC: 0.1130
Holdout PR@10: 0.0000
Holdout Duration: 0.01s
DOID:8466,Unique genes before filter: 1045
Unique genes in embed: 735
Holdout performance for /home/exouser/gene-embedding-benchmarks/data/embeddings/intersect/BulkFM-CLS with best C=0.1:
Holdout AUC: 0.6262
Holdout AUPRC: 0.2241
Holdout PR@10: 0.2000
Holdout Duration: 0.07s
DOID:5614,Unique genes before filter: 2508
Unique genes in embed: 1695
Holdout performance for /home/exouser/gene-embedding-benchmarks/data/embeddings/intersect/BulkFM-CLS with best C=0.1:
Holdout AUC: 0.5633
Holdout AUPRC: 0.1054
Holdout PR@10: 0.2000
Holdout Duration: 0.33s
DOID:5679,Unique genes before filter: 1353
Unique genes in embed: 949
Holdout performance for /home/exouser/gene-embedding-benchmarks/data/embeddings/intersect/BulkFM-CLS with best C=1.0:
Holdout AUC: 0.5412
Holdout AUPRC: 0.1183
Holdout PR@10: 0.1000
Holdout Duration: 0.10s
DOID:1091,Unique genes before filter: 242
Unique genes in embed: 155
Holdout performance for /home/exouser/gene-embedding-benchmarks/data/embeddings/intersect/BulkFM-CLS with best C=0.1:
Holdout AUC: 0.5750
Holdout AUPRC: 0.1587
Holdout PR@10: 0.1000
Holdout Duration: 0.01s
DOID:403,Unique genes before filter: 264
Unique genes in embed: 177
Holdout performance for /home/exouser/gene-embedding-benchmarks/data/embeddings/intersect/BulkFM-CLS with best C=0.1:
Holdout AUC: 0.2857
Holdout AUPRC: 0.0736
Holdout PR@10: 0.0000
Holdout Duration: 0.01s
DOID:0060564,Unique genes before filter: 352
Unique genes in embed: 243
Holdout performance for /home/exouser/gene-embedding-benchmarks/data/embeddings/intersect/BulkFM-CLS with best C=1.0:
Holdout AUC: 0.2560
Holdout AUPRC: 0.0703
Holdout PR@10: 0.0000
Holdout Duration: 0.01s
DOID:0050828,Unique genes before filter: 319
Unique genes in embed: 220
Holdout performance for /home/exouser/gene-embedding-benchmarks/data/embeddings/intersect/BulkFM-CLS with best C=0.1:
Holdout AUC: 0.4010
Holdout AUPRC: 0.0812
Holdout PR@10: 0.0000
Holdout Duration: 0.01s
DOID:178,Unique genes before filter: 539
Unique genes in embed: 368
Holdout performance for /home/exouser/gene-embedding-benchmarks/data/embeddings/intersect/BulkFM-CLS with best C=10.0:
Holdout AUC: 0.5190
Holdout AUPRC: 0.1057
Holdout PR@10: 0.0000
Holdout Duration: 0.02s
DOID:0060037,Unique genes before filter: 1980
Unique genes in embed: 1354
Holdout performance for /home/exouser/gene-embedding-benchmarks/data/embeddings/intersect/BulkFM-CLS with best C=0.1:
Holdout AUC: 0.4440
Holdout AUPRC: 0.0784
Holdout PR@10: 0.0000
Holdout Duration: 0.21s
DOID:0060309,Unique genes before filter: 396
Unique genes in embed: 283
Holdout performance for /home/exouser/gene-embedding-benchmarks/data/embeddings/intersect/BulkFM-CLS with best C=0.1:
Holdout AUC: 0.4066
Holdout AUPRC: 0.0822
Holdout PR@10: 0.0000
Holdout Duration: 0.01s
DOID:1059,Unique genes before filter: 1914
Unique genes in embed: 1296
Holdout performance for /home/exouser/gene-embedding-benchmarks/data/embeddings/intersect/BulkFM-CLS with best C=0.1:
Holdout AUC: 0.5094
Holdout AUPRC: 0.0980
Holdout PR@10: 0.1000
Holdout Duration: 0.20s
DOID:0060038,Unique genes before filter: 1980
Unique genes in embed: 1349
Holdout performance for /home/exouser/gene-embedding-benchmarks/data/embeddings/intersect/BulkFM-CLS with best C=1.0:
Holdout AUC: 0.5116
Holdout AUPRC: 0.1055
Holdout PR@10: 0.0000
Holdout Duration: 0.17s
DOID:0050888,Unique genes before filter: 462
Unique genes in embed: 331
Holdout performance for /home/exouser/gene-embedding-benchmarks/data/embeddings/intersect/BulkFM-CLS with best C=10.0:
Holdout AUC: 0.6463
Holdout AUPRC: 0.1309
Holdout PR@10: 0.0000
Holdout Duration: 0.02s
DOID:10273,Unique genes before filter: 253
Unique genes in embed: 178
Holdout performance for /home/exouser/gene-embedding-benchmarks/data/embeddings/intersect/BulkFM-CLS with best C=10.0:
Holdout AUC: 0.5054
Holdout AUPRC: 0.1157
Holdout PR@10: 0.1000
Holdout Duration: 0.01s
DOID:0050753,Unique genes before filter: 726
Unique genes in embed: 506
Holdout performance for /home/exouser/gene-embedding-benchmarks/data/embeddings/intersect/BulkFM-CLS with best C=0.1:
Holdout AUC: 0.5128
Holdout AUPRC: 0.0915
Holdout PR@10: 0.0000
Holdout Duration: 0.03s
DOID:0050951,Unique genes before filter: 825
Unique genes in embed: 586
Holdout performance for /home/exouser/gene-embedding-benchmarks/data/embeddings/intersect/BulkFM-CLS with best C=0.1:
Holdout AUC: 0.5618
Holdout AUPRC: 0.1230
Holdout PR@10: 0.1000
Holdout Duration: 0.04s
DOID:0050950,Unique genes before filter: 363
Unique genes in embed: 263
Holdout performance for /home/exouser/gene-embedding-benchmarks/data/embeddings/intersect/BulkFM-CLS with best C=10.0:
Holdout AUC: 0.2917
Holdout AUPRC: 0.0761
Holdout PR@10: 0.0000
Holdout Duration: 0.01s
DOID:2277,Unique genes before filter: 737
Unique genes in embed: 516
Holdout performance for /home/exouser/gene-embedding-benchmarks/data/embeddings/intersect/BulkFM-CLS with best C=0.1:
Holdout AUC: 0.6418
Holdout AUPRC: 0.1551
Holdout PR@10: 0.2000
Holdout Duration: 0.03s
DOID:1923,Unique genes before filter: 242
Unique genes in embed: 179
Holdout performance for /home/exouser/gene-embedding-benchmarks/data/embeddings/intersect/BulkFM-CLS with best C=1.0:
Holdout AUC: 0.6989
Holdout AUPRC: 0.4107
Holdout PR@10: 0.2000
Holdout Duration: 0.01s
DOID:1441,Unique genes before filter: 396
Unique genes in embed: 281
Holdout performance for /home/exouser/gene-embedding-benchmarks/data/embeddings/intersect/BulkFM-CLS with best C=0.1:
Holdout AUC: 0.3906
Holdout AUPRC: 0.0875
Holdout PR@10: 0.1000
Holdout Duration: 0.01s
DOID:607,Unique genes before filter: 638
Unique genes in embed: 434
Holdout performance for /home/exouser/gene-embedding-benchmarks/data/embeddings/intersect/BulkFM-CLS with best C=10.0:
Holdout AUC: 0.4113
Holdout AUPRC: 0.0777
Holdout PR@10: 0.0000
Holdout Duration: 0.03s
DOID:2476,Unique genes before filter: 638
Unique genes in embed: 453
Holdout performance for /home/exouser/gene-embedding-benchmarks/data/embeddings/intersect/BulkFM-CLS with best C=0.1:
Holdout AUC: 0.5698
Holdout AUPRC: 0.1118
Holdout PR@10: 0.0000
Holdout Duration: 0.03s
DOID:0080578,Unique genes before filter: 385
Unique genes in embed: 263
Holdout performance for /home/exouser/gene-embedding-benchmarks/data/embeddings/intersect/BulkFM-CLS with best C=10.0:
Holdout AUC: 0.4866
Holdout AUPRC: 0.0933
Holdout PR@10: 0.0000
Holdout Duration: 0.01s
DOID:627,Unique genes before filter: 209
Unique genes in embed: 145
Holdout performance for /home/exouser/gene-embedding-benchmarks/data/embeddings/intersect/BulkFM-CLS with best C=0.1:
Holdout AUC: 0.4688
Holdout AUPRC: 0.1119
Holdout PR@10: 0.1000
Holdout Duration: 0.01s
DOID:0111962,Unique genes before filter: 484
Unique genes in embed: 337
Holdout performance for /home/exouser/gene-embedding-benchmarks/data/embeddings/intersect/BulkFM-CLS with best C=1.0:
Holdout AUC: 0.4609
Holdout AUPRC: 0.0917
Holdout PR@10: 0.0000
Holdout Duration: 0.02s
DOID:2115,Unique genes before filter: 308
Unique genes in embed: 216
Holdout performance for /home/exouser/gene-embedding-benchmarks/data/embeddings/intersect/BulkFM-CLS with best C=0.1:
Holdout AUC: 0.3320
Holdout AUPRC: 0.0789
Holdout PR@10: 0.0000
Holdout Duration: 0.01s
DOID:2583,Unique genes before filter: 220
Unique genes in embed: 161
Holdout performance for /home/exouser/gene-embedding-benchmarks/data/embeddings/intersect/BulkFM-CLS with best C=0.1:
Holdout AUC: 0.4000
Holdout AUPRC: 0.1081
Holdout PR@10: 0.1000
Holdout Duration: 0.01s
DOID:0081337,Unique genes before filter: 330
Unique genes in embed: 234
Holdout performance for /home/exouser/gene-embedding-benchmarks/data/embeddings/intersect/BulkFM-CLS with best C=0.1:
Holdout AUC: 0.5115
Holdout AUPRC: 0.1074
Holdout PR@10: 0.1000
Holdout Duration: 0.01s
DOID:1247,Unique genes before filter: 462
Unique genes in embed: 347
Holdout performance for /home/exouser/gene-embedding-benchmarks/data/embeddings/intersect/BulkFM-CLS with best C=0.1:
Holdout AUC: 0.7011
Holdout AUPRC: 0.2233
Holdout PR@10: 0.3000
Holdout Duration: 0.02s
DOID:0060340,Unique genes before filter: 469
Unique genes in embed: 319
Holdout performance for /home/exouser/gene-embedding-benchmarks/data/embeddings/intersect/BulkFM-CLS with best C=0.1:
Holdout AUC: 0.5000
Holdout AUPRC: 0.1872
Holdout PR@10: 0.2000
Holdout Duration: 0.02s
DOID:0050777,Unique genes before filter: 275
Unique genes in embed: 204
Holdout performance for /home/exouser/gene-embedding-benchmarks/data/embeddings/intersect/BulkFM-CLS with best C=0.1:
Holdout AUC: 0.3625
Holdout AUPRC: 0.0860
Holdout PR@10: 0.0000
Holdout Duration: 0.01s
DOID:1826,Unique genes before filter: 1408
Unique genes in embed: 971
Holdout performance for /home/exouser/gene-embedding-benchmarks/data/embeddings/intersect/BulkFM-CLS with best C=1.0:
Holdout AUC: 0.5221
Holdout AUPRC: 0.1276
Holdout PR@10: 0.2000
Holdout Duration: 0.10s
DOID:0050563,Unique genes before filter: 1144
Unique genes in embed: 800
Holdout performance for /home/exouser/gene-embedding-benchmarks/data/embeddings/intersect/BulkFM-CLS with best C=0.1:
Holdout AUC: 0.6427
Holdout AUPRC: 0.2039
Holdout PR@10: 0.4000
Holdout Duration: 0.08s
DOID:0050564,Unique genes before filter: 450
Unique genes in embed: 322
Holdout performance for /home/exouser/gene-embedding-benchmarks/data/embeddings/intersect/BulkFM-CLS with best C=1.0:
Holdout AUC: 0.3667
Holdout AUPRC: 0.0799
Holdout PR@10: 0.0000
Holdout Duration: 0.01s
DOID:2742,Unique genes before filter: 1144
Unique genes in embed: 811
Holdout performance for /home/exouser/gene-embedding-benchmarks/data/embeddings/intersect/BulkFM-CLS with best C=10.0:
Holdout AUC: 0.5568
Holdout AUPRC: 0.1128
Holdout PR@10: 0.0000
Holdout Duration: 0.07s
DOID:10579,Unique genes before filter: 407
Unique genes in embed: 290
Holdout performance for /home/exouser/gene-embedding-benchmarks/data/embeddings/intersect/BulkFM-CLS with best C=0.1:
Holdout AUC: 0.5259
Holdout AUPRC: 0.1083
Holdout PR@10: 0.0000
Holdout Duration: 0.01s
DOID:1443,Unique genes before filter: 451
Unique genes in embed: 313
Holdout performance for /home/exouser/gene-embedding-benchmarks/data/embeddings/intersect/BulkFM-CLS with best C=10.0:
Holdout AUC: 0.5965
Holdout AUPRC: 0.1417
Holdout PR@10: 0.2000
Holdout Duration: 0.02s
DOID:0112202,Unique genes before filter: 1012
Unique genes in embed: 715
Holdout performance for /home/exouser/gene-embedding-benchmarks/data/embeddings/intersect/BulkFM-CLS with best C=0.1:
Holdout AUC: 0.5256
Holdout AUPRC: 0.0952
Holdout PR@10: 0.0000
Holdout Duration: 0.06s
DOID:0050701,Unique genes before filter: 1232
Unique genes in embed: 868
Holdout performance for /home/exouser/gene-embedding-benchmarks/data/embeddings/intersect/BulkFM-CLS with best C=0.1:
Holdout AUC: 0.5401
Holdout AUPRC: 0.0960
Holdout PR@10: 0.0000
Holdout Duration: 0.09s
DOID:0060307,Unique genes before filter: 478
Unique genes in embed: 329
Holdout performance for /home/exouser/gene-embedding-benchmarks/data/embeddings/intersect/BulkFM-CLS with best C=0.1:
Holdout AUC: 0.5993
Holdout AUPRC: 0.2749
Holdout PR@10: 0.2000
Holdout Duration: 0.02s
DOID:0111910,Unique genes before filter: 671
Unique genes in embed: 459
Holdout performance for /home/exouser/gene-embedding-benchmarks/data/embeddings/intersect/BulkFM-CLS with best C=0.1:
Holdout AUC: 0.5188
Holdout AUPRC: 0.1233
Holdout PR@10: 0.1000
Holdout Duration: 0.02s
DOID:48,Unique genes before filter: 847
Unique genes in embed: 580
Holdout performance for /home/exouser/gene-embedding-benchmarks/data/embeddings/intersect/BulkFM-CLS with best C=0.1:
Holdout AUC: 0.6327
Holdout AUPRC: 0.2241
Holdout PR@10: 0.3000
Holdout Duration: 0.04s
DOID:12336,Unique genes before filter: 682
Unique genes in embed: 470
Holdout performance for /home/exouser/gene-embedding-benchmarks/data/embeddings/intersect/BulkFM-CLS with best C=0.1:
Holdout AUC: 0.7969
Holdout AUPRC: 0.2440
Holdout PR@10: 0.2000
Holdout Duration: 0.03s
DOID:5212,Unique genes before filter: 418
Unique genes in embed: 293
Holdout performance for /home/exouser/gene-embedding-benchmarks/data/embeddings/intersect/BulkFM-CLS with best C=0.1:
Holdout AUC: 0.6483
Holdout AUPRC: 0.1206
Holdout PR@10: 0.0000
Holdout Duration: 0.01s
DOID:110,Unique genes before filter: 363
Unique genes in embed: 270
Holdout performance for /home/exouser/gene-embedding-benchmarks/data/embeddings/intersect/BulkFM-CLS with best C=0.1:
Holdout AUC: 0.3021
Holdout AUPRC: 0.0691
Holdout PR@10: 0.0000
Holdout Duration: 0.01s
DOID:83,Unique genes before filter: 341
Unique genes in embed: 252
Holdout performance for /home/exouser/gene-embedding-benchmarks/data/embeddings/intersect/BulkFM-CLS with best C=0.1:
Holdout AUC: 0.4247
Holdout AUPRC: 0.0983
Holdout PR@10: 0.1000
Holdout Duration: 0.01s
DOID:0060308,Unique genes before filter: 475
Unique genes in embed: 326
Holdout performance for /home/exouser/gene-embedding-benchmarks/data/embeddings/intersect/BulkFM-CLS with best C=0.1:
Holdout AUC: 0.5702
Holdout AUPRC: 0.1425
Holdout PR@10: 0.1000
Holdout Duration: 0.02s
DOID:0050776,Unique genes before filter: 220
Unique genes in embed: 167
Holdout performance for /home/exouser/gene-embedding-benchmarks/data/embeddings/intersect/BulkFM-CLS with best C=10.0:
Holdout AUC: 0.2875
Holdout AUPRC: 0.0762
Holdout PR@10: 0.0000
Holdout Duration: 0.01s
DOID:0050889,Unique genes before filter: 220
Unique genes in embed: 158
Holdout performance for /home/exouser/gene-embedding-benchmarks/data/embeddings/intersect/BulkFM-CLS with best C=0.1:
Holdout AUC: 0.1562
Holdout AUPRC: 0.0658
Holdout PR@10: 0.0000
Holdout Duration: 0.01s
DOID:0050565,Unique genes before filter: 464
Unique genes in embed: 324
Holdout performance for /home/exouser/gene-embedding-benchmarks/data/embeddings/intersect/BulkFM-CLS with best C=0.1:
Holdout AUC: 0.6448
Holdout AUPRC: 0.3784
Holdout PR@10: 0.3000
Holdout Duration: 0.02s
DOID:9562,Unique genes before filter: 418
Unique genes in embed: 290
Holdout performance for /home/exouser/gene-embedding-benchmarks/data/embeddings/intersect/BulkFM-CLS with best C=0.1:
Holdout AUC: 0.5320
Holdout AUPRC: 0.1250
Holdout PR@10: 0.1000
Holdout Duration: 0.01s
DOID:10584,Unique genes before filter: 671
Unique genes in embed: 473
Holdout performance for /home/exouser/gene-embedding-benchmarks/data/embeddings/intersect/BulkFM-CLS with best C=0.1:
Holdout AUC: 0.6510
Holdout AUPRC: 0.1286
Holdout PR@10: 0.0000
Holdout Duration: 0.03s
DOID:5295,Unique genes before filter: 462
Unique genes in embed: 314
Holdout performance for /home/exouser/gene-embedding-benchmarks/data/embeddings/intersect/BulkFM-CLS with best C=1.0:
Holdout AUC: 0.2877
Holdout AUPRC: 0.0674
Holdout PR@10: 0.0000
Holdout Duration: 0.02s
DOID:3119,Unique genes before filter: 451
Unique genes in embed: 328
Holdout performance for /home/exouser/gene-embedding-benchmarks/data/embeddings/intersect/BulkFM-CLS with best C=0.1:
Holdout AUC: 0.5038
Holdout AUPRC: 0.1018
Holdout PR@10: 0.1000
Holdout Duration: 0.02s
DOID:229,Unique genes before filter: 308
Unique genes in embed: 215
Holdout performance for /home/exouser/gene-embedding-benchmarks/data/embeddings/intersect/BulkFM-CLS with best C=0.1:
Holdout AUC: 0.8600
Holdout AUPRC: 0.5521
Holdout PR@10: 0.2000
Holdout Duration: 0.01s
DOID:1100,Unique genes before filter: 253
Unique genes in embed: 180
Holdout performance for /home/exouser/gene-embedding-benchmarks/data/embeddings/intersect/BulkFM-CLS with best C=10.0:
Holdout AUC: 0.5563
Holdout AUPRC: 0.1267
Holdout PR@10: 0.1000
Holdout Duration: 0.01s
DOID:12930,Unique genes before filter: 385
Unique genes in embed: 261
Holdout performance for /home/exouser/gene-embedding-benchmarks/data/embeddings/intersect/BulkFM-CLS with best C=0.1:
Holdout AUC: 0.7621
Holdout AUPRC: 0.1880
Holdout PR@10: 0.2000
Holdout Duration: 0.01s
DOID:1342,Unique genes before filter: 363
Unique genes in embed: 256
Holdout performance for /home/exouser/gene-embedding-benchmarks/data/embeddings/intersect/BulkFM-CLS with best C=10.0:
Holdout AUC: 0.6370
Holdout AUPRC: 0.3053
Holdout PR@10: 0.1000
Holdout Duration: 0.01s
DOID:9256,Unique genes before filter: 253
Unique genes in embed: 184
Holdout performance for /home/exouser/gene-embedding-benchmarks/data/embeddings/intersect/BulkFM-CLS with best C=0.1:
Holdout AUC: 0.4524
Holdout AUPRC: 0.0934
Holdout PR@10: 0.0000
Holdout Duration: 0.01s
DOID:10155,Unique genes before filter: 253
Unique genes in embed: 176
Holdout performance for /home/exouser/gene-embedding-benchmarks/data/embeddings/intersect/BulkFM-CLS with best C=10.0:
Holdout AUC: 0.5595
Holdout AUPRC: 0.1225
Holdout PR@10: 0.0000
Holdout Duration: 0.01s
DOID:5672,Unique genes before filter: 253
Unique genes in embed: 179
Holdout performance for /home/exouser/gene-embedding-benchmarks/data/embeddings/intersect/BulkFM-CLS with best C=1.0:
Holdout AUC: 0.2619
Holdout AUPRC: 0.0706
Holdout PR@10: 0.0000
Holdout Duration: 0.01s
Saved fold results to /home/exouser/gene-embedding-benchmarks/results/tsvs/BulkFM-CLS_fold_results.pkl
Saved holdout results to /home/exouser/gene-embedding-benchmarks/results/tsvs/BulkFM-CLS_holdout_results.pkl

=== Step 3: Gene-pair benchmarks (parallel) ===
  Pair: ng
  Pair: sl
  Pair: tf
  Pair: pombe
Processing 'BulkFM-CLS' | Operation: sum
Original positives: 2124, Filtered positives: 733
Fold 0: train=4106, outer=1053
Fold 1: train=4244, outer=947
Fold 2: train=3937, outer=1089

Results:
   fold  best_C  inner_AUC  inner_AUPRC  inner_PR@10  inner_time  outer_AUC  outer_AUPRC  outer_PR@10  outer_time  orig_pos_pairs  filtered_pos_pairs
      0      10   0.347840     0.073045     0.000000    1.391925   0.508444     0.020777          0.0    0.171784          2124.0               733.0
      1      10   0.545901     0.085016     0.033333    0.653247   0.400959     0.040382          0.0    0.118626          2124.0               733.0
      2      10   0.474693     0.031120     0.000000    0.532639   0.283821     0.101304          0.0    0.141703          2124.0               733.0
average      10   0.456145     0.063061     0.011111    0.859270   0.397741     0.054155          0.0    0.144038          2124.0               733.0

Saved to /home/exouser/gene-embedding-benchmarks/results/tsvs/BulkFM-CLS_sum_intersected_sl.csv
Processing 'BulkFM-CLS' | Operation: sum
Original positives: 5966, Filtered positives: 2535
Fold 0: train=11261, outer=2845
Fold 1: train=11287, outer=2725
Fold 2: train=11252, outer=2795

Results:
   fold  best_C  inner_AUC  inner_AUPRC  inner_PR@10  inner_time  outer_AUC  outer_AUPRC  outer_PR@10  outer_time  orig_pos_pairs  filtered_pos_pairs
      0     0.1   0.548469     0.111066     0.133333   14.635639   0.414890     0.092089     0.000000    4.476483          5966.0              2535.0
      1   100.0   0.492964     0.104992     0.066667   12.820628   0.435669     0.067382     0.100000    2.556263          5966.0              2535.0
      2     0.1   0.440932     0.092462     0.133333   13.346127   0.470811     0.096462     0.000000    4.537724          5966.0              2535.0
average     0.1   0.494122     0.102840     0.111111   13.600798   0.440457     0.085311     0.033333    3.856824          5966.0              2535.0

Saved to /home/exouser/gene-embedding-benchmarks/results/tsvs/BulkFM-CLS_sum_intersected_pombe.csv
Processing 'BulkFM-CLS' | Operation: sum
Original positives: 10568, Filtered positives: 4927
Fold 0: train=19502, outer=5184
Fold 1: train=20791, outer=4637
Fold 2: train=19508, outer=5110

Results:
   fold  best_C  inner_AUC  inner_AUPRC  inner_PR@10  inner_time  outer_AUC  outer_AUPRC  outer_PR@10  outer_time  orig_pos_pairs  filtered_pos_pairs
      0       1   0.651643     0.244406     0.633333   66.230896   0.421149     0.107036     0.200000    7.092663         10568.0              4927.0
      1     100   0.468840     0.167354     0.566667  124.679307   0.608630     0.109991     0.200000    6.228558         10568.0              4927.0
      2      10   0.552963     0.190076     0.833333   74.498901   0.605032     0.221035     0.700000    6.486142         10568.0              4927.0
average       1   0.557815     0.200612     0.677778   88.469701   0.544937     0.146020     0.366667    6.602454         10568.0              4927.0

Saved to /home/exouser/gene-embedding-benchmarks/results/tsvs/BulkFM-CLS_sum_intersected_ng.csv
Processing 'BulkFM-CLS' | Operation: sum
Original positives: 10000, Filtered positives: 4818
Fold 0: train=19498, outer=5202
Fold 1: train=20268, outer=4999
Fold 2: train=20222, outer=4932

Results:
   fold  best_C  inner_AUC  inner_AUPRC  inner_PR@10  inner_time  outer_AUC  outer_AUPRC  outer_PR@10  outer_time  orig_pos_pairs  filtered_pos_pairs
      0     100   0.550969     0.124608     0.100000   80.084177   0.502348     0.114894          0.1    6.672618         10000.0              4818.0
      1     100   0.534202     0.125276     0.100000   94.104552   0.450546     0.094342          0.2    6.252858         10000.0              4818.0
      2     100   0.443947     0.095115     0.000000  110.431730   0.464577     0.106024          0.0    5.892277         10000.0              4818.0
average     100   0.509706     0.115000     0.066667   94.873486   0.472490     0.105087          0.1    6.272584         10000.0              4818.0

Saved to /home/exouser/gene-embedding-benchmarks/results/tsvs/BulkFM-CLS_sum_intersected_tf.csv

=== Step 4: Append results to results/gene_benchmark_results.csv ===
  GO: 0.5496
  OMIM: 0.5117
  ng: 0.5449372052344872
  sl: 0.39774125423719003
  tf: 0.4724903278548293
  pombe: 0.44045689359138324
  Appended to /home/exouser/BulkFM/results/gene_benchmark_results.csv

==============================================
  Pipeline complete for BulkFM-CLS

  Results:
    GO:    /home/exouser/gene-embedding-benchmarks/results/tsvs/BulkFM-CLS_holdout_results_go.pkl
    OMIM:  /home/exouser/gene-embedding-benchmarks/results/tsvs/BulkFM-CLS_holdout_results.pkl
    NG:    /home/exouser/gene-embedding-benchmarks/results/tsvs/BulkFM-CLS_sum_intersected_ng.csv
    SL:    /home/exouser/gene-embedding-benchmarks/results/tsvs/BulkFM-CLS_sum_intersected_sl.csv
    TF:    /home/exouser/gene-embedding-benchmarks/results/tsvs/BulkFM-CLS_sum_intersected_tf.csv
    pombe: /home/exouser/gene-embedding-benchmarks/results/tsvs/BulkFM-CLS_sum_intersected_pombe.csv
  Logs:   /home/exouser/BulkFM/results/logs/20260801_000413_BulkFM-CLS_*.log
==============================================
==============================================
  BulkFM Benchmark Pipeline
  Checkpoint: checkpoints/train_20260730_223417_local/best_model.pt
  Output:     BulkFM-CLS-CONT-15
  Extraction: table
==============================================

=== Step 1: Extract and prepare embeddings ===
  Embeddings already exist, skipping extraction

=== Step 2a: GO benchmark ===
GO:0006325,Unique genes before filter: 2263
Unique genes in embed: 1445
Holdout performance for /home/exouser/gene-embedding-benchmarks/data/embeddings/intersect/BulkFM-CLS-CONT-15 with best C=10.0:
Holdout AUC: 0.4736
Holdout AUPRC: 0.2621
Holdout PR@10: 0.5000
Holdout Duration: 0.30s
GO:0006402,Unique genes before filter: 1030
Unique genes in embed: 689
Holdout performance for /home/exouser/gene-embedding-benchmarks/data/embeddings/intersect/BulkFM-CLS-CONT-15 with best C=0.1:
Holdout AUC: 0.5237
Holdout AUPRC: 0.1117
Holdout PR@10: 0.1000
Holdout Duration: 0.06s
GO:0000381,Unique genes before filter: 493
Unique genes in embed: 344
Holdout performance for /home/exouser/gene-embedding-benchmarks/data/embeddings/intersect/BulkFM-CLS-CONT-15 with best C=10.0:
Holdout AUC: 0.3707
Holdout AUPRC: 0.0717
Holdout PR@10: 0.0000
Holdout Duration: 0.02s
GO:0045089,Unique genes before filter: 1727
Unique genes in embed: 1109
Holdout performance for /home/exouser/gene-embedding-benchmarks/data/embeddings/intersect/BulkFM-CLS-CONT-15 with best C=10.0:
Holdout AUC: 0.4714
Holdout AUPRC: 0.1232
Holdout PR@10: 0.2000
Holdout Duration: 0.15s
GO:0043488,Unique genes before filter: 1417
Unique genes in embed: 969
Holdout performance for /home/exouser/gene-embedding-benchmarks/data/embeddings/intersect/BulkFM-CLS-CONT-15 with best C=0.1:
Holdout AUC: 0.5299
Holdout AUPRC: 0.0854
Holdout PR@10: 0.0000
Holdout Duration: 0.11s
GO:0045787,Unique genes before filter: 1769
Unique genes in embed: 1168
Holdout performance for /home/exouser/gene-embedding-benchmarks/data/embeddings/intersect/BulkFM-CLS-CONT-15 with best C=0.1:
Holdout AUC: 0.5008
Holdout AUPRC: 0.1561
Holdout PR@10: 0.2000
Holdout Duration: 0.18s
GO:0050890,Unique genes before filter: 1761
Unique genes in embed: 1254
Holdout performance for /home/exouser/gene-embedding-benchmarks/data/embeddings/intersect/BulkFM-CLS-CONT-15 with best C=10.0:
Holdout AUC: 0.5207
Holdout AUPRC: 0.1162
Holdout PR@10: 0.0000
Holdout Duration: 0.20s
GO:0007399,Unique genes before filter: 2700
Unique genes in embed: 1802
Holdout performance for /home/exouser/gene-embedding-benchmarks/data/embeddings/intersect/BulkFM-CLS-CONT-15 with best C=0.1:
Holdout AUC: 0.4806
Holdout AUPRC: 0.4617
Holdout PR@10: 0.6000
Holdout Duration: 0.47s
GO:0060828,Unique genes before filter: 1704
Unique genes in embed: 1089
Holdout performance for /home/exouser/gene-embedding-benchmarks/data/embeddings/intersect/BulkFM-CLS-CONT-15 with best C=0.1:
Holdout AUC: 0.4420
Holdout AUPRC: 0.0988
Holdout PR@10: 0.1000
Holdout Duration: 0.16s
GO:0006493,Unique genes before filter: 863
Unique genes in embed: 573
Holdout performance for /home/exouser/gene-embedding-benchmarks/data/embeddings/intersect/BulkFM-CLS-CONT-15 with best C=0.1:
Holdout AUC: 0.4448
Holdout AUPRC: 0.0863
Holdout PR@10: 0.0000
Holdout Duration: 0.04s
GO:0007605,Unique genes before filter: 1444
Unique genes in embed: 968
Holdout performance for /home/exouser/gene-embedding-benchmarks/data/embeddings/intersect/BulkFM-CLS-CONT-15 with best C=10.0:
Holdout AUC: 0.4543
Holdout AUPRC: 0.0733
Holdout PR@10: 0.0000
Holdout Duration: 0.10s
GO:0016236,Unique genes before filter: 1668
Unique genes in embed: 1071
Holdout performance for /home/exouser/gene-embedding-benchmarks/data/embeddings/intersect/BulkFM-CLS-CONT-15 with best C=0.1:
Holdout AUC: 0.4498
Holdout AUPRC: 0.0887
Holdout PR@10: 0.1000
Holdout Duration: 0.15s
GO:0010506,Unique genes before filter: 1764
Unique genes in embed: 1157
Holdout performance for /home/exouser/gene-embedding-benchmarks/data/embeddings/intersect/BulkFM-CLS-CONT-15 with best C=0.1:
Holdout AUC: 0.4961
Holdout AUPRC: 0.1556
Holdout PR@10: 0.1000
Holdout Duration: 0.18s
GO:0042476,Unique genes before filter: 1039
Unique genes in embed: 696
Holdout performance for /home/exouser/gene-embedding-benchmarks/data/embeddings/intersect/BulkFM-CLS-CONT-15 with best C=10.0:
Holdout AUC: 0.4399
Holdout AUPRC: 0.1604
Holdout PR@10: 0.3000
Holdout Duration: 0.06s
GO:0050679,Unique genes before filter: 1657
Unique genes in embed: 1143
Holdout performance for /home/exouser/gene-embedding-benchmarks/data/embeddings/intersect/BulkFM-CLS-CONT-15 with best C=1.0:
Holdout AUC: 0.3694
Holdout AUPRC: 0.0859
Holdout PR@10: 0.2000
Holdout Duration: 0.15s
GO:0006631,Unique genes before filter: 1752
Unique genes in embed: 1204
Holdout performance for /home/exouser/gene-embedding-benchmarks/data/embeddings/intersect/BulkFM-CLS-CONT-15 with best C=1.0:
Holdout AUC: 0.5118
Holdout AUPRC: 0.1287
Holdout PR@10: 0.0000
Holdout Duration: 0.17s
GO:0007283,Unique genes before filter: 1984
Unique genes in embed: 1243
Holdout performance for /home/exouser/gene-embedding-benchmarks/data/embeddings/intersect/BulkFM-CLS-CONT-15 with best C=10.0:
Holdout AUC: 0.4920
Holdout AUPRC: 0.2067
Holdout PR@10: 0.3000
Holdout Duration: 0.22s
GO:0001654,Unique genes before filter: 1820
Unique genes in embed: 1200
Holdout performance for /home/exouser/gene-embedding-benchmarks/data/embeddings/intersect/BulkFM-CLS-CONT-15 with best C=10.0:
Holdout AUC: 0.5384
Holdout AUPRC: 0.1938
Holdout PR@10: 0.4000
Holdout Duration: 0.21s
GO:0051310,Unique genes before filter: 696
Unique genes in embed: 464
Holdout performance for /home/exouser/gene-embedding-benchmarks/data/embeddings/intersect/BulkFM-CLS-CONT-15 with best C=0.1:
Holdout AUC: 0.3327
Holdout AUPRC: 0.0956
Holdout PR@10: 0.1000
Holdout Duration: 0.03s
GO:0001578,Unique genes before filter: 1048
Unique genes in embed: 715
Holdout performance for /home/exouser/gene-embedding-benchmarks/data/embeddings/intersect/BulkFM-CLS-CONT-15 with best C=0.1:
Holdout AUC: 0.5325
Holdout AUPRC: 0.1098
Holdout PR@10: 0.1000
Holdout Duration: 0.07s
GO:0007601,Unique genes before filter: 1677
Unique genes in embed: 1161
Holdout performance for /home/exouser/gene-embedding-benchmarks/data/embeddings/intersect/BulkFM-CLS-CONT-15 with best C=0.1:
Holdout AUC: 0.5466
Holdout AUPRC: 0.1348
Holdout PR@10: 0.1000
Holdout Duration: 0.16s
GO:0006400,Unique genes before filter: 784
Unique genes in embed: 551
Holdout performance for /home/exouser/gene-embedding-benchmarks/data/embeddings/intersect/BulkFM-CLS-CONT-15 with best C=1.0:
Holdout AUC: 0.5566
Holdout AUPRC: 0.1026
Holdout PR@10: 0.1000
Holdout Duration: 0.04s
GO:0031297,Unique genes before filter: 414
Unique genes in embed: 269
Holdout performance for /home/exouser/gene-embedding-benchmarks/data/embeddings/intersect/BulkFM-CLS-CONT-15 with best C=10.0:
Holdout AUC: 0.4171
Holdout AUPRC: 0.0658
Holdout PR@10: 0.0000
Holdout Duration: 0.01s
GO:0008584,Unique genes before filter: 1276
Unique genes in embed: 827
Holdout performance for /home/exouser/gene-embedding-benchmarks/data/embeddings/intersect/BulkFM-CLS-CONT-15 with best C=10.0:
Holdout AUC: 0.5740
Holdout AUPRC: 0.1122
Holdout PR@10: 0.0000
Holdout Duration: 0.08s
GO:2000781,Unique genes before filter: 643
Unique genes in embed: 409
Holdout performance for /home/exouser/gene-embedding-benchmarks/data/embeddings/intersect/BulkFM-CLS-CONT-15 with best C=10.0:
Holdout AUC: 0.5748
Holdout AUPRC: 0.1628
Holdout PR@10: 0.2000
Holdout Duration: 0.02s
GO:0045814,Unique genes before filter: 1391
Unique genes in embed: 967
Holdout performance for /home/exouser/gene-embedding-benchmarks/data/embeddings/intersect/BulkFM-CLS-CONT-15 with best C=1.0:
Holdout AUC: 0.3165
Holdout AUPRC: 0.0570
Holdout PR@10: 0.0000
Holdout Duration: 0.10s
GO:0050731,Unique genes before filter: 1030
Unique genes in embed: 707
Holdout performance for /home/exouser/gene-embedding-benchmarks/data/embeddings/intersect/BulkFM-CLS-CONT-15 with best C=10.0:
Holdout AUC: 0.4352
Holdout AUPRC: 0.0940
Holdout PR@10: 0.1000
Holdout Duration: 0.06s
GO:0001666,Unique genes before filter: 1731
Unique genes in embed: 1107
Holdout performance for /home/exouser/gene-embedding-benchmarks/data/embeddings/intersect/BulkFM-CLS-CONT-15 with best C=1.0:
Holdout AUC: 0.5004
Holdout AUPRC: 0.1246
Holdout PR@10: 0.0000
Holdout Duration: 0.17s
GO:0034341,Unique genes before filter: 933
Unique genes in embed: 616
Holdout performance for /home/exouser/gene-embedding-benchmarks/data/embeddings/intersect/BulkFM-CLS-CONT-15 with best C=10.0:
Holdout AUC: 0.5420
Holdout AUPRC: 0.2332
Holdout PR@10: 0.2000
Holdout Duration: 0.04s
GO:0070555,Unique genes before filter: 880
Unique genes in embed: 574
Holdout performance for /home/exouser/gene-embedding-benchmarks/data/embeddings/intersect/BulkFM-CLS-CONT-15 with best C=0.1:
Holdout AUC: 0.5425
Holdout AUPRC: 0.1849
Holdout PR@10: 0.4000
Holdout Duration: 0.04s
GO:0008202,Unique genes before filter: 1702
Unique genes in embed: 1161
Holdout performance for /home/exouser/gene-embedding-benchmarks/data/embeddings/intersect/BulkFM-CLS-CONT-15 with best C=0.1:
Holdout AUC: 0.5908
Holdout AUPRC: 0.1262
Holdout PR@10: 0.0000
Holdout Duration: 0.18s
GO:0046034,Unique genes before filter: 968
Unique genes in embed: 649
Holdout performance for /home/exouser/gene-embedding-benchmarks/data/embeddings/intersect/BulkFM-CLS-CONT-15 with best C=0.1:
Holdout AUC: 0.4413
Holdout AUPRC: 0.0668
Holdout PR@10: 0.0000
Holdout Duration: 0.05s
GO:0031398,Unique genes before filter: 951
Unique genes in embed: 649
Holdout performance for /home/exouser/gene-embedding-benchmarks/data/embeddings/intersect/BulkFM-CLS-CONT-15 with best C=0.1:
Holdout AUC: 0.5607
Holdout AUPRC: 0.1992
Holdout PR@10: 0.3000
Holdout Duration: 0.06s
GO:0006813,Unique genes before filter: 1611
Unique genes in embed: 1120
Holdout performance for /home/exouser/gene-embedding-benchmarks/data/embeddings/intersect/BulkFM-CLS-CONT-15 with best C=1.0:
Holdout AUC: 0.4414
Holdout AUPRC: 0.0872
Holdout PR@10: 0.0000
Holdout Duration: 0.13s
GO:0042593,Unique genes before filter: 1658
Unique genes in embed: 1109
Holdout performance for /home/exouser/gene-embedding-benchmarks/data/embeddings/intersect/BulkFM-CLS-CONT-15 with best C=10.0:
Holdout AUC: 0.4990
Holdout AUPRC: 0.1203
Holdout PR@10: 0.2000
Holdout Duration: 0.15s
GO:0097190,Unique genes before filter: 1753
Unique genes in embed: 1134
Holdout performance for /home/exouser/gene-embedding-benchmarks/data/embeddings/intersect/BulkFM-CLS-CONT-15 with best C=0.1:
Holdout AUC: 0.5607
Holdout AUPRC: 0.1603
Holdout PR@10: 0.1000
Holdout Duration: 0.17s
GO:0097191,Unique genes before filter: 1004
Unique genes in embed: 650
Holdout performance for /home/exouser/gene-embedding-benchmarks/data/embeddings/intersect/BulkFM-CLS-CONT-15 with best C=10.0:
Holdout AUC: 0.6102
Holdout AUPRC: 0.1254
Holdout PR@10: 0.1000
Holdout Duration: 0.05s
GO:0001938,Unique genes before filter: 784
Unique genes in embed: 554
Holdout performance for /home/exouser/gene-embedding-benchmarks/data/embeddings/intersect/BulkFM-CLS-CONT-15 with best C=0.1:
Holdout AUC: 0.5439
Holdout AUPRC: 0.1256
Holdout PR@10: 0.1000
Holdout Duration: 0.04s
GO:1901224,Unique genes before filter: 537
Unique genes in embed: 373
Holdout performance for /home/exouser/gene-embedding-benchmarks/data/embeddings/intersect/BulkFM-CLS-CONT-15 with best C=1.0:
Holdout AUC: 0.5000
Holdout AUPRC: 0.1613
Holdout PR@10: 0.1000
Holdout Duration: 0.02s
GO:0050796,Unique genes before filter: 1514
Unique genes in embed: 1030
Holdout performance for /home/exouser/gene-embedding-benchmarks/data/embeddings/intersect/BulkFM-CLS-CONT-15 with best C=1.0:
Holdout AUC: 0.5103
Holdout AUPRC: 0.1224
Holdout PR@10: 0.0000
Holdout Duration: 0.12s
GO:0001649,Unique genes before filter: 1224
Unique genes in embed: 806
Holdout performance for /home/exouser/gene-embedding-benchmarks/data/embeddings/intersect/BulkFM-CLS-CONT-15 with best C=10.0:
Holdout AUC: 0.5020
Holdout AUPRC: 0.0791
Holdout PR@10: 0.0000
Holdout Duration: 0.08s
GO:0051865,Unique genes before filter: 608
Unique genes in embed: 411
Holdout performance for /home/exouser/gene-embedding-benchmarks/data/embeddings/intersect/BulkFM-CLS-CONT-15 with best C=0.1:
Holdout AUC: 0.3509
Holdout AUPRC: 0.0677
Holdout PR@10: 0.0000
Holdout Duration: 0.02s
GO:0042632,Unique genes before filter: 775
Unique genes in embed: 507
Holdout performance for /home/exouser/gene-embedding-benchmarks/data/embeddings/intersect/BulkFM-CLS-CONT-15 with best C=0.1:
Holdout AUC: 0.4601
Holdout AUPRC: 0.0883
Holdout PR@10: 0.0000
Holdout Duration: 0.04s
GO:0000724,Unique genes before filter: 1021
Unique genes in embed: 648
Holdout performance for /home/exouser/gene-embedding-benchmarks/data/embeddings/intersect/BulkFM-CLS-CONT-15 with best C=0.1:
Holdout AUC: 0.4337
Holdout AUPRC: 0.0738
Holdout PR@10: 0.0000
Holdout Duration: 0.06s
GO:0050680,Unique genes before filter: 1197
Unique genes in embed: 814
Holdout performance for /home/exouser/gene-embedding-benchmarks/data/embeddings/intersect/BulkFM-CLS-CONT-15 with best C=0.1:
Holdout AUC: 0.5802
Holdout AUPRC: 0.1682
Holdout PR@10: 0.1000
Holdout Duration: 0.09s
GO:0061844,Unique genes before filter: 1074
Unique genes in embed: 711
Holdout performance for /home/exouser/gene-embedding-benchmarks/data/embeddings/intersect/BulkFM-CLS-CONT-15 with best C=0.1:
Holdout AUC: 0.4510
Holdout AUPRC: 0.0728
Holdout PR@10: 0.0000
Holdout Duration: 0.06s
GO:0006888,Unique genes before filter: 1039
Unique genes in embed: 693
Holdout performance for /home/exouser/gene-embedding-benchmarks/data/embeddings/intersect/BulkFM-CLS-CONT-15 with best C=1.0:
Holdout AUC: 0.5725
Holdout AUPRC: 0.0850
Holdout PR@10: 0.0000
Holdout Duration: 0.06s
GO:0000086,Unique genes before filter: 414
Unique genes in embed: 284
Holdout performance for /home/exouser/gene-embedding-benchmarks/data/embeddings/intersect/BulkFM-CLS-CONT-15 with best C=10.0:
Holdout AUC: 0.5997
Holdout AUPRC: 0.1337
Holdout PR@10: 0.0000
Holdout Duration: 0.02s
GO:0006693,Unique genes before filter: 344
Unique genes in embed: 226
Holdout performance for /home/exouser/gene-embedding-benchmarks/data/embeddings/intersect/BulkFM-CLS-CONT-15 with best C=0.1:
Holdout AUC: 0.5185
Holdout AUPRC: 0.1653
Holdout PR@10: 0.2000
Holdout Duration: 0.01s
GO:0090303,Unique genes before filter: 537
Unique genes in embed: 341
Holdout performance for /home/exouser/gene-embedding-benchmarks/data/embeddings/intersect/BulkFM-CLS-CONT-15 with best C=0.1:
Holdout AUC: 0.2428
Holdout AUPRC: 0.0883
Holdout PR@10: 0.0000
Holdout Duration: 0.02s
GO:0007189,Unique genes before filter: 1417
Unique genes in embed: 914
Holdout performance for /home/exouser/gene-embedding-benchmarks/data/embeddings/intersect/BulkFM-CLS-CONT-15 with best C=0.1:
Holdout AUC: 0.5373
Holdout AUPRC: 0.1128
Holdout PR@10: 0.1000
Holdout Duration: 0.10s
GO:0001837,Unique genes before filter: 731
Unique genes in embed: 460
Holdout performance for /home/exouser/gene-embedding-benchmarks/data/embeddings/intersect/BulkFM-CLS-CONT-15 with best C=0.1:
Holdout AUC: 0.4545
Holdout AUPRC: 0.1264
Holdout PR@10: 0.1000
Holdout Duration: 0.03s
GO:2001244,Unique genes before filter: 528
Unique genes in embed: 351
Holdout performance for /home/exouser/gene-embedding-benchmarks/data/embeddings/intersect/BulkFM-CLS-CONT-15 with best C=0.1:
Holdout AUC: 0.5790
Holdout AUPRC: 0.2889
Holdout PR@10: 0.4000
Holdout Duration: 0.02s
GO:0006487,Unique genes before filter: 652
Unique genes in embed: 439
Holdout performance for /home/exouser/gene-embedding-benchmarks/data/embeddings/intersect/BulkFM-CLS-CONT-15 with best C=0.1:
Holdout AUC: 0.4752
Holdout AUPRC: 0.0974
Holdout PR@10: 0.1000
Holdout Duration: 0.03s
GO:0006879,Unique genes before filter: 581
Unique genes in embed: 401
Holdout performance for /home/exouser/gene-embedding-benchmarks/data/embeddings/intersect/BulkFM-CLS-CONT-15 with best C=10.0:
Holdout AUC: 0.5367
Holdout AUPRC: 0.1169
Holdout PR@10: 0.0000
Holdout Duration: 0.02s
GO:0035987,Unique genes before filter: 405
Unique genes in embed: 266
Holdout performance for /home/exouser/gene-embedding-benchmarks/data/embeddings/intersect/BulkFM-CLS-CONT-15 with best C=0.1:
Holdout AUC: 0.4455
Holdout AUPRC: 0.1232
Holdout PR@10: 0.1000
Holdout Duration: 0.01s
Saved fold results to /home/exouser/gene-embedding-benchmarks/results/tsvs/BulkFM-CLS-CONT-15_fold_results.pkl
Saved holdout results to /home/exouser/gene-embedding-benchmarks/results/tsvs/BulkFM-CLS-CONT-15_holdout_results.pkl

=== Step 2b: OMIM benchmark ===
DOID:65,Unique genes before filter: 2409
Unique genes in embed: 1604
Holdout performance for /home/exouser/gene-embedding-benchmarks/data/embeddings/intersect/BulkFM-CLS-CONT-15 with best C=0.1:
Holdout AUC: 0.5356
Holdout AUPRC: 0.1092
Holdout PR@10: 0.1000
Holdout Duration: 0.30s
DOID:0050161,Unique genes before filter: 374
Unique genes in embed: 274
Holdout performance for /home/exouser/gene-embedding-benchmarks/data/embeddings/intersect/BulkFM-CLS-CONT-15 with best C=0.1:
Holdout AUC: 0.3828
Holdout AUPRC: 0.0767
Holdout PR@10: 0.0000
Holdout Duration: 0.01s
DOID:417,Unique genes before filter: 440
Unique genes in embed: 315
Holdout performance for /home/exouser/gene-embedding-benchmarks/data/embeddings/intersect/BulkFM-CLS-CONT-15 with best C=10.0:
Holdout AUC: 0.3994
Holdout AUPRC: 0.0828
Holdout PR@10: 0.0000
Holdout Duration: 0.02s
DOID:612,Unique genes before filter: 1672
Unique genes in embed: 1142
Holdout performance for /home/exouser/gene-embedding-benchmarks/data/embeddings/intersect/BulkFM-CLS-CONT-15 with best C=1.0:
Holdout AUC: 0.6096
Holdout AUPRC: 0.1377
Holdout PR@10: 0.1000
Holdout Duration: 0.15s
DOID:0050739,Unique genes before filter: 1943
Unique genes in embed: 1285
Holdout performance for /home/exouser/gene-embedding-benchmarks/data/embeddings/intersect/BulkFM-CLS-CONT-15 with best C=1.0:
Holdout AUC: 0.5147
Holdout AUPRC: 0.8222
Holdout PR@10: 0.8000
Holdout Duration: 0.21s
DOID:0050736,Unique genes before filter: 1321
Unique genes in embed: 912
Holdout performance for /home/exouser/gene-embedding-benchmarks/data/embeddings/intersect/BulkFM-CLS-CONT-15 with best C=10.0:
Holdout AUC: 0.4461
Holdout AUPRC: 0.6508
Holdout PR@10: 0.6000
Holdout Duration: 0.11s
DOID:0050686,Unique genes before filter: 1551
Unique genes in embed: 1069
Holdout performance for /home/exouser/gene-embedding-benchmarks/data/embeddings/intersect/BulkFM-CLS-CONT-15 with best C=0.1:
Holdout AUC: 0.4090
Holdout AUPRC: 0.0746
Holdout PR@10: 0.0000
Holdout Duration: 0.12s
DOID:0050687,Unique genes before filter: 418
Unique genes in embed: 289
Holdout performance for /home/exouser/gene-embedding-benchmarks/data/embeddings/intersect/BulkFM-CLS-CONT-15 with best C=0.1:
Holdout AUC: 0.4379
Holdout AUPRC: 0.0839
Holdout PR@10: 0.0000
Holdout Duration: 0.01s
DOID:557,Unique genes before filter: 946
Unique genes in embed: 661
Holdout performance for /home/exouser/gene-embedding-benchmarks/data/embeddings/intersect/BulkFM-CLS-CONT-15 with best C=0.1:
Holdout AUC: 0.5017
Holdout AUPRC: 0.0984
Holdout PR@10: 0.0000
Holdout Duration: 0.05s
DOID:305,Unique genes before filter: 319
Unique genes in embed: 220
Holdout performance for /home/exouser/gene-embedding-benchmarks/data/embeddings/intersect/BulkFM-CLS-CONT-15 with best C=0.1:
Holdout AUC: 0.7262
Holdout AUPRC: 0.2305
Holdout PR@10: 0.2000
Holdout Duration: 0.01s
DOID:37,Unique genes before filter: 1210
Unique genes in embed: 837
Holdout performance for /home/exouser/gene-embedding-benchmarks/data/embeddings/intersect/BulkFM-CLS-CONT-15 with best C=1.0:
Holdout AUC: 0.5030
Holdout AUPRC: 0.0896
Holdout PR@10: 0.0000
Holdout Duration: 0.08s
DOID:936,Unique genes before filter: 2676
Unique genes in embed: 1787
Holdout performance for /home/exouser/gene-embedding-benchmarks/data/embeddings/intersect/BulkFM-CLS-CONT-15 with best C=0.1:
Holdout AUC: 0.4769
Holdout AUPRC: 0.1087
Holdout PR@10: 0.1000
Holdout Duration: 0.37s
DOID:114,Unique genes before filter: 1067
Unique genes in embed: 736
Holdout performance for /home/exouser/gene-embedding-benchmarks/data/embeddings/intersect/BulkFM-CLS-CONT-15 with best C=0.1:
Holdout AUC: 0.5294
Holdout AUPRC: 0.0991
Holdout PR@10: 0.1000
Holdout Duration: 0.06s
DOID:0060036,Unique genes before filter: 649
Unique genes in embed: 452
Holdout performance for /home/exouser/gene-embedding-benchmarks/data/embeddings/intersect/BulkFM-CLS-CONT-15 with best C=10.0:
Holdout AUC: 0.5170
Holdout AUPRC: 0.1292
Holdout PR@10: 0.1000
Holdout Duration: 0.03s
DOID:0050700,Unique genes before filter: 649
Unique genes in embed: 468
Holdout performance for /home/exouser/gene-embedding-benchmarks/data/embeddings/intersect/BulkFM-CLS-CONT-15 with best C=1.0:
Holdout AUC: 0.3255
Holdout AUPRC: 0.0660
Holdout PR@10: 0.0000
Holdout Duration: 0.03s
DOID:0050737,Unique genes before filter: 1864
Unique genes in embed: 1209
Holdout performance for /home/exouser/gene-embedding-benchmarks/data/embeddings/intersect/BulkFM-CLS-CONT-15 with best C=0.1:
Holdout AUC: 0.5154
Holdout AUPRC: 0.7496
Holdout PR@10: 0.8000
Holdout Duration: 0.17s
DOID:0080009,Unique genes before filter: 385
Unique genes in embed: 274
Holdout performance for /home/exouser/gene-embedding-benchmarks/data/embeddings/intersect/BulkFM-CLS-CONT-15 with best C=0.1:
Holdout AUC: 0.6909
Holdout AUPRC: 0.1537
Holdout PR@10: 0.1000
Holdout Duration: 0.01s
DOID:0050735,Unique genes before filter: 604
Unique genes in embed: 432
Holdout performance for /home/exouser/gene-embedding-benchmarks/data/embeddings/intersect/BulkFM-CLS-CONT-15 with best C=10.0:
Holdout AUC: 0.5047
Holdout AUPRC: 0.2916
Holdout PR@10: 0.3000
Holdout Duration: 0.03s
DOID:0080001,Unique genes before filter: 1969
Unique genes in embed: 1330
Holdout performance for /home/exouser/gene-embedding-benchmarks/data/embeddings/intersect/BulkFM-CLS-CONT-15 with best C=10.0:
Holdout AUC: 0.5184
Holdout AUPRC: 0.0998
Holdout PR@10: 0.0000
Holdout Duration: 0.18s
DOID:0080005,Unique genes before filter: 297
Unique genes in embed: 213
Holdout performance for /home/exouser/gene-embedding-benchmarks/data/embeddings/intersect/BulkFM-CLS-CONT-15 with best C=10.0:
Holdout AUC: 0.6500
Holdout AUPRC: 0.1935
Holdout PR@10: 0.2000
Holdout Duration: 0.01s
DOID:2490,Unique genes before filter: 418
Unique genes in embed: 290
Holdout performance for /home/exouser/gene-embedding-benchmarks/data/embeddings/intersect/BulkFM-CLS-CONT-15 with best C=1.0:
Holdout AUC: 0.2111
Holdout AUPRC: 0.0642
Holdout PR@10: 0.0000
Holdout Duration: 0.01s
DOID:4961,Unique genes before filter: 242
Unique genes in embed: 184
Holdout performance for /home/exouser/gene-embedding-benchmarks/data/embeddings/intersect/BulkFM-CLS-CONT-15 with best C=0.1:
Holdout AUC: 0.5680
Holdout AUPRC: 0.1625
Holdout PR@10: 0.1000
Holdout Duration: 0.01s
DOID:2531,Unique genes before filter: 462
Unique genes in embed: 341
Holdout performance for /home/exouser/gene-embedding-benchmarks/data/embeddings/intersect/BulkFM-CLS-CONT-15 with best C=0.1:
Holdout AUC: 0.4816
Holdout AUPRC: 0.1017
Holdout PR@10: 0.1000
Holdout Duration: 0.02s
DOID:1934,Unique genes before filter: 396
Unique genes in embed: 279
Holdout performance for /home/exouser/gene-embedding-benchmarks/data/embeddings/intersect/BulkFM-CLS-CONT-15 with best C=0.1:
Holdout AUC: 0.4818
Holdout AUPRC: 0.0935
Holdout PR@10: 0.0000
Holdout Duration: 0.01s
DOID:0080006,Unique genes before filter: 1496
Unique genes in embed: 1033
Holdout performance for /home/exouser/gene-embedding-benchmarks/data/embeddings/intersect/BulkFM-CLS-CONT-15 with best C=1.0:
Holdout AUC: 0.5757
Holdout AUPRC: 0.1449
Holdout PR@10: 0.1000
Holdout Duration: 0.11s
DOID:2256,Unique genes before filter: 880
Unique genes in embed: 619
Holdout performance for /home/exouser/gene-embedding-benchmarks/data/embeddings/intersect/BulkFM-CLS-CONT-15 with best C=0.1:
Holdout AUC: 0.5751
Holdout AUPRC: 0.1143
Holdout PR@10: 0.0000
Holdout Duration: 0.04s
DOID:0080012,Unique genes before filter: 545
Unique genes in embed: 384
Holdout performance for /home/exouser/gene-embedding-benchmarks/data/embeddings/intersect/BulkFM-CLS-CONT-15 with best C=10.0:
Holdout AUC: 0.3918
Holdout AUPRC: 0.1676
Holdout PR@10: 0.1000
Holdout Duration: 0.02s
DOID:231,Unique genes before filter: 506
Unique genes in embed: 360
Holdout performance for /home/exouser/gene-embedding-benchmarks/data/embeddings/intersect/BulkFM-CLS-CONT-15 with best C=0.1:
Holdout AUC: 0.6111
Holdout AUPRC: 0.1933
Holdout PR@10: 0.3000
Holdout Duration: 0.02s
DOID:1289,Unique genes before filter: 1958
Unique genes in embed: 1328
Holdout performance for /home/exouser/gene-embedding-benchmarks/data/embeddings/intersect/BulkFM-CLS-CONT-15 with best C=10.0:
Holdout AUC: 0.5127
Holdout AUPRC: 0.1247
Holdout PR@10: 0.1000
Holdout Duration: 0.16s
DOID:440,Unique genes before filter: 748
Unique genes in embed: 526
Holdout performance for /home/exouser/gene-embedding-benchmarks/data/embeddings/intersect/BulkFM-CLS-CONT-15 with best C=0.1:
Holdout AUC: 0.6000
Holdout AUPRC: 0.1768
Holdout PR@10: 0.2000
Holdout Duration: 0.04s
DOID:0050539,Unique genes before filter: 286
Unique genes in embed: 211
Holdout performance for /home/exouser/gene-embedding-benchmarks/data/embeddings/intersect/BulkFM-CLS-CONT-15 with best C=0.1:
Holdout AUC: 0.5677
Holdout AUPRC: 0.1094
Holdout PR@10: 0.0000
Holdout Duration: 0.01s
DOID:10595,Unique genes before filter: 539
Unique genes in embed: 382
Holdout performance for /home/exouser/gene-embedding-benchmarks/data/embeddings/intersect/BulkFM-CLS-CONT-15 with best C=1.0:
Holdout AUC: 0.6136
Holdout AUPRC: 0.1139
Holdout PR@10: 0.0000
Holdout Duration: 0.02s
DOID:870,Unique genes before filter: 1111
Unique genes in embed: 781
Holdout performance for /home/exouser/gene-embedding-benchmarks/data/embeddings/intersect/BulkFM-CLS-CONT-15 with best C=1.0:
Holdout AUC: 0.5403
Holdout AUPRC: 0.1136
Holdout PR@10: 0.1000
Holdout Duration: 0.07s
DOID:2355,Unique genes before filter: 737
Unique genes in embed: 510
Holdout performance for /home/exouser/gene-embedding-benchmarks/data/embeddings/intersect/BulkFM-CLS-CONT-15 with best C=0.1:
Holdout AUC: 0.4220
Holdout AUPRC: 0.0818
Holdout PR@10: 0.0000
Holdout Duration: 0.03s
DOID:12449,Unique genes before filter: 462
Unique genes in embed: 330
Holdout performance for /home/exouser/gene-embedding-benchmarks/data/embeddings/intersect/BulkFM-CLS-CONT-15 with best C=1.0:
Holdout AUC: 0.4301
Holdout AUPRC: 0.0844
Holdout PR@10: 0.0000
Holdout Duration: 0.02s
DOID:423,Unique genes before filter: 1188
Unique genes in embed: 815
Holdout performance for /home/exouser/gene-embedding-benchmarks/data/embeddings/intersect/BulkFM-CLS-CONT-15 with best C=10.0:
Holdout AUC: 0.4576
Holdout AUPRC: 0.0927
Holdout PR@10: 0.1000
Holdout Duration: 0.07s
DOID:0080000,Unique genes before filter: 1375
Unique genes in embed: 962
Holdout performance for /home/exouser/gene-embedding-benchmarks/data/embeddings/intersect/BulkFM-CLS-CONT-15 with best C=10.0:
Holdout AUC: 0.4931
Holdout AUPRC: 0.0977
Holdout PR@10: 0.1000
Holdout Duration: 0.09s
DOID:9884,Unique genes before filter: 561
Unique genes in embed: 394
Holdout performance for /home/exouser/gene-embedding-benchmarks/data/embeddings/intersect/BulkFM-CLS-CONT-15 with best C=0.1:
Holdout AUC: 0.4672
Holdout AUPRC: 0.0987
Holdout PR@10: 0.1000
Holdout Duration: 0.02s
DOID:66,Unique genes before filter: 1287
Unique genes in embed: 888
Holdout performance for /home/exouser/gene-embedding-benchmarks/data/embeddings/intersect/BulkFM-CLS-CONT-15 with best C=10.0:
Holdout AUC: 0.5181
Holdout AUPRC: 0.0952
Holdout PR@10: 0.0000
Holdout Duration: 0.08s
DOID:2786,Unique genes before filter: 726
Unique genes in embed: 514
Holdout performance for /home/exouser/gene-embedding-benchmarks/data/embeddings/intersect/BulkFM-CLS-CONT-15 with best C=10.0:
Holdout AUC: 0.3753
Holdout AUPRC: 0.0767
Holdout PR@10: 0.0000
Holdout Duration: 0.03s
DOID:9799,Unique genes before filter: 1056
Unique genes in embed: 720
Holdout performance for /home/exouser/gene-embedding-benchmarks/data/embeddings/intersect/BulkFM-CLS-CONT-15 with best C=10.0:
Holdout AUC: 0.6042
Holdout AUPRC: 0.1946
Holdout PR@10: 0.2000
Holdout Duration: 0.06s
DOID:4448,Unique genes before filter: 286
Unique genes in embed: 195
Holdout performance for /home/exouser/gene-embedding-benchmarks/data/embeddings/intersect/BulkFM-CLS-CONT-15 with best C=0.1:
Holdout AUC: 0.9000
Holdout AUPRC: 0.3930
Holdout PR@10: 0.3000
Holdout Duration: 0.01s
DOID:8466,Unique genes before filter: 1045
Unique genes in embed: 735
Holdout performance for /home/exouser/gene-embedding-benchmarks/data/embeddings/intersect/BulkFM-CLS-CONT-15 with best C=0.1:
Holdout AUC: 0.4941
Holdout AUPRC: 0.1104
Holdout PR@10: 0.1000
Holdout Duration: 0.07s
DOID:5614,Unique genes before filter: 2508
Unique genes in embed: 1695
Holdout performance for /home/exouser/gene-embedding-benchmarks/data/embeddings/intersect/BulkFM-CLS-CONT-15 with best C=1.0:
Holdout AUC: 0.5049
Holdout AUPRC: 0.0889
Holdout PR@10: 0.0000
Holdout Duration: 0.28s
DOID:5679,Unique genes before filter: 1353
Unique genes in embed: 949
Holdout performance for /home/exouser/gene-embedding-benchmarks/data/embeddings/intersect/BulkFM-CLS-CONT-15 with best C=10.0:
Holdout AUC: 0.5095
Holdout AUPRC: 0.0952
Holdout PR@10: 0.0000
Holdout Duration: 0.09s
DOID:1091,Unique genes before filter: 242
Unique genes in embed: 155
Holdout performance for /home/exouser/gene-embedding-benchmarks/data/embeddings/intersect/BulkFM-CLS-CONT-15 with best C=10.0:
Holdout AUC: 0.3375
Holdout AUPRC: 0.0829
Holdout PR@10: 0.0000
Holdout Duration: 0.01s
DOID:403,Unique genes before filter: 264
Unique genes in embed: 177
Holdout performance for /home/exouser/gene-embedding-benchmarks/data/embeddings/intersect/BulkFM-CLS-CONT-15 with best C=0.1:
Holdout AUC: 0.2679
Holdout AUPRC: 0.0732
Holdout PR@10: 0.0000
Holdout Duration: 0.01s
DOID:0060564,Unique genes before filter: 352
Unique genes in embed: 243
Holdout performance for /home/exouser/gene-embedding-benchmarks/data/embeddings/intersect/BulkFM-CLS-CONT-15 with best C=10.0:
Holdout AUC: 0.7619
Holdout AUPRC: 0.2531
Holdout PR@10: 0.2000
Holdout Duration: 0.01s
DOID:0050828,Unique genes before filter: 319
Unique genes in embed: 220
Holdout performance for /home/exouser/gene-embedding-benchmarks/data/embeddings/intersect/BulkFM-CLS-CONT-15 with best C=0.1:
Holdout AUC: 0.6146
Holdout AUPRC: 0.1642
Holdout PR@10: 0.2000
Holdout Duration: 0.01s
DOID:178,Unique genes before filter: 539
Unique genes in embed: 368
Holdout performance for /home/exouser/gene-embedding-benchmarks/data/embeddings/intersect/BulkFM-CLS-CONT-15 with best C=1.0:
Holdout AUC: 0.5759
Holdout AUPRC: 0.1689
Holdout PR@10: 0.1000
Holdout Duration: 0.02s
DOID:0060037,Unique genes before filter: 1980
Unique genes in embed: 1354
Holdout performance for /home/exouser/gene-embedding-benchmarks/data/embeddings/intersect/BulkFM-CLS-CONT-15 with best C=0.1:
Holdout AUC: 0.4358
Holdout AUPRC: 0.0836
Holdout PR@10: 0.0000
Holdout Duration: 0.21s
DOID:0060309,Unique genes before filter: 396
Unique genes in embed: 283
Holdout performance for /home/exouser/gene-embedding-benchmarks/data/embeddings/intersect/BulkFM-CLS-CONT-15 with best C=0.1:
Holdout AUC: 0.4141
Holdout AUPRC: 0.2418
Holdout PR@10: 0.1000
Holdout Duration: 0.01s
DOID:1059,Unique genes before filter: 1914
Unique genes in embed: 1296
Holdout performance for /home/exouser/gene-embedding-benchmarks/data/embeddings/intersect/BulkFM-CLS-CONT-15 with best C=0.1:
Holdout AUC: 0.5031
Holdout AUPRC: 0.0901
Holdout PR@10: 0.0000
Holdout Duration: 0.21s
DOID:0060038,Unique genes before filter: 1980
Unique genes in embed: 1349
Holdout performance for /home/exouser/gene-embedding-benchmarks/data/embeddings/intersect/BulkFM-CLS-CONT-15 with best C=0.1:
Holdout AUC: 0.4373
Holdout AUPRC: 0.0809
Holdout PR@10: 0.0000
Holdout Duration: 0.20s
DOID:0050888,Unique genes before filter: 462
Unique genes in embed: 331
Holdout performance for /home/exouser/gene-embedding-benchmarks/data/embeddings/intersect/BulkFM-CLS-CONT-15 with best C=0.1:
Holdout AUC: 0.5686
Holdout AUPRC: 0.1085
Holdout PR@10: 0.0000
Holdout Duration: 0.02s
DOID:10273,Unique genes before filter: 253
Unique genes in embed: 178
Holdout performance for /home/exouser/gene-embedding-benchmarks/data/embeddings/intersect/BulkFM-CLS-CONT-15 with best C=10.0:
Holdout AUC: 0.5707
Holdout AUPRC: 0.1117
Holdout PR@10: 0.0000
Holdout Duration: 0.01s
DOID:0050753,Unique genes before filter: 726
Unique genes in embed: 506
Holdout performance for /home/exouser/gene-embedding-benchmarks/data/embeddings/intersect/BulkFM-CLS-CONT-15 with best C=1.0:
Holdout AUC: 0.4773
Holdout AUPRC: 0.0847
Holdout PR@10: 0.0000
Holdout Duration: 0.03s
DOID:0050951,Unique genes before filter: 825
Unique genes in embed: 586
Holdout performance for /home/exouser/gene-embedding-benchmarks/data/embeddings/intersect/BulkFM-CLS-CONT-15 with best C=1.0:
Holdout AUC: 0.3529
Holdout AUPRC: 0.1164
Holdout PR@10: 0.1000
Holdout Duration: 0.04s
DOID:0050950,Unique genes before filter: 363
Unique genes in embed: 263
Holdout performance for /home/exouser/gene-embedding-benchmarks/data/embeddings/intersect/BulkFM-CLS-CONT-15 with best C=10.0:
Holdout AUC: 0.4405
Holdout AUPRC: 0.1014
Holdout PR@10: 0.1000
Holdout Duration: 0.01s
DOID:2277,Unique genes before filter: 737
Unique genes in embed: 516
Holdout performance for /home/exouser/gene-embedding-benchmarks/data/embeddings/intersect/BulkFM-CLS-CONT-15 with best C=10.0:
Holdout AUC: 0.4237
Holdout AUPRC: 0.0761
Holdout PR@10: 0.0000
Holdout Duration: 0.03s
DOID:1923,Unique genes before filter: 242
Unique genes in embed: 179
Holdout performance for /home/exouser/gene-embedding-benchmarks/data/embeddings/intersect/BulkFM-CLS-CONT-15 with best C=0.1:
Holdout AUC: 0.4773
Holdout AUPRC: 0.0967
Holdout PR@10: 0.0000
Holdout Duration: 0.01s
DOID:1441,Unique genes before filter: 396
Unique genes in embed: 281
Holdout performance for /home/exouser/gene-embedding-benchmarks/data/embeddings/intersect/BulkFM-CLS-CONT-15 with best C=10.0:
Holdout AUC: 0.3229
Holdout AUPRC: 0.0687
Holdout PR@10: 0.0000
Holdout Duration: 0.01s
DOID:607,Unique genes before filter: 638
Unique genes in embed: 434
Holdout performance for /home/exouser/gene-embedding-benchmarks/data/embeddings/intersect/BulkFM-CLS-CONT-15 with best C=10.0:
Holdout AUC: 0.5378
Holdout AUPRC: 0.0949
Holdout PR@10: 0.0000
Holdout Duration: 0.02s
DOID:2476,Unique genes before filter: 638
Unique genes in embed: 453
Holdout performance for /home/exouser/gene-embedding-benchmarks/data/embeddings/intersect/BulkFM-CLS-CONT-15 with best C=0.1:
Holdout AUC: 0.5959
Holdout AUPRC: 0.1602
Holdout PR@10: 0.2000
Holdout Duration: 0.03s
DOID:0080578,Unique genes before filter: 385
Unique genes in embed: 263
Holdout performance for /home/exouser/gene-embedding-benchmarks/data/embeddings/intersect/BulkFM-CLS-CONT-15 with best C=0.1:
Holdout AUC: 0.4704
Holdout AUPRC: 0.1308
Holdout PR@10: 0.1000
Holdout Duration: 0.01s
DOID:627,Unique genes before filter: 209
Unique genes in embed: 145
Holdout performance for /home/exouser/gene-embedding-benchmarks/data/embeddings/intersect/BulkFM-CLS-CONT-15 with best C=10.0:
Holdout AUC: 0.2562
Holdout AUPRC: 0.0733
Holdout PR@10: 0.0000
Holdout Duration: 0.01s
DOID:0111962,Unique genes before filter: 484
Unique genes in embed: 337
Holdout performance for /home/exouser/gene-embedding-benchmarks/data/embeddings/intersect/BulkFM-CLS-CONT-15 with best C=1.0:
Holdout AUC: 0.5609
Holdout AUPRC: 0.1105
Holdout PR@10: 0.0000
Holdout Duration: 0.02s
DOID:2115,Unique genes before filter: 308
Unique genes in embed: 216
Holdout performance for /home/exouser/gene-embedding-benchmarks/data/embeddings/intersect/BulkFM-CLS-CONT-15 with best C=0.1:
Holdout AUC: 0.4680
Holdout AUPRC: 0.2831
Holdout PR@10: 0.1000
Holdout Duration: 0.01s
DOID:2583,Unique genes before filter: 220
Unique genes in embed: 161
Holdout performance for /home/exouser/gene-embedding-benchmarks/data/embeddings/intersect/BulkFM-CLS-CONT-15 with best C=1.0:
Holdout AUC: 0.5125
Holdout AUPRC: 0.1081
Holdout PR@10: 0.0000
Holdout Duration: 0.01s
DOID:0081337,Unique genes before filter: 330
Unique genes in embed: 234
Holdout performance for /home/exouser/gene-embedding-benchmarks/data/embeddings/intersect/BulkFM-CLS-CONT-15 with best C=0.1:
Holdout AUC: 0.3346
Holdout AUPRC: 0.0755
Holdout PR@10: 0.0000
Holdout Duration: 0.01s
DOID:1247,Unique genes before filter: 462
Unique genes in embed: 347
Holdout performance for /home/exouser/gene-embedding-benchmarks/data/embeddings/intersect/BulkFM-CLS-CONT-15 with best C=1.0:
Holdout AUC: 0.5150
Holdout AUPRC: 0.0978
Holdout PR@10: 0.0000
Holdout Duration: 0.02s
DOID:0060340,Unique genes before filter: 469
Unique genes in embed: 319
Holdout performance for /home/exouser/gene-embedding-benchmarks/data/embeddings/intersect/BulkFM-CLS-CONT-15 with best C=10.0:
Holdout AUC: 0.4000
Holdout AUPRC: 0.1065
Holdout PR@10: 0.1000
Holdout Duration: 0.02s
DOID:0050777,Unique genes before filter: 275
Unique genes in embed: 204
Holdout performance for /home/exouser/gene-embedding-benchmarks/data/embeddings/intersect/BulkFM-CLS-CONT-15 with best C=1.0:
Holdout AUC: 0.4250
Holdout AUPRC: 0.1042
Holdout PR@10: 0.1000
Holdout Duration: 0.01s
DOID:1826,Unique genes before filter: 1408
Unique genes in embed: 971
Holdout performance for /home/exouser/gene-embedding-benchmarks/data/embeddings/intersect/BulkFM-CLS-CONT-15 with best C=0.1:
Holdout AUC: 0.5124
Holdout AUPRC: 0.0998
Holdout PR@10: 0.0000
Holdout Duration: 0.11s
DOID:0050563,Unique genes before filter: 1144
Unique genes in embed: 800
Holdout performance for /home/exouser/gene-embedding-benchmarks/data/embeddings/intersect/BulkFM-CLS-CONT-15 with best C=10.0:
Holdout AUC: 0.5064
Holdout AUPRC: 0.1536
Holdout PR@10: 0.1000
Holdout Duration: 0.07s
DOID:0050564,Unique genes before filter: 450
Unique genes in embed: 322
Holdout performance for /home/exouser/gene-embedding-benchmarks/data/embeddings/intersect/BulkFM-CLS-CONT-15 with best C=1.0:
Holdout AUC: 0.2917
Holdout AUPRC: 0.0728
Holdout PR@10: 0.0000
Holdout Duration: 0.02s
DOID:2742,Unique genes before filter: 1144
Unique genes in embed: 811
Holdout performance for /home/exouser/gene-embedding-benchmarks/data/embeddings/intersect/BulkFM-CLS-CONT-15 with best C=10.0:
Holdout AUC: 0.5594
Holdout AUPRC: 0.1238
Holdout PR@10: 0.2000
Holdout Duration: 0.07s
DOID:10579,Unique genes before filter: 407
Unique genes in embed: 290
Holdout performance for /home/exouser/gene-embedding-benchmarks/data/embeddings/intersect/BulkFM-CLS-CONT-15 with best C=0.1:
Holdout AUC: 0.4111
Holdout AUPRC: 0.1306
Holdout PR@10: 0.1000
Holdout Duration: 0.01s
DOID:1443,Unique genes before filter: 451
Unique genes in embed: 313
Holdout performance for /home/exouser/gene-embedding-benchmarks/data/embeddings/intersect/BulkFM-CLS-CONT-15 with best C=10.0:
Holdout AUC: 0.6175
Holdout AUPRC: 0.1920
Holdout PR@10: 0.2000
Holdout Duration: 0.01s
DOID:0112202,Unique genes before filter: 1012
Unique genes in embed: 715
Holdout performance for /home/exouser/gene-embedding-benchmarks/data/embeddings/intersect/BulkFM-CLS-CONT-15 with best C=0.1:
Holdout AUC: 0.3667
Holdout AUPRC: 0.0695
Holdout PR@10: 0.0000
Holdout Duration: 0.07s
DOID:0050701,Unique genes before filter: 1232
Unique genes in embed: 868
Holdout performance for /home/exouser/gene-embedding-benchmarks/data/embeddings/intersect/BulkFM-CLS-CONT-15 with best C=0.1:
Holdout AUC: 0.5827
Holdout AUPRC: 0.1063
Holdout PR@10: 0.0000
Holdout Duration: 0.08s
DOID:0060307,Unique genes before filter: 478
Unique genes in embed: 329
Holdout performance for /home/exouser/gene-embedding-benchmarks/data/embeddings/intersect/BulkFM-CLS-CONT-15 with best C=1.0:
Holdout AUC: 0.4760
Holdout AUPRC: 0.1028
Holdout PR@10: 0.0000
Holdout Duration: 0.02s
DOID:0111910,Unique genes before filter: 671
Unique genes in embed: 459
Holdout performance for /home/exouser/gene-embedding-benchmarks/data/embeddings/intersect/BulkFM-CLS-CONT-15 with best C=0.1:
Holdout AUC: 0.4962
Holdout AUPRC: 0.1306
Holdout PR@10: 0.2000
Holdout Duration: 0.03s
DOID:48,Unique genes before filter: 847
Unique genes in embed: 580
Holdout performance for /home/exouser/gene-embedding-benchmarks/data/embeddings/intersect/BulkFM-CLS-CONT-15 with best C=0.1:
Holdout AUC: 0.5740
Holdout AUPRC: 0.1202
Holdout PR@10: 0.1000
Holdout Duration: 0.04s
DOID:12336,Unique genes before filter: 682
Unique genes in embed: 470
Holdout performance for /home/exouser/gene-embedding-benchmarks/data/embeddings/intersect/BulkFM-CLS-CONT-15 with best C=0.1:
Holdout AUC: 0.4297
Holdout AUPRC: 0.0865
Holdout PR@10: 0.0000
Holdout Duration: 0.03s
DOID:5212,Unique genes before filter: 418
Unique genes in embed: 293
Holdout performance for /home/exouser/gene-embedding-benchmarks/data/embeddings/intersect/BulkFM-CLS-CONT-15 with best C=0.1:
Holdout AUC: 0.5483
Holdout AUPRC: 0.1946
Holdout PR@10: 0.2000
Holdout Duration: 0.02s
DOID:110,Unique genes before filter: 363
Unique genes in embed: 270
Holdout performance for /home/exouser/gene-embedding-benchmarks/data/embeddings/intersect/BulkFM-CLS-CONT-15 with best C=10.0:
Holdout AUC: 0.5286
Holdout AUPRC: 0.1431
Holdout PR@10: 0.2000
Holdout Duration: 0.01s
DOID:83,Unique genes before filter: 341
Unique genes in embed: 252
Holdout performance for /home/exouser/gene-embedding-benchmarks/data/embeddings/intersect/BulkFM-CLS-CONT-15 with best C=0.1:
Holdout AUC: 0.6882
Holdout AUPRC: 0.1768
Holdout PR@10: 0.2000
Holdout Duration: 0.01s
DOID:0060308,Unique genes before filter: 475
Unique genes in embed: 326
Holdout performance for /home/exouser/gene-embedding-benchmarks/data/embeddings/intersect/BulkFM-CLS-CONT-15 with best C=0.1:
Holdout AUC: 0.5942
Holdout AUPRC: 0.1303
Holdout PR@10: 0.0000
Holdout Duration: 0.02s
DOID:0050776,Unique genes before filter: 220
Unique genes in embed: 167
Holdout performance for /home/exouser/gene-embedding-benchmarks/data/embeddings/intersect/BulkFM-CLS-CONT-15 with best C=10.0:
Holdout AUC: 0.6687
Holdout AUPRC: 0.3679
Holdout PR@10: 0.1000
Holdout Duration: 0.01s
DOID:0050889,Unique genes before filter: 220
Unique genes in embed: 158
Holdout performance for /home/exouser/gene-embedding-benchmarks/data/embeddings/intersect/BulkFM-CLS-CONT-15 with best C=1.0:
Holdout AUC: 0.5188
Holdout AUPRC: 0.2069
Holdout PR@10: 0.1000
Holdout Duration: 0.01s
DOID:0050565,Unique genes before filter: 464
Unique genes in embed: 324
Holdout performance for /home/exouser/gene-embedding-benchmarks/data/embeddings/intersect/BulkFM-CLS-CONT-15 with best C=0.1:
Holdout AUC: 0.4304
Holdout AUPRC: 0.1085
Holdout PR@10: 0.1000
Holdout Duration: 0.02s
DOID:9562,Unique genes before filter: 418
Unique genes in embed: 290
Holdout performance for /home/exouser/gene-embedding-benchmarks/data/embeddings/intersect/BulkFM-CLS-CONT-15 with best C=0.1:
Holdout AUC: 0.3680
Holdout AUPRC: 0.0817
Holdout PR@10: 0.0000
Holdout Duration: 0.01s
DOID:10584,Unique genes before filter: 671
Unique genes in embed: 473
Holdout performance for /home/exouser/gene-embedding-benchmarks/data/embeddings/intersect/BulkFM-CLS-CONT-15 with best C=10.0:
Holdout AUC: 0.4070
Holdout AUPRC: 0.0989
Holdout PR@10: 0.1000
Holdout Duration: 0.03s
DOID:5295,Unique genes before filter: 462
Unique genes in embed: 314
Holdout performance for /home/exouser/gene-embedding-benchmarks/data/embeddings/intersect/BulkFM-CLS-CONT-15 with best C=0.1:
Holdout AUC: 0.4940
Holdout AUPRC: 0.0933
Holdout PR@10: 0.0000
Holdout Duration: 0.02s
DOID:3119,Unique genes before filter: 451
Unique genes in embed: 328
Holdout performance for /home/exouser/gene-embedding-benchmarks/data/embeddings/intersect/BulkFM-CLS-CONT-15 with best C=0.1:
Holdout AUC: 0.5188
Holdout AUPRC: 0.1462
Holdout PR@10: 0.2000
Holdout Duration: 0.02s
DOID:229,Unique genes before filter: 308
Unique genes in embed: 215
Holdout performance for /home/exouser/gene-embedding-benchmarks/data/embeddings/intersect/BulkFM-CLS-CONT-15 with best C=0.1:
Holdout AUC: 0.3640
Holdout AUPRC: 0.0876
Holdout PR@10: 0.0000
Holdout Duration: 0.01s
DOID:1100,Unique genes before filter: 253
Unique genes in embed: 180
Holdout performance for /home/exouser/gene-embedding-benchmarks/data/embeddings/intersect/BulkFM-CLS-CONT-15 with best C=0.1:
Holdout AUC: 0.2625
Holdout AUPRC: 0.0794
Holdout PR@10: 0.0000
Holdout Duration: 0.01s
DOID:12930,Unique genes before filter: 385
Unique genes in embed: 261
Holdout performance for /home/exouser/gene-embedding-benchmarks/data/embeddings/intersect/BulkFM-CLS-CONT-15 with best C=0.1:
Holdout AUC: 0.5103
Holdout AUPRC: 0.2718
Holdout PR@10: 0.1000
Holdout Duration: 0.01s
DOID:1342,Unique genes before filter: 363
Unique genes in embed: 256
Holdout performance for /home/exouser/gene-embedding-benchmarks/data/embeddings/intersect/BulkFM-CLS-CONT-15 with best C=10.0:
Holdout AUC: 0.5407
Holdout AUPRC: 0.1014
Holdout PR@10: 0.0000
Holdout Duration: 0.01s
DOID:9256,Unique genes before filter: 253
Unique genes in embed: 184
Holdout performance for /home/exouser/gene-embedding-benchmarks/data/embeddings/intersect/BulkFM-CLS-CONT-15 with best C=0.1:
Holdout AUC: 0.4881
Holdout AUPRC: 0.1067
Holdout PR@10: 0.0000
Holdout Duration: 0.01s
DOID:10155,Unique genes before filter: 253
Unique genes in embed: 176
Holdout performance for /home/exouser/gene-embedding-benchmarks/data/embeddings/intersect/BulkFM-CLS-CONT-15 with best C=1.0:
Holdout AUC: 0.2381
Holdout AUPRC: 0.0686
Holdout PR@10: 0.0000
Holdout Duration: 0.01s
DOID:5672,Unique genes before filter: 253
Unique genes in embed: 179
Holdout performance for /home/exouser/gene-embedding-benchmarks/data/embeddings/intersect/BulkFM-CLS-CONT-15 with best C=0.1:
Holdout AUC: 0.6310
Holdout AUPRC: 0.1510
Holdout PR@10: 0.1000
Holdout Duration: 0.01s
Saved fold results to /home/exouser/gene-embedding-benchmarks/results/tsvs/BulkFM-CLS-CONT-15_fold_results.pkl
Saved holdout results to /home/exouser/gene-embedding-benchmarks/results/tsvs/BulkFM-CLS-CONT-15_holdout_results.pkl

=== Step 3: Gene-pair benchmarks (parallel) ===
  Pair: ng
  Pair: sl
  Pair: tf
  Pair: pombe
Processing 'BulkFM-CLS-CONT-15' | Operation: sum
Original positives: 2124, Filtered positives: 733
Fold 0: train=4106, outer=1053
Fold 1: train=4244, outer=947
Fold 2: train=3937, outer=1089

Results:
   fold  best_C  inner_AUC  inner_AUPRC  inner_PR@10  inner_time  outer_AUC  outer_AUPRC  outer_PR@10  outer_time  orig_pos_pairs  filtered_pos_pairs
      0     0.1   0.566529     0.140988     0.100000    1.672875   0.534884     0.025370          0.0    0.278789          2124.0               733.0
      1    10.0   0.421023     0.088789     0.000000    0.577128   0.433048     0.044771          0.0    0.102783          2124.0               733.0
      2     1.0   0.390676     0.030906     0.000000    0.567804   0.263456     0.100217          0.0    0.149704          2124.0               733.0
average     0.1   0.459410     0.086894     0.033333    0.939269   0.410463     0.056786          0.0    0.177092          2124.0               733.0

Saved to /home/exouser/gene-embedding-benchmarks/results/tsvs/BulkFM-CLS-CONT-15_sum_intersected_sl.csv
Processing 'BulkFM-CLS-CONT-15' | Operation: sum
Original positives: 5966, Filtered positives: 2535
Fold 0: train=11261, outer=2845
Fold 1: train=11287, outer=2725
Fold 2: train=11252, outer=2795

Results:
   fold  best_C  inner_AUC  inner_AUPRC  inner_PR@10  inner_time  outer_AUC  outer_AUPRC  outer_PR@10  outer_time  orig_pos_pairs  filtered_pos_pairs
      0     0.1   0.465016     0.086938     0.066667   13.546586   0.481403     0.118800          0.1    4.781257          5966.0              2535.0
      1     1.0   0.508554     0.119377     0.166667   10.770771   0.530260     0.087638          0.1    2.925812          5966.0              2535.0
      2    10.0   0.566571     0.124029     0.066667    8.534073   0.496985     0.102775          0.1    2.481988          5966.0              2535.0
average     0.1   0.513380     0.110114     0.100000   10.950476   0.502883     0.103071          0.1    3.396352          5966.0              2535.0

Saved to /home/exouser/gene-embedding-benchmarks/results/tsvs/BulkFM-CLS-CONT-15_sum_intersected_pombe.csv
