### Starting MASK+BF pipeline: Sat Aug  1 00:21:01 UTC 2026
==============================================
  BulkFM Benchmark Pipeline
  Checkpoint: checkpoints/train_20260730_080718_local/best_model.pt
  Output:     BulkFM-MASK-CONT-15
  Extraction: forward_mask
==============================================

=== Step 1: Extract and prepare embeddings ===
  Embeddings already exist, skipping extraction

=== Step 2a: GO benchmark ===
GO:0006325,Unique genes before filter: 2263
Unique genes in embed: 1445
Holdout performance for /home/exouser/gene-embedding-benchmarks/data/embeddings/intersect/BulkFM-MASK-CONT-15 with best C=0.1:
Holdout AUC: 0.6537
Holdout AUPRC: 0.3868
Holdout PR@10: 0.4000
Holdout Duration: 0.27s
GO:0006402,Unique genes before filter: 1030
Unique genes in embed: 689
Holdout performance for /home/exouser/gene-embedding-benchmarks/data/embeddings/intersect/BulkFM-MASK-CONT-15 with best C=0.1:
Holdout AUC: 0.6944
Holdout AUPRC: 0.2194
Holdout PR@10: 0.3000
Holdout Duration: 0.06s
GO:0000381,Unique genes before filter: 493
Unique genes in embed: 344
Holdout performance for /home/exouser/gene-embedding-benchmarks/data/embeddings/intersect/BulkFM-MASK-CONT-15 with best C=10.0:
Holdout AUC: 0.7631
Holdout AUPRC: 0.3096
Holdout PR@10: 0.3000
Holdout Duration: 0.02s
GO:0045089,Unique genes before filter: 1727
Unique genes in embed: 1109
Holdout performance for /home/exouser/gene-embedding-benchmarks/data/embeddings/intersect/BulkFM-MASK-CONT-15 with best C=10.0:
Holdout AUC: 0.7081
Holdout AUPRC: 0.4265
Holdout PR@10: 0.7000
Holdout Duration: 0.15s
GO:0043488,Unique genes before filter: 1417
Unique genes in embed: 969
Holdout performance for /home/exouser/gene-embedding-benchmarks/data/embeddings/intersect/BulkFM-MASK-CONT-15 with best C=0.1:
Holdout AUC: 0.6515
Holdout AUPRC: 0.1349
Holdout PR@10: 0.2000
Holdout Duration: 0.12s
GO:0045787,Unique genes before filter: 1769
Unique genes in embed: 1168
Holdout performance for /home/exouser/gene-embedding-benchmarks/data/embeddings/intersect/BulkFM-MASK-CONT-15 with best C=0.1:
Holdout AUC: 0.5768
Holdout AUPRC: 0.1939
Holdout PR@10: 0.3000
Holdout Duration: 0.18s
GO:0050890,Unique genes before filter: 1761
Unique genes in embed: 1254
Holdout performance for /home/exouser/gene-embedding-benchmarks/data/embeddings/intersect/BulkFM-MASK-CONT-15 with best C=1.0:
Holdout AUC: 0.6382
Holdout AUPRC: 0.1840
Holdout PR@10: 0.2000
Holdout Duration: 0.17s
GO:0007399,Unique genes before filter: 2700
Unique genes in embed: 1802
Holdout performance for /home/exouser/gene-embedding-benchmarks/data/embeddings/intersect/BulkFM-MASK-CONT-15 with best C=1.0:
Holdout AUC: 0.6582
Holdout AUPRC: 0.6469
Holdout PR@10: 1.0000
Holdout Duration: 0.42s
GO:0060828,Unique genes before filter: 1704
Unique genes in embed: 1089
Holdout performance for /home/exouser/gene-embedding-benchmarks/data/embeddings/intersect/BulkFM-MASK-CONT-15 with best C=1.0:
Holdout AUC: 0.5525
Holdout AUPRC: 0.1863
Holdout PR@10: 0.3000
Holdout Duration: 0.14s
GO:0006493,Unique genes before filter: 863
Unique genes in embed: 573
Holdout performance for /home/exouser/gene-embedding-benchmarks/data/embeddings/intersect/BulkFM-MASK-CONT-15 with best C=0.1:
Holdout AUC: 0.4848
Holdout AUPRC: 0.1077
Holdout PR@10: 0.0000
Holdout Duration: 0.04s
GO:0007605,Unique genes before filter: 1444
Unique genes in embed: 968
Holdout performance for /home/exouser/gene-embedding-benchmarks/data/embeddings/intersect/BulkFM-MASK-CONT-15 with best C=0.1:
Holdout AUC: 0.6730
Holdout AUPRC: 0.1147
Holdout PR@10: 0.0000
Holdout Duration: 0.12s
GO:0016236,Unique genes before filter: 1668
Unique genes in embed: 1071
Holdout performance for /home/exouser/gene-embedding-benchmarks/data/embeddings/intersect/BulkFM-MASK-CONT-15 with best C=0.1:
Holdout AUC: 0.7716
Holdout AUPRC: 0.2176
Holdout PR@10: 0.1000
Holdout Duration: 0.15s
GO:0010506,Unique genes before filter: 1764
Unique genes in embed: 1157
Holdout performance for /home/exouser/gene-embedding-benchmarks/data/embeddings/intersect/BulkFM-MASK-CONT-15 with best C=0.1:
Holdout AUC: 0.6396
Holdout AUPRC: 0.2021
Holdout PR@10: 0.3000
Holdout Duration: 0.19s
GO:0042476,Unique genes before filter: 1039
Unique genes in embed: 696
Holdout performance for /home/exouser/gene-embedding-benchmarks/data/embeddings/intersect/BulkFM-MASK-CONT-15 with best C=0.1:
Holdout AUC: 0.7822
Holdout AUPRC: 0.4340
Holdout PR@10: 0.6000
Holdout Duration: 0.06s
GO:0050679,Unique genes before filter: 1657
Unique genes in embed: 1143
Holdout performance for /home/exouser/gene-embedding-benchmarks/data/embeddings/intersect/BulkFM-MASK-CONT-15 with best C=0.1:
Holdout AUC: 0.6853
Holdout AUPRC: 0.1587
Holdout PR@10: 0.1000
Holdout Duration: 0.17s
GO:0006631,Unique genes before filter: 1752
Unique genes in embed: 1204
Holdout performance for /home/exouser/gene-embedding-benchmarks/data/embeddings/intersect/BulkFM-MASK-CONT-15 with best C=0.1:
Holdout AUC: 0.6573
Holdout AUPRC: 0.2201
Holdout PR@10: 0.4000
Holdout Duration: 0.18s
GO:0007283,Unique genes before filter: 1984
Unique genes in embed: 1243
Holdout performance for /home/exouser/gene-embedding-benchmarks/data/embeddings/intersect/BulkFM-MASK-CONT-15 with best C=0.1:
Holdout AUC: 0.6109
Holdout AUPRC: 0.2716
Holdout PR@10: 0.3000
Holdout Duration: 0.20s
GO:0001654,Unique genes before filter: 1820
Unique genes in embed: 1200
Holdout performance for /home/exouser/gene-embedding-benchmarks/data/embeddings/intersect/BulkFM-MASK-CONT-15 with best C=0.1:
Holdout AUC: 0.5887
Holdout AUPRC: 0.1748
Holdout PR@10: 0.1000
Holdout Duration: 0.19s
GO:0051310,Unique genes before filter: 696
Unique genes in embed: 464
Holdout performance for /home/exouser/gene-embedding-benchmarks/data/embeddings/intersect/BulkFM-MASK-CONT-15 with best C=1.0:
Holdout AUC: 0.6992
Holdout AUPRC: 0.1975
Holdout PR@10: 0.1000
Holdout Duration: 0.02s
GO:0001578,Unique genes before filter: 1048
Unique genes in embed: 715
Holdout performance for /home/exouser/gene-embedding-benchmarks/data/embeddings/intersect/BulkFM-MASK-CONT-15 with best C=1.0:
Holdout AUC: 0.5513
Holdout AUPRC: 0.1014
Holdout PR@10: 0.0000
Holdout Duration: 0.05s
GO:0007601,Unique genes before filter: 1677
Unique genes in embed: 1161
Holdout performance for /home/exouser/gene-embedding-benchmarks/data/embeddings/intersect/BulkFM-MASK-CONT-15 with best C=0.1:
Holdout AUC: 0.7280
Holdout AUPRC: 0.2555
Holdout PR@10: 0.3000
Holdout Duration: 0.15s
GO:0006400,Unique genes before filter: 784
Unique genes in embed: 551
Holdout performance for /home/exouser/gene-embedding-benchmarks/data/embeddings/intersect/BulkFM-MASK-CONT-15 with best C=0.1:
Holdout AUC: 0.7320
Holdout AUPRC: 0.1512
Holdout PR@10: 0.1000
Holdout Duration: 0.04s
GO:0031297,Unique genes before filter: 414
Unique genes in embed: 269
Holdout performance for /home/exouser/gene-embedding-benchmarks/data/embeddings/intersect/BulkFM-MASK-CONT-15 with best C=0.1:
Holdout AUC: 0.7114
Holdout AUPRC: 0.1631
Holdout PR@10: 0.2000
Holdout Duration: 0.01s
GO:0008584,Unique genes before filter: 1276
Unique genes in embed: 827
Holdout performance for /home/exouser/gene-embedding-benchmarks/data/embeddings/intersect/BulkFM-MASK-CONT-15 with best C=0.1:
Holdout AUC: 0.5562
Holdout AUPRC: 0.1013
Holdout PR@10: 0.0000
Holdout Duration: 0.08s
GO:2000781,Unique genes before filter: 643
Unique genes in embed: 409
Holdout performance for /home/exouser/gene-embedding-benchmarks/data/embeddings/intersect/BulkFM-MASK-CONT-15 with best C=0.1:
Holdout AUC: 0.5765
Holdout AUPRC: 0.1075
Holdout PR@10: 0.1000
Holdout Duration: 0.02s
GO:0045814,Unique genes before filter: 1391
Unique genes in embed: 967
Holdout performance for /home/exouser/gene-embedding-benchmarks/data/embeddings/intersect/BulkFM-MASK-CONT-15 with best C=0.1:
Holdout AUC: 0.6680
Holdout AUPRC: 0.2214
Holdout PR@10: 0.2000
Holdout Duration: 0.11s
GO:0050731,Unique genes before filter: 1030
Unique genes in embed: 707
Holdout performance for /home/exouser/gene-embedding-benchmarks/data/embeddings/intersect/BulkFM-MASK-CONT-15 with best C=1.0:
Holdout AUC: 0.4726
Holdout AUPRC: 0.1333
Holdout PR@10: 0.2000
Holdout Duration: 0.05s
GO:0001666,Unique genes before filter: 1731
Unique genes in embed: 1107
Holdout performance for /home/exouser/gene-embedding-benchmarks/data/embeddings/intersect/BulkFM-MASK-CONT-15 with best C=0.1:
Holdout AUC: 0.6345
Holdout AUPRC: 0.2173
Holdout PR@10: 0.4000
Holdout Duration: 0.17s
GO:0034341,Unique genes before filter: 933
Unique genes in embed: 616
Holdout performance for /home/exouser/gene-embedding-benchmarks/data/embeddings/intersect/BulkFM-MASK-CONT-15 with best C=1.0:
Holdout AUC: 0.5685
Holdout AUPRC: 0.1470
Holdout PR@10: 0.1000
Holdout Duration: 0.04s
GO:0070555,Unique genes before filter: 880
Unique genes in embed: 574
Holdout performance for /home/exouser/gene-embedding-benchmarks/data/embeddings/intersect/BulkFM-MASK-CONT-15 with best C=0.1:
Holdout AUC: 0.5650
Holdout AUPRC: 0.1422
Holdout PR@10: 0.1000
Holdout Duration: 0.05s
GO:0008202,Unique genes before filter: 1702
Unique genes in embed: 1161
Holdout performance for /home/exouser/gene-embedding-benchmarks/data/embeddings/intersect/BulkFM-MASK-CONT-15 with best C=1.0:
Holdout AUC: 0.6179
Holdout AUPRC: 0.1485
Holdout PR@10: 0.2000
Holdout Duration: 0.14s
GO:0046034,Unique genes before filter: 968
Unique genes in embed: 649
Holdout performance for /home/exouser/gene-embedding-benchmarks/data/embeddings/intersect/BulkFM-MASK-CONT-15 with best C=0.1:
Holdout AUC: 0.5063
Holdout AUPRC: 0.0804
Holdout PR@10: 0.0000
Holdout Duration: 0.05s
GO:0031398,Unique genes before filter: 951
Unique genes in embed: 649
Holdout performance for /home/exouser/gene-embedding-benchmarks/data/embeddings/intersect/BulkFM-MASK-CONT-15 with best C=0.1:
Holdout AUC: 0.6724
Holdout AUPRC: 0.1912
Holdout PR@10: 0.2000
Holdout Duration: 0.06s
GO:0006813,Unique genes before filter: 1611
Unique genes in embed: 1120
Holdout performance for /home/exouser/gene-embedding-benchmarks/data/embeddings/intersect/BulkFM-MASK-CONT-15 with best C=0.1:
Holdout AUC: 0.7253
Holdout AUPRC: 0.1698
Holdout PR@10: 0.0000
Holdout Duration: 0.14s
GO:0042593,Unique genes before filter: 1658
Unique genes in embed: 1109
Holdout performance for /home/exouser/gene-embedding-benchmarks/data/embeddings/intersect/BulkFM-MASK-CONT-15 with best C=0.1:
Holdout AUC: 0.5461
Holdout AUPRC: 0.1403
Holdout PR@10: 0.2000
Holdout Duration: 0.15s
GO:0097190,Unique genes before filter: 1753
Unique genes in embed: 1134
Holdout performance for /home/exouser/gene-embedding-benchmarks/data/embeddings/intersect/BulkFM-MASK-CONT-15 with best C=0.1:
Holdout AUC: 0.6153
Holdout AUPRC: 0.2160
Holdout PR@10: 0.4000
Holdout Duration: 0.18s
GO:0097191,Unique genes before filter: 1004
Unique genes in embed: 650
Holdout performance for /home/exouser/gene-embedding-benchmarks/data/embeddings/intersect/BulkFM-MASK-CONT-15 with best C=0.1:
Holdout AUC: 0.6680
Holdout AUPRC: 0.1551
Holdout PR@10: 0.1000
Holdout Duration: 0.06s
GO:0001938,Unique genes before filter: 784
Unique genes in embed: 554
Holdout performance for /home/exouser/gene-embedding-benchmarks/data/embeddings/intersect/BulkFM-MASK-CONT-15 with best C=1.0:
Holdout AUC: 0.6944
Holdout AUPRC: 0.2368
Holdout PR@10: 0.2000
Holdout Duration: 0.03s
GO:1901224,Unique genes before filter: 537
Unique genes in embed: 373
Holdout performance for /home/exouser/gene-embedding-benchmarks/data/embeddings/intersect/BulkFM-MASK-CONT-15 with best C=10.0:
Holdout AUC: 0.5603
Holdout AUPRC: 0.2030
Holdout PR@10: 0.2000
Holdout Duration: 0.02s
GO:0050796,Unique genes before filter: 1514
Unique genes in embed: 1030
Holdout performance for /home/exouser/gene-embedding-benchmarks/data/embeddings/intersect/BulkFM-MASK-CONT-15 with best C=1.0:
Holdout AUC: 0.5499
Holdout AUPRC: 0.1460
Holdout PR@10: 0.1000
Holdout Duration: 0.11s
GO:0001649,Unique genes before filter: 1224
Unique genes in embed: 806
Holdout performance for /home/exouser/gene-embedding-benchmarks/data/embeddings/intersect/BulkFM-MASK-CONT-15 with best C=0.1:
Holdout AUC: 0.6678
Holdout AUPRC: 0.1316
Holdout PR@10: 0.2000
Holdout Duration: 0.08s
GO:0051865,Unique genes before filter: 608
Unique genes in embed: 411
Holdout performance for /home/exouser/gene-embedding-benchmarks/data/embeddings/intersect/BulkFM-MASK-CONT-15 with best C=0.1:
Holdout AUC: 0.5611
Holdout AUPRC: 0.1011
Holdout PR@10: 0.0000
Holdout Duration: 0.02s
GO:0042632,Unique genes before filter: 775
Unique genes in embed: 507
Holdout performance for /home/exouser/gene-embedding-benchmarks/data/embeddings/intersect/BulkFM-MASK-CONT-15 with best C=0.1:
Holdout AUC: 0.6745
Holdout AUPRC: 0.2725
Holdout PR@10: 0.3000
Holdout Duration: 0.04s
GO:0000724,Unique genes before filter: 1021
Unique genes in embed: 648
Holdout performance for /home/exouser/gene-embedding-benchmarks/data/embeddings/intersect/BulkFM-MASK-CONT-15 with best C=0.1:
Holdout AUC: 0.6925
Holdout AUPRC: 0.1320
Holdout PR@10: 0.0000
Holdout Duration: 0.05s
GO:0050680,Unique genes before filter: 1197
Unique genes in embed: 814
Holdout performance for /home/exouser/gene-embedding-benchmarks/data/embeddings/intersect/BulkFM-MASK-CONT-15 with best C=0.1:
Holdout AUC: 0.5571
Holdout AUPRC: 0.1257
Holdout PR@10: 0.1000
Holdout Duration: 0.08s
GO:0061844,Unique genes before filter: 1074
Unique genes in embed: 711
Holdout performance for /home/exouser/gene-embedding-benchmarks/data/embeddings/intersect/BulkFM-MASK-CONT-15 with best C=1.0:
Holdout AUC: 0.7114
Holdout AUPRC: 0.2203
Holdout PR@10: 0.1000
Holdout Duration: 0.04s
GO:0006888,Unique genes before filter: 1039
Unique genes in embed: 693
Holdout performance for /home/exouser/gene-embedding-benchmarks/data/embeddings/intersect/BulkFM-MASK-CONT-15 with best C=0.1:
Holdout AUC: 0.6972
Holdout AUPRC: 0.2008
Holdout PR@10: 0.1000
Holdout Duration: 0.05s
GO:0000086,Unique genes before filter: 414
Unique genes in embed: 284
Holdout performance for /home/exouser/gene-embedding-benchmarks/data/embeddings/intersect/BulkFM-MASK-CONT-15 with best C=0.1:
Holdout AUC: 0.6892
Holdout AUPRC: 0.3053
Holdout PR@10: 0.2000
Holdout Duration: 0.02s
GO:0006693,Unique genes before filter: 344
Unique genes in embed: 226
Holdout performance for /home/exouser/gene-embedding-benchmarks/data/embeddings/intersect/BulkFM-MASK-CONT-15 with best C=0.1:
Holdout AUC: 0.3148
Holdout AUPRC: 0.0777
Holdout PR@10: 0.1000
Holdout Duration: 0.01s
GO:0090303,Unique genes before filter: 537
Unique genes in embed: 341
Holdout performance for /home/exouser/gene-embedding-benchmarks/data/embeddings/intersect/BulkFM-MASK-CONT-15 with best C=0.1:
Holdout AUC: 0.6317
Holdout AUPRC: 0.1899
Holdout PR@10: 0.2000
Holdout Duration: 0.02s
GO:0007189,Unique genes before filter: 1417
Unique genes in embed: 914
Holdout performance for /home/exouser/gene-embedding-benchmarks/data/embeddings/intersect/BulkFM-MASK-CONT-15 with best C=0.1:
Holdout AUC: 0.6132
Holdout AUPRC: 0.1300
Holdout PR@10: 0.1000
Holdout Duration: 0.11s
GO:0001837,Unique genes before filter: 731
Unique genes in embed: 460
Holdout performance for /home/exouser/gene-embedding-benchmarks/data/embeddings/intersect/BulkFM-MASK-CONT-15 with best C=0.1:
Holdout AUC: 0.6859
Holdout AUPRC: 0.1831
Holdout PR@10: 0.2000
Holdout Duration: 0.03s
GO:2001244,Unique genes before filter: 528
Unique genes in embed: 351
Holdout performance for /home/exouser/gene-embedding-benchmarks/data/embeddings/intersect/BulkFM-MASK-CONT-15 with best C=0.1:
Holdout AUC: 0.7420
Holdout AUPRC: 0.3514
Holdout PR@10: 0.4000
Holdout Duration: 0.02s
GO:0006487,Unique genes before filter: 652
Unique genes in embed: 439
Holdout performance for /home/exouser/gene-embedding-benchmarks/data/embeddings/intersect/BulkFM-MASK-CONT-15 with best C=0.1:
Holdout AUC: 0.7305
Holdout AUPRC: 0.2197
Holdout PR@10: 0.2000
Holdout Duration: 0.03s
GO:0006879,Unique genes before filter: 581
Unique genes in embed: 401
Holdout performance for /home/exouser/gene-embedding-benchmarks/data/embeddings/intersect/BulkFM-MASK-CONT-15 with best C=0.1:
Holdout AUC: 0.6256
Holdout AUPRC: 0.1699
Holdout PR@10: 0.2000
Holdout Duration: 0.02s
GO:0035987,Unique genes before filter: 405
Unique genes in embed: 266
Holdout performance for /home/exouser/gene-embedding-benchmarks/data/embeddings/intersect/BulkFM-MASK-CONT-15 with best C=0.1:
Holdout AUC: 0.7273
Holdout AUPRC: 0.2027
Holdout PR@10: 0.2000
Holdout Duration: 0.01s
Saved fold results to /home/exouser/gene-embedding-benchmarks/results/tsvs/BulkFM-MASK-CONT-15_fold_results.pkl
Saved holdout results to /home/exouser/gene-embedding-benchmarks/results/tsvs/BulkFM-MASK-CONT-15_holdout_results.pkl

=== Step 2b: OMIM benchmark ===
DOID:65,Unique genes before filter: 2409
Unique genes in embed: 1604
Holdout performance for /home/exouser/gene-embedding-benchmarks/data/embeddings/intersect/BulkFM-MASK-CONT-15 with best C=0.1:
Holdout AUC: 0.6084
Holdout AUPRC: 0.1531
Holdout PR@10: 0.3000
Holdout Duration: 0.30s
DOID:0050161,Unique genes before filter: 374
Unique genes in embed: 274
Holdout performance for /home/exouser/gene-embedding-benchmarks/data/embeddings/intersect/BulkFM-MASK-CONT-15 with best C=0.1:
Holdout AUC: 0.4517
Holdout AUPRC: 0.0889
Holdout PR@10: 0.0000
Holdout Duration: 0.01s
DOID:417,Unique genes before filter: 440
Unique genes in embed: 315
Holdout performance for /home/exouser/gene-embedding-benchmarks/data/embeddings/intersect/BulkFM-MASK-CONT-15 with best C=0.1:
Holdout AUC: 0.8034
Holdout AUPRC: 0.4843
Holdout PR@10: 0.4000
Holdout Duration: 0.02s
DOID:612,Unique genes before filter: 1672
Unique genes in embed: 1142
Holdout performance for /home/exouser/gene-embedding-benchmarks/data/embeddings/intersect/BulkFM-MASK-CONT-15 with best C=0.1:
Holdout AUC: 0.8218
Holdout AUPRC: 0.4436
Holdout PR@10: 0.6000
Holdout Duration: 0.15s
DOID:0050739,Unique genes before filter: 1943
Unique genes in embed: 1285
Holdout performance for /home/exouser/gene-embedding-benchmarks/data/embeddings/intersect/BulkFM-MASK-CONT-15 with best C=10.0:
Holdout AUC: 0.4815
Holdout AUPRC: 0.7983
Holdout PR@10: 0.7000
Holdout Duration: 0.23s
DOID:0050736,Unique genes before filter: 1321
Unique genes in embed: 912
Holdout performance for /home/exouser/gene-embedding-benchmarks/data/embeddings/intersect/BulkFM-MASK-CONT-15 with best C=10.0:
Holdout AUC: 0.4750
Holdout AUPRC: 0.6394
Holdout PR@10: 0.5000
Holdout Duration: 0.11s
DOID:0050686,Unique genes before filter: 1551
Unique genes in embed: 1069
Holdout performance for /home/exouser/gene-embedding-benchmarks/data/embeddings/intersect/BulkFM-MASK-CONT-15 with best C=0.1:
Holdout AUC: 0.6363
Holdout AUPRC: 0.1182
Holdout PR@10: 0.0000
Holdout Duration: 0.14s
DOID:0050687,Unique genes before filter: 418
Unique genes in embed: 289
Holdout performance for /home/exouser/gene-embedding-benchmarks/data/embeddings/intersect/BulkFM-MASK-CONT-15 with best C=0.1:
Holdout AUC: 0.5793
Holdout AUPRC: 0.1206
Holdout PR@10: 0.1000
Holdout Duration: 0.01s
DOID:557,Unique genes before filter: 946
Unique genes in embed: 661
Holdout performance for /home/exouser/gene-embedding-benchmarks/data/embeddings/intersect/BulkFM-MASK-CONT-15 with best C=0.1:
Holdout AUC: 0.4851
Holdout AUPRC: 0.0891
Holdout PR@10: 0.0000
Holdout Duration: 0.05s
DOID:305,Unique genes before filter: 319
Unique genes in embed: 220
Holdout performance for /home/exouser/gene-embedding-benchmarks/data/embeddings/intersect/BulkFM-MASK-CONT-15 with best C=0.1:
Holdout AUC: 0.5952
Holdout AUPRC: 0.1976
Holdout PR@10: 0.2000
Holdout Duration: 0.01s
DOID:37,Unique genes before filter: 1210
Unique genes in embed: 837
Holdout performance for /home/exouser/gene-embedding-benchmarks/data/embeddings/intersect/BulkFM-MASK-CONT-15 with best C=1.0:
Holdout AUC: 0.5669
Holdout AUPRC: 0.2322
Holdout PR@10: 0.3000
Holdout Duration: 0.06s
DOID:936,Unique genes before filter: 2676
Unique genes in embed: 1787
Holdout performance for /home/exouser/gene-embedding-benchmarks/data/embeddings/intersect/BulkFM-MASK-CONT-15 with best C=0.1:
Holdout AUC: 0.6130
Holdout AUPRC: 0.1395
Holdout PR@10: 0.0000
Holdout Duration: 0.35s
DOID:114,Unique genes before filter: 1067
Unique genes in embed: 736
Holdout performance for /home/exouser/gene-embedding-benchmarks/data/embeddings/intersect/BulkFM-MASK-CONT-15 with best C=0.1:
Holdout AUC: 0.6186
Holdout AUPRC: 0.1764
Holdout PR@10: 0.1000
Holdout Duration: 0.06s
DOID:0060036,Unique genes before filter: 649
Unique genes in embed: 452
Holdout performance for /home/exouser/gene-embedding-benchmarks/data/embeddings/intersect/BulkFM-MASK-CONT-15 with best C=0.1:
Holdout AUC: 0.7896
Holdout AUPRC: 0.3232
Holdout PR@10: 0.3000
Holdout Duration: 0.03s
DOID:0050700,Unique genes before filter: 649
Unique genes in embed: 468
Holdout performance for /home/exouser/gene-embedding-benchmarks/data/embeddings/intersect/BulkFM-MASK-CONT-15 with best C=1.0:
Holdout AUC: 0.6689
Holdout AUPRC: 0.2432
Holdout PR@10: 0.3000
Holdout Duration: 0.02s
DOID:0050737,Unique genes before filter: 1864
Unique genes in embed: 1209
Holdout performance for /home/exouser/gene-embedding-benchmarks/data/embeddings/intersect/BulkFM-MASK-CONT-15 with best C=10.0:
Holdout AUC: 0.4573
Holdout AUPRC: 0.7113
Holdout PR@10: 0.6000
Holdout Duration: 0.19s
DOID:0080009,Unique genes before filter: 385
Unique genes in embed: 274
Holdout performance for /home/exouser/gene-embedding-benchmarks/data/embeddings/intersect/BulkFM-MASK-CONT-15 with best C=0.1:
Holdout AUC: 0.5726
Holdout AUPRC: 0.2586
Holdout PR@10: 0.1000
Holdout Duration: 0.01s
DOID:0050735,Unique genes before filter: 604
Unique genes in embed: 432
Holdout performance for /home/exouser/gene-embedding-benchmarks/data/embeddings/intersect/BulkFM-MASK-CONT-15 with best C=0.1:
Holdout AUC: 0.6456
Holdout AUPRC: 0.4506
Holdout PR@10: 0.5000
Holdout Duration: 0.03s
DOID:0080001,Unique genes before filter: 1969
Unique genes in embed: 1330
Holdout performance for /home/exouser/gene-embedding-benchmarks/data/embeddings/intersect/BulkFM-MASK-CONT-15 with best C=0.1:
Holdout AUC: 0.5080
Holdout AUPRC: 0.1667
Holdout PR@10: 0.3000
Holdout Duration: 0.21s
DOID:0080005,Unique genes before filter: 297
Unique genes in embed: 213
Holdout performance for /home/exouser/gene-embedding-benchmarks/data/embeddings/intersect/BulkFM-MASK-CONT-15 with best C=0.1:
Holdout AUC: 0.3071
Holdout AUPRC: 0.0736
Holdout PR@10: 0.0000
Holdout Duration: 0.01s
DOID:2490,Unique genes before filter: 418
Unique genes in embed: 290
Holdout performance for /home/exouser/gene-embedding-benchmarks/data/embeddings/intersect/BulkFM-MASK-CONT-15 with best C=0.1:
Holdout AUC: 0.5333
Holdout AUPRC: 0.1700
Holdout PR@10: 0.1000
Holdout Duration: 0.01s
DOID:4961,Unique genes before filter: 242
Unique genes in embed: 184
Holdout performance for /home/exouser/gene-embedding-benchmarks/data/embeddings/intersect/BulkFM-MASK-CONT-15 with best C=1.0:
Holdout AUC: 0.6000
Holdout AUPRC: 0.3005
Holdout PR@10: 0.1000
Holdout Duration: 0.01s
DOID:2531,Unique genes before filter: 462
Unique genes in embed: 341
Holdout performance for /home/exouser/gene-embedding-benchmarks/data/embeddings/intersect/BulkFM-MASK-CONT-15 with best C=0.1:
Holdout AUC: 0.5816
Holdout AUPRC: 0.1915
Holdout PR@10: 0.3000
Holdout Duration: 0.02s
DOID:1934,Unique genes before filter: 396
Unique genes in embed: 279
Holdout performance for /home/exouser/gene-embedding-benchmarks/data/embeddings/intersect/BulkFM-MASK-CONT-15 with best C=10.0:
Holdout AUC: 0.5677
Holdout AUPRC: 0.1140
Holdout PR@10: 0.0000
Holdout Duration: 0.01s
DOID:0080006,Unique genes before filter: 1496
Unique genes in embed: 1033
Holdout performance for /home/exouser/gene-embedding-benchmarks/data/embeddings/intersect/BulkFM-MASK-CONT-15 with best C=1.0:
Holdout AUC: 0.6031
Holdout AUPRC: 0.1562
Holdout PR@10: 0.1000
Holdout Duration: 0.09s
DOID:2256,Unique genes before filter: 880
Unique genes in embed: 619
Holdout performance for /home/exouser/gene-embedding-benchmarks/data/embeddings/intersect/BulkFM-MASK-CONT-15 with best C=0.1:
Holdout AUC: 0.4727
Holdout AUPRC: 0.1230
Holdout PR@10: 0.2000
Holdout Duration: 0.05s
DOID:0080012,Unique genes before filter: 545
Unique genes in embed: 384
Holdout performance for /home/exouser/gene-embedding-benchmarks/data/embeddings/intersect/BulkFM-MASK-CONT-15 with best C=0.1:
Holdout AUC: 0.6265
Holdout AUPRC: 0.3286
Holdout PR@10: 0.3000
Holdout Duration: 0.02s
DOID:231,Unique genes before filter: 506
Unique genes in embed: 360
Holdout performance for /home/exouser/gene-embedding-benchmarks/data/embeddings/intersect/BulkFM-MASK-CONT-15 with best C=0.1:
Holdout AUC: 0.4192
Holdout AUPRC: 0.0791
Holdout PR@10: 0.0000
Holdout Duration: 0.02s
DOID:1289,Unique genes before filter: 1958
Unique genes in embed: 1328
Holdout performance for /home/exouser/gene-embedding-benchmarks/data/embeddings/intersect/BulkFM-MASK-CONT-15 with best C=0.1:
Holdout AUC: 0.6124
Holdout AUPRC: 0.1962
Holdout PR@10: 0.3000
Holdout Duration: 0.18s
DOID:440,Unique genes before filter: 748
Unique genes in embed: 526
Holdout performance for /home/exouser/gene-embedding-benchmarks/data/embeddings/intersect/BulkFM-MASK-CONT-15 with best C=10.0:
Holdout AUC: 0.4923
Holdout AUPRC: 0.1679
Holdout PR@10: 0.1000
Holdout Duration: 0.03s
DOID:0050539,Unique genes before filter: 286
Unique genes in embed: 211
Holdout performance for /home/exouser/gene-embedding-benchmarks/data/embeddings/intersect/BulkFM-MASK-CONT-15 with best C=0.1:
Holdout AUC: 0.4844
Holdout AUPRC: 0.0883
Holdout PR@10: 0.0000
Holdout Duration: 0.01s
DOID:10595,Unique genes before filter: 539
Unique genes in embed: 382
Holdout performance for /home/exouser/gene-embedding-benchmarks/data/embeddings/intersect/BulkFM-MASK-CONT-15 with best C=0.1:
Holdout AUC: 0.5881
Holdout AUPRC: 0.1213
Holdout PR@10: 0.1000
Holdout Duration: 0.02s
DOID:870,Unique genes before filter: 1111
Unique genes in embed: 781
Holdout performance for /home/exouser/gene-embedding-benchmarks/data/embeddings/intersect/BulkFM-MASK-CONT-15 with best C=1.0:
Holdout AUC: 0.5750
Holdout AUPRC: 0.1074
Holdout PR@10: 0.1000
Holdout Duration: 0.06s
DOID:2355,Unique genes before filter: 737
Unique genes in embed: 510
Holdout performance for /home/exouser/gene-embedding-benchmarks/data/embeddings/intersect/BulkFM-MASK-CONT-15 with best C=0.1:
Holdout AUC: 0.6760
Holdout AUPRC: 0.2553
Holdout PR@10: 0.2000
Holdout Duration: 0.03s
DOID:12449,Unique genes before filter: 462
Unique genes in embed: 330
Holdout performance for /home/exouser/gene-embedding-benchmarks/data/embeddings/intersect/BulkFM-MASK-CONT-15 with best C=0.1:
Holdout AUC: 0.6828
Holdout AUPRC: 0.2113
Holdout PR@10: 0.1000
Holdout Duration: 0.02s
DOID:423,Unique genes before filter: 1188
Unique genes in embed: 815
Holdout performance for /home/exouser/gene-embedding-benchmarks/data/embeddings/intersect/BulkFM-MASK-CONT-15 with best C=10.0:
Holdout AUC: 0.5212
Holdout AUPRC: 0.1830
Holdout PR@10: 0.3000
Holdout Duration: 0.06s
DOID:0080000,Unique genes before filter: 1375
Unique genes in embed: 962
Holdout performance for /home/exouser/gene-embedding-benchmarks/data/embeddings/intersect/BulkFM-MASK-CONT-15 with best C=1.0:
Holdout AUC: 0.4745
Holdout AUPRC: 0.0822
Holdout PR@10: 0.0000
Holdout Duration: 0.08s
DOID:9884,Unique genes before filter: 561
Unique genes in embed: 394
Holdout performance for /home/exouser/gene-embedding-benchmarks/data/embeddings/intersect/BulkFM-MASK-CONT-15 with best C=0.1:
Holdout AUC: 0.6718
Holdout AUPRC: 0.1535
Holdout PR@10: 0.1000
Holdout Duration: 0.02s
DOID:66,Unique genes before filter: 1287
Unique genes in embed: 888
Holdout performance for /home/exouser/gene-embedding-benchmarks/data/embeddings/intersect/BulkFM-MASK-CONT-15 with best C=1.0:
Holdout AUC: 0.6726
Holdout AUPRC: 0.1766
Holdout PR@10: 0.1000
Holdout Duration: 0.06s
DOID:2786,Unique genes before filter: 726
Unique genes in embed: 514
Holdout performance for /home/exouser/gene-embedding-benchmarks/data/embeddings/intersect/BulkFM-MASK-CONT-15 with best C=0.1:
Holdout AUC: 0.7333
Holdout AUPRC: 0.2146
Holdout PR@10: 0.2000
Holdout Duration: 0.03s
DOID:9799,Unique genes before filter: 1056
Unique genes in embed: 720
Holdout performance for /home/exouser/gene-embedding-benchmarks/data/embeddings/intersect/BulkFM-MASK-CONT-15 with best C=10.0:
Holdout AUC: 0.4506
Holdout AUPRC: 0.0787
Holdout PR@10: 0.0000
Holdout Duration: 0.05s
DOID:4448,Unique genes before filter: 286
Unique genes in embed: 195
Holdout performance for /home/exouser/gene-embedding-benchmarks/data/embeddings/intersect/BulkFM-MASK-CONT-15 with best C=10.0:
Holdout AUC: 0.8125
Holdout AUPRC: 0.5114
Holdout PR@10: 0.3000
Holdout Duration: 0.01s
DOID:8466,Unique genes before filter: 1045
Unique genes in embed: 735
Holdout performance for /home/exouser/gene-embedding-benchmarks/data/embeddings/intersect/BulkFM-MASK-CONT-15 with best C=1.0:
Holdout AUC: 0.6536
Holdout AUPRC: 0.1601
Holdout PR@10: 0.1000
Holdout Duration: 0.05s
DOID:5614,Unique genes before filter: 2508
Unique genes in embed: 1695
Holdout performance for /home/exouser/gene-embedding-benchmarks/data/embeddings/intersect/BulkFM-MASK-CONT-15 with best C=0.1:
Holdout AUC: 0.6019
Holdout AUPRC: 0.1298
Holdout PR@10: 0.1000
Holdout Duration: 0.32s
DOID:5679,Unique genes before filter: 1353
Unique genes in embed: 949
Holdout performance for /home/exouser/gene-embedding-benchmarks/data/embeddings/intersect/BulkFM-MASK-CONT-15 with best C=10.0:
Holdout AUC: 0.5357
Holdout AUPRC: 0.1072
Holdout PR@10: 0.1000
Holdout Duration: 0.08s
DOID:1091,Unique genes before filter: 242
Unique genes in embed: 155
Holdout performance for /home/exouser/gene-embedding-benchmarks/data/embeddings/intersect/BulkFM-MASK-CONT-15 with best C=0.1:
Holdout AUC: 0.6875
Holdout AUPRC: 0.1900
Holdout PR@10: 0.2000
Holdout Duration: 0.01s
DOID:403,Unique genes before filter: 264
Unique genes in embed: 177
Holdout performance for /home/exouser/gene-embedding-benchmarks/data/embeddings/intersect/BulkFM-MASK-CONT-15 with best C=0.1:
Holdout AUC: 0.8512
Holdout AUPRC: 0.3955
Holdout PR@10: 0.3000
Holdout Duration: 0.01s
DOID:0060564,Unique genes before filter: 352
Unique genes in embed: 243
Holdout performance for /home/exouser/gene-embedding-benchmarks/data/embeddings/intersect/BulkFM-MASK-CONT-15 with best C=10.0:
Holdout AUC: 0.2857
Holdout AUPRC: 0.0738
Holdout PR@10: 0.0000
Holdout Duration: 0.01s
DOID:0050828,Unique genes before filter: 319
Unique genes in embed: 220
Holdout performance for /home/exouser/gene-embedding-benchmarks/data/embeddings/intersect/BulkFM-MASK-CONT-15 with best C=0.1:
Holdout AUC: 0.6615
Holdout AUPRC: 0.1264
Holdout PR@10: 0.0000
Holdout Duration: 0.01s
DOID:178,Unique genes before filter: 539
Unique genes in embed: 368
Holdout performance for /home/exouser/gene-embedding-benchmarks/data/embeddings/intersect/BulkFM-MASK-CONT-15 with best C=1.0:
Holdout AUC: 0.4272
Holdout AUPRC: 0.1404
Holdout PR@10: 0.1000
Holdout Duration: 0.02s
DOID:0060037,Unique genes before filter: 1980
Unique genes in embed: 1354
Holdout performance for /home/exouser/gene-embedding-benchmarks/data/embeddings/intersect/BulkFM-MASK-CONT-15 with best C=1.0:
Holdout AUC: 0.6264
Holdout AUPRC: 0.1486
Holdout PR@10: 0.2000
Holdout Duration: 0.15s
DOID:0060309,Unique genes before filter: 396
Unique genes in embed: 283
Holdout performance for /home/exouser/gene-embedding-benchmarks/data/embeddings/intersect/BulkFM-MASK-CONT-15 with best C=0.1:
Holdout AUC: 0.6566
Holdout AUPRC: 0.3324
Holdout PR@10: 0.2000
Holdout Duration: 0.01s
DOID:1059,Unique genes before filter: 1914
Unique genes in embed: 1296
Holdout performance for /home/exouser/gene-embedding-benchmarks/data/embeddings/intersect/BulkFM-MASK-CONT-15 with best C=0.1:
Holdout AUC: 0.6682
Holdout AUPRC: 0.1508
Holdout PR@10: 0.3000
Holdout Duration: 0.19s
DOID:0060038,Unique genes before filter: 1980
Unique genes in embed: 1349
Holdout performance for /home/exouser/gene-embedding-benchmarks/data/embeddings/intersect/BulkFM-MASK-CONT-15 with best C=0.1:
Holdout AUC: 0.5461
Holdout AUPRC: 0.1461
Holdout PR@10: 0.1000
Holdout Duration: 0.21s
DOID:0050888,Unique genes before filter: 462
Unique genes in embed: 331
Holdout performance for /home/exouser/gene-embedding-benchmarks/data/embeddings/intersect/BulkFM-MASK-CONT-15 with best C=10.0:
Holdout AUC: 0.7271
Holdout AUPRC: 0.3007
Holdout PR@10: 0.2000
Holdout Duration: 0.02s
DOID:10273,Unique genes before filter: 253
Unique genes in embed: 178
Holdout performance for /home/exouser/gene-embedding-benchmarks/data/embeddings/intersect/BulkFM-MASK-CONT-15 with best C=10.0:
Holdout AUC: 0.6304
Holdout AUPRC: 0.1285
Holdout PR@10: 0.1000
Holdout Duration: 0.01s
DOID:0050753,Unique genes before filter: 726
Unique genes in embed: 506
Holdout performance for /home/exouser/gene-embedding-benchmarks/data/embeddings/intersect/BulkFM-MASK-CONT-15 with best C=0.1:
Holdout AUC: 0.7514
Holdout AUPRC: 0.1844
Holdout PR@10: 0.1000
Holdout Duration: 0.03s
DOID:0050951,Unique genes before filter: 825
Unique genes in embed: 586
Holdout performance for /home/exouser/gene-embedding-benchmarks/data/embeddings/intersect/BulkFM-MASK-CONT-15 with best C=0.1:
Holdout AUC: 0.4520
Holdout AUPRC: 0.0899
Holdout PR@10: 0.0000
Holdout Duration: 0.04s
DOID:0050950,Unique genes before filter: 363
Unique genes in embed: 263
Holdout performance for /home/exouser/gene-embedding-benchmarks/data/embeddings/intersect/BulkFM-MASK-CONT-15 with best C=0.1:
Holdout AUC: 0.7976
Holdout AUPRC: 0.2714
Holdout PR@10: 0.3000
Holdout Duration: 0.01s
DOID:2277,Unique genes before filter: 737
Unique genes in embed: 516
Holdout performance for /home/exouser/gene-embedding-benchmarks/data/embeddings/intersect/BulkFM-MASK-CONT-15 with best C=0.1:
Holdout AUC: 0.5493
Holdout AUPRC: 0.1134
Holdout PR@10: 0.1000
Holdout Duration: 0.04s
DOID:1923,Unique genes before filter: 242
Unique genes in embed: 179
Holdout performance for /home/exouser/gene-embedding-benchmarks/data/embeddings/intersect/BulkFM-MASK-CONT-15 with best C=0.1:
Holdout AUC: 0.5568
Holdout AUPRC: 0.1154
Holdout PR@10: 0.1000
Holdout Duration: 0.01s
DOID:1441,Unique genes before filter: 396
Unique genes in embed: 281
Holdout performance for /home/exouser/gene-embedding-benchmarks/data/embeddings/intersect/BulkFM-MASK-CONT-15 with best C=0.1:
Holdout AUC: 0.3958
Holdout AUPRC: 0.0753
Holdout PR@10: 0.0000
Holdout Duration: 0.01s
DOID:607,Unique genes before filter: 638
Unique genes in embed: 434
Holdout performance for /home/exouser/gene-embedding-benchmarks/data/embeddings/intersect/BulkFM-MASK-CONT-15 with best C=0.1:
Holdout AUC: 0.5712
Holdout AUPRC: 0.1105
Holdout PR@10: 0.1000
Holdout Duration: 0.02s
DOID:2476,Unique genes before filter: 638
Unique genes in embed: 453
Holdout performance for /home/exouser/gene-embedding-benchmarks/data/embeddings/intersect/BulkFM-MASK-CONT-15 with best C=0.1:
Holdout AUC: 0.6047
Holdout AUPRC: 0.1228
Holdout PR@10: 0.1000
Holdout Duration: 0.03s
DOID:0080578,Unique genes before filter: 385
Unique genes in embed: 263
Holdout performance for /home/exouser/gene-embedding-benchmarks/data/embeddings/intersect/BulkFM-MASK-CONT-15 with best C=0.1:
Holdout AUC: 0.3844
Holdout AUPRC: 0.0820
Holdout PR@10: 0.0000
Holdout Duration: 0.01s
DOID:627,Unique genes before filter: 209
Unique genes in embed: 145
Holdout performance for /home/exouser/gene-embedding-benchmarks/data/embeddings/intersect/BulkFM-MASK-CONT-15 with best C=10.0:
Holdout AUC: 0.5938
Holdout AUPRC: 0.1787
Holdout PR@10: 0.1000
Holdout Duration: 0.01s
DOID:0111962,Unique genes before filter: 484
Unique genes in embed: 337
Holdout performance for /home/exouser/gene-embedding-benchmarks/data/embeddings/intersect/BulkFM-MASK-CONT-15 with best C=1.0:
Holdout AUC: 0.7656
Holdout AUPRC: 0.1897
Holdout PR@10: 0.1000
Holdout Duration: 0.01s
DOID:2115,Unique genes before filter: 308
Unique genes in embed: 216
Holdout performance for /home/exouser/gene-embedding-benchmarks/data/embeddings/intersect/BulkFM-MASK-CONT-15 with best C=10.0:
Holdout AUC: 0.7080
Holdout AUPRC: 0.2086
Holdout PR@10: 0.2000
Holdout Duration: 0.01s
DOID:2583,Unique genes before filter: 220
Unique genes in embed: 161
Holdout performance for /home/exouser/gene-embedding-benchmarks/data/embeddings/intersect/BulkFM-MASK-CONT-15 with best C=0.1:
Holdout AUC: 0.5625
Holdout AUPRC: 0.1397
Holdout PR@10: 0.1000
Holdout Duration: 0.01s
DOID:0081337,Unique genes before filter: 330
Unique genes in embed: 234
Holdout performance for /home/exouser/gene-embedding-benchmarks/data/embeddings/intersect/BulkFM-MASK-CONT-15 with best C=0.1:
Holdout AUC: 0.4692
Holdout AUPRC: 0.1668
Holdout PR@10: 0.2000
Holdout Duration: 0.01s
DOID:1247,Unique genes before filter: 462
Unique genes in embed: 347
Holdout performance for /home/exouser/gene-embedding-benchmarks/data/embeddings/intersect/BulkFM-MASK-CONT-15 with best C=0.1:
Holdout AUC: 0.7707
Holdout AUPRC: 0.3523
Holdout PR@10: 0.4000
Holdout Duration: 0.02s
DOID:0060340,Unique genes before filter: 469
Unique genes in embed: 319
Holdout performance for /home/exouser/gene-embedding-benchmarks/data/embeddings/intersect/BulkFM-MASK-CONT-15 with best C=0.1:
Holdout AUC: 0.6270
Holdout AUPRC: 0.3731
Holdout PR@10: 0.3000
Holdout Duration: 0.02s
DOID:0050777,Unique genes before filter: 275
Unique genes in embed: 204
Holdout performance for /home/exouser/gene-embedding-benchmarks/data/embeddings/intersect/BulkFM-MASK-CONT-15 with best C=0.1:
Holdout AUC: 0.5563
Holdout AUPRC: 0.1171
Holdout PR@10: 0.0000
Holdout Duration: 0.01s
DOID:1826,Unique genes before filter: 1408
Unique genes in embed: 971
Holdout performance for /home/exouser/gene-embedding-benchmarks/data/embeddings/intersect/BulkFM-MASK-CONT-15 with best C=0.1:
Holdout AUC: 0.6707
Holdout AUPRC: 0.1426
Holdout PR@10: 0.1000
Holdout Duration: 0.11s
DOID:0050563,Unique genes before filter: 1144
Unique genes in embed: 800
Holdout performance for /home/exouser/gene-embedding-benchmarks/data/embeddings/intersect/BulkFM-MASK-CONT-15 with best C=0.1:
Holdout AUC: 0.6590
Holdout AUPRC: 0.1347
Holdout PR@10: 0.0000
Holdout Duration: 0.07s
DOID:0050564,Unique genes before filter: 450
Unique genes in embed: 322
Holdout performance for /home/exouser/gene-embedding-benchmarks/data/embeddings/intersect/BulkFM-MASK-CONT-15 with best C=1.0:
Holdout AUC: 0.5611
Holdout AUPRC: 0.1926
Holdout PR@10: 0.1000
Holdout Duration: 0.01s
DOID:2742,Unique genes before filter: 1144
Unique genes in embed: 811
Holdout performance for /home/exouser/gene-embedding-benchmarks/data/embeddings/intersect/BulkFM-MASK-CONT-15 with best C=0.1:
Holdout AUC: 0.5765
Holdout AUPRC: 0.1206
Holdout PR@10: 0.1000
Holdout Duration: 0.08s
DOID:10579,Unique genes before filter: 407
Unique genes in embed: 290
Holdout performance for /home/exouser/gene-embedding-benchmarks/data/embeddings/intersect/BulkFM-MASK-CONT-15 with best C=10.0:
Holdout AUC: 0.6704
Holdout AUPRC: 0.5136
Holdout PR@10: 0.3000
Holdout Duration: 0.01s
DOID:1443,Unique genes before filter: 451
Unique genes in embed: 313
Holdout performance for /home/exouser/gene-embedding-benchmarks/data/embeddings/intersect/BulkFM-MASK-CONT-15 with best C=0.1:
Holdout AUC: 0.6526
Holdout AUPRC: 0.2034
Holdout PR@10: 0.2000
Holdout Duration: 0.01s
DOID:0112202,Unique genes before filter: 1012
Unique genes in embed: 715
Holdout performance for /home/exouser/gene-embedding-benchmarks/data/embeddings/intersect/BulkFM-MASK-CONT-15 with best C=0.1:
Holdout AUC: 0.6739
Holdout AUPRC: 0.1767
Holdout PR@10: 0.3000
Holdout Duration: 0.06s
DOID:0050701,Unique genes before filter: 1232
Unique genes in embed: 868
Holdout performance for /home/exouser/gene-embedding-benchmarks/data/embeddings/intersect/BulkFM-MASK-CONT-15 with best C=1.0:
Holdout AUC: 0.6669
Holdout AUPRC: 0.1515
Holdout PR@10: 0.1000
Holdout Duration: 0.07s
DOID:0060307,Unique genes before filter: 478
Unique genes in embed: 329
Holdout performance for /home/exouser/gene-embedding-benchmarks/data/embeddings/intersect/BulkFM-MASK-CONT-15 with best C=0.1:
Holdout AUC: 0.7243
Holdout AUPRC: 0.2866
Holdout PR@10: 0.1000
Holdout Duration: 0.02s
DOID:0111910,Unique genes before filter: 671
Unique genes in embed: 459
Holdout performance for /home/exouser/gene-embedding-benchmarks/data/embeddings/intersect/BulkFM-MASK-CONT-15 with best C=0.1:
Holdout AUC: 0.7481
Holdout AUPRC: 0.2556
Holdout PR@10: 0.2000
Holdout Duration: 0.03s
DOID:48,Unique genes before filter: 847
Unique genes in embed: 580
Holdout performance for /home/exouser/gene-embedding-benchmarks/data/embeddings/intersect/BulkFM-MASK-CONT-15 with best C=1.0:
Holdout AUC: 0.7471
Holdout AUPRC: 0.1897
Holdout PR@10: 0.2000
Holdout Duration: 0.03s
DOID:12336,Unique genes before filter: 682
Unique genes in embed: 470
Holdout performance for /home/exouser/gene-embedding-benchmarks/data/embeddings/intersect/BulkFM-MASK-CONT-15 with best C=0.1:
Holdout AUC: 0.8609
Holdout AUPRC: 0.5712
Holdout PR@10: 0.4000
Holdout Duration: 0.03s
DOID:5212,Unique genes before filter: 418
Unique genes in embed: 293
Holdout performance for /home/exouser/gene-embedding-benchmarks/data/embeddings/intersect/BulkFM-MASK-CONT-15 with best C=0.1:
Holdout AUC: 0.7897
Holdout AUPRC: 0.2000
Holdout PR@10: 0.2000
Holdout Duration: 0.01s
DOID:110,Unique genes before filter: 363
Unique genes in embed: 270
Holdout performance for /home/exouser/gene-embedding-benchmarks/data/embeddings/intersect/BulkFM-MASK-CONT-15 with best C=0.1:
Holdout AUC: 0.4948
Holdout AUPRC: 0.0981
Holdout PR@10: 0.0000
Holdout Duration: 0.01s
DOID:83,Unique genes before filter: 341
Unique genes in embed: 252
Holdout performance for /home/exouser/gene-embedding-benchmarks/data/embeddings/intersect/BulkFM-MASK-CONT-15 with best C=0.1:
Holdout AUC: 0.6452
Holdout AUPRC: 0.1422
Holdout PR@10: 0.1000
Holdout Duration: 0.01s
DOID:0060308,Unique genes before filter: 475
Unique genes in embed: 326
Holdout performance for /home/exouser/gene-embedding-benchmarks/data/embeddings/intersect/BulkFM-MASK-CONT-15 with best C=0.1:
Holdout AUC: 0.5342
Holdout AUPRC: 0.1126
Holdout PR@10: 0.1000
Holdout Duration: 0.02s
DOID:0050776,Unique genes before filter: 220
Unique genes in embed: 167
Holdout performance for /home/exouser/gene-embedding-benchmarks/data/embeddings/intersect/BulkFM-MASK-CONT-15 with best C=1.0:
Holdout AUC: 0.4750
Holdout AUPRC: 0.1374
Holdout PR@10: 0.1000
Holdout Duration: 0.01s
DOID:0050889,Unique genes before filter: 220
Unique genes in embed: 158
Holdout performance for /home/exouser/gene-embedding-benchmarks/data/embeddings/intersect/BulkFM-MASK-CONT-15 with best C=10.0:
Holdout AUC: 0.4750
Holdout AUPRC: 0.1097
Holdout PR@10: 0.1000
Holdout Duration: 0.01s
DOID:0050565,Unique genes before filter: 464
Unique genes in embed: 324
Holdout performance for /home/exouser/gene-embedding-benchmarks/data/embeddings/intersect/BulkFM-MASK-CONT-15 with best C=0.1:
Holdout AUC: 0.5023
Holdout AUPRC: 0.1196
Holdout PR@10: 0.1000
Holdout Duration: 0.02s
DOID:9562,Unique genes before filter: 418
Unique genes in embed: 290
Holdout performance for /home/exouser/gene-embedding-benchmarks/data/embeddings/intersect/BulkFM-MASK-CONT-15 with best C=0.1:
Holdout AUC: 0.8240
Holdout AUPRC: 0.5576
Holdout PR@10: 0.3000
Holdout Duration: 0.01s
DOID:10584,Unique genes before filter: 671
Unique genes in embed: 473
Holdout performance for /home/exouser/gene-embedding-benchmarks/data/embeddings/intersect/BulkFM-MASK-CONT-15 with best C=0.1:
Holdout AUC: 0.3853
Holdout AUPRC: 0.0778
Holdout PR@10: 0.0000
Holdout Duration: 0.03s
DOID:5295,Unique genes before filter: 462
Unique genes in embed: 314
Holdout performance for /home/exouser/gene-embedding-benchmarks/data/embeddings/intersect/BulkFM-MASK-CONT-15 with best C=0.1:
Holdout AUC: 0.5595
Holdout AUPRC: 0.1089
Holdout PR@10: 0.0000
Holdout Duration: 0.02s
DOID:3119,Unique genes before filter: 451
Unique genes in embed: 328
Holdout performance for /home/exouser/gene-embedding-benchmarks/data/embeddings/intersect/BulkFM-MASK-CONT-15 with best C=0.1:
Holdout AUC: 0.5733
Holdout AUPRC: 0.1435
Holdout PR@10: 0.1000
Holdout Duration: 0.02s
DOID:229,Unique genes before filter: 308
Unique genes in embed: 215
Holdout performance for /home/exouser/gene-embedding-benchmarks/data/embeddings/intersect/BulkFM-MASK-CONT-15 with best C=1.0:
Holdout AUC: 0.5560
Holdout AUPRC: 0.1349
Holdout PR@10: 0.2000
Holdout Duration: 0.01s
DOID:1100,Unique genes before filter: 253
Unique genes in embed: 180
Holdout performance for /home/exouser/gene-embedding-benchmarks/data/embeddings/intersect/BulkFM-MASK-CONT-15 with best C=10.0:
Holdout AUC: 0.6875
Holdout AUPRC: 0.3821
Holdout PR@10: 0.2000
Holdout Duration: 0.01s
DOID:12930,Unique genes before filter: 385
Unique genes in embed: 261
Holdout performance for /home/exouser/gene-embedding-benchmarks/data/embeddings/intersect/BulkFM-MASK-CONT-15 with best C=0.1:
Holdout AUC: 0.6897
Holdout AUPRC: 0.6378
Holdout PR@10: 0.3000
Holdout Duration: 0.01s
DOID:1342,Unique genes before filter: 363
Unique genes in embed: 256
Holdout performance for /home/exouser/gene-embedding-benchmarks/data/embeddings/intersect/BulkFM-MASK-CONT-15 with best C=0.1:
Holdout AUC: 0.7222
Holdout AUPRC: 0.2279
Holdout PR@10: 0.2000
Holdout Duration: 0.01s
DOID:9256,Unique genes before filter: 253
Unique genes in embed: 184
Holdout performance for /home/exouser/gene-embedding-benchmarks/data/embeddings/intersect/BulkFM-MASK-CONT-15 with best C=0.1:
Holdout AUC: 0.7321
Holdout AUPRC: 0.1812
Holdout PR@10: 0.2000
Holdout Duration: 0.01s
DOID:10155,Unique genes before filter: 253
Unique genes in embed: 176
Holdout performance for /home/exouser/gene-embedding-benchmarks/data/embeddings/intersect/BulkFM-MASK-CONT-15 with best C=0.1:
Holdout AUC: 0.8214
Holdout AUPRC: 0.4789
Holdout PR@10: 0.3000
Holdout Duration: 0.01s
DOID:5672,Unique genes before filter: 253
Unique genes in embed: 179
Holdout performance for /home/exouser/gene-embedding-benchmarks/data/embeddings/intersect/BulkFM-MASK-CONT-15 with best C=0.1:
Holdout AUC: 0.3929
Holdout AUPRC: 0.0869
Holdout PR@10: 0.0000
Holdout Duration: 0.01s
Saved fold results to /home/exouser/gene-embedding-benchmarks/results/tsvs/BulkFM-MASK-CONT-15_fold_results.pkl
Saved holdout results to /home/exouser/gene-embedding-benchmarks/results/tsvs/BulkFM-MASK-CONT-15_holdout_results.pkl

=== Step 3: Gene-pair benchmarks (parallel) ===
  Pair: ng
  Pair: sl
  Pair: tf
  Pair: pombe
Processing 'BulkFM-MASK-CONT-15' | Operation: sum
Original positives: 2124, Filtered positives: 733
Fold 0: train=4106, outer=1053
Fold 1: train=4244, outer=947
Fold 2: train=3937, outer=1089

Results:
   fold  best_C  inner_AUC  inner_AUPRC  inner_PR@10  inner_time  outer_AUC  outer_AUPRC  outer_PR@10  outer_time  orig_pos_pairs  filtered_pos_pairs
      0     0.1   0.781527     0.206646     0.266667    1.568104   0.568522     0.023028          0.0    0.283616          2124.0               733.0
      1     0.1   0.650578     0.200307     0.266667    0.800991   0.667492     0.101310          0.1    0.227988          2124.0               733.0
      2     0.1   0.505569     0.037285     0.000000    0.960934   0.798175     0.379926          0.5    0.425770          2124.0               733.0
average     0.1   0.645891     0.148079     0.177778    1.110010   0.678063     0.168088          0.2    0.312458          2124.0               733.0

Saved to /home/exouser/gene-embedding-benchmarks/results/tsvs/BulkFM-MASK-CONT-15_sum_intersected_sl.csv
Processing 'BulkFM-MASK-CONT-15' | Operation: sum
Original positives: 5966, Filtered positives: 2535
Fold 0: train=11261, outer=2845
Fold 1: train=11287, outer=2725
Fold 2: train=11252, outer=2795

Results:
   fold  best_C  inner_AUC  inner_AUPRC  inner_PR@10  inner_time  outer_AUC  outer_AUPRC  outer_PR@10  outer_time  orig_pos_pairs  filtered_pos_pairs
      0     0.1   0.600514     0.130903     0.133333   14.762153   0.525845     0.130049          0.1    4.982164          5966.0              2535.0
      1    10.0   0.564270     0.141126     0.200000    9.523717   0.565031     0.111898          0.2    2.162516          5966.0              2535.0
      2     1.0   0.483114     0.100815     0.066667    9.888181   0.517295     0.105511          0.0    3.153759          5966.0              2535.0
average     0.1   0.549299     0.124281     0.133333   11.391350   0.536057     0.115819          0.1    3.432813          5966.0              2535.0

Saved to /home/exouser/gene-embedding-benchmarks/results/tsvs/BulkFM-MASK-CONT-15_sum_intersected_pombe.csv
Processing 'BulkFM-MASK-CONT-15' | Operation: sum
Original positives: 10568, Filtered positives: 4927
Fold 0: train=19502, outer=5184
Fold 1: train=20791, outer=4637
Fold 2: train=19508, outer=5110

Results:
   fold  best_C  inner_AUC  inner_AUPRC  inner_PR@10  inner_time  outer_AUC  outer_AUPRC  outer_PR@10  outer_time  orig_pos_pairs  filtered_pos_pairs
      0     0.1   0.484367     0.135048     0.466667   49.018943   0.709570     0.253115     0.500000   11.154144         10568.0              4927.0
      1     0.1   0.618503     0.205849     0.400000   59.099062   0.564468     0.090844     0.200000    9.206237         10568.0              4927.0
      2     0.1   0.587611     0.172485     0.400000   48.261521   0.401836     0.129331     0.400000   11.838967         10568.0              4927.0
average     0.1   0.563494     0.171128     0.422222   52.126509   0.558625     0.157763     0.366667   10.733116         10568.0              4927.0

Saved to /home/exouser/gene-embedding-benchmarks/results/tsvs/BulkFM-MASK-CONT-15_sum_intersected_ng.csv
Processing 'BulkFM-MASK-CONT-15' | Operation: sum
Original positives: 10000, Filtered positives: 4818
Fold 0: train=19498, outer=5202
Fold 1: train=20268, outer=4999
Fold 2: train=20222, outer=4932

Results:
   fold  best_C  inner_AUC  inner_AUPRC  inner_PR@10  inner_time  outer_AUC  outer_AUPRC  outer_PR@10  outer_time  orig_pos_pairs  filtered_pos_pairs
      0     0.1   0.556127     0.125725     0.100000   66.944219   0.547155     0.130809     0.100000   14.805705         10000.0              4818.0
      1    10.0   0.517153     0.109242     0.033333   55.233422   0.489439     0.098850     0.000000    4.892250         10000.0              4818.0
      2     0.1   0.590739     0.153648     0.300000   64.596108   0.515473     0.113398     0.100000   13.078187         10000.0              4818.0
average     0.1   0.554673     0.129538     0.144444   62.257916   0.517356     0.114353     0.066667   10.925381         10000.0              4818.0

Saved to /home/exouser/gene-embedding-benchmarks/results/tsvs/BulkFM-MASK-CONT-15_sum_intersected_tf.csv

=== Step 4: Append results to results/gene_benchmark_results.csv ===
  GO: 0.6380
  OMIM: 0.6047
  ng: 0.5586248526589375
  sl: 0.6780629476956191
  tf: 0.5173556840317625
  pombe: 0.5360571359022824
  Appended to /home/exouser/BulkFM/results/gene_benchmark_results.csv

==============================================
  Pipeline complete for BulkFM-MASK-CONT-15

  Results:
    GO:    /home/exouser/gene-embedding-benchmarks/results/tsvs/BulkFM-MASK-CONT-15_holdout_results_go.pkl
    OMIM:  /home/exouser/gene-embedding-benchmarks/results/tsvs/BulkFM-MASK-CONT-15_holdout_results.pkl
    NG:    /home/exouser/gene-embedding-benchmarks/results/tsvs/BulkFM-MASK-CONT-15_sum_intersected_ng.csv
    SL:    /home/exouser/gene-embedding-benchmarks/results/tsvs/BulkFM-MASK-CONT-15_sum_intersected_sl.csv
    TF:    /home/exouser/gene-embedding-benchmarks/results/tsvs/BulkFM-MASK-CONT-15_sum_intersected_tf.csv
    pombe: /home/exouser/gene-embedding-benchmarks/results/tsvs/BulkFM-MASK-CONT-15_sum_intersected_pombe.csv
  Logs:   /home/exouser/BulkFM/results/logs/20260801_002101_BulkFM-MASK-CONT-15_*.log
==============================================
==============================================
  BulkFM Benchmark Pipeline
  Checkpoint: checkpoints/train_20260730_182355_local/best_model.pt
  Output:     BulkFM-MASK-BIN-15
  Extraction: forward_mask
==============================================

=== Step 1: Extract and prepare embeddings ===
  Embeddings already exist, skipping extraction

=== Step 2a: GO benchmark ===
GO:0006325,Unique genes before filter: 2263
Unique genes in embed: 1445
Holdout performance for /home/exouser/gene-embedding-benchmarks/data/embeddings/intersect/BulkFM-MASK-BIN-15 with best C=1.0:
Holdout AUC: 0.6768
Holdout AUPRC: 0.4406
Holdout PR@10: 0.6000
Holdout Duration: 0.24s
GO:0006402,Unique genes before filter: 1030
Unique genes in embed: 689
Holdout performance for /home/exouser/gene-embedding-benchmarks/data/embeddings/intersect/BulkFM-MASK-BIN-15 with best C=0.1:
Holdout AUC: 0.7369
Holdout AUPRC: 0.1632
Holdout PR@10: 0.2000
Holdout Duration: 0.05s
GO:0000381,Unique genes before filter: 493
Unique genes in embed: 344
Holdout performance for /home/exouser/gene-embedding-benchmarks/data/embeddings/intersect/BulkFM-MASK-BIN-15 with best C=1.0:
Holdout AUC: 0.5714
Holdout AUPRC: 0.2491
Holdout PR@10: 0.1000
Holdout Duration: 0.01s
GO:0045089,Unique genes before filter: 1727
Unique genes in embed: 1109
Holdout performance for /home/exouser/gene-embedding-benchmarks/data/embeddings/intersect/BulkFM-MASK-BIN-15 with best C=1.0:
Holdout AUC: 0.6952
Holdout AUPRC: 0.2842
Holdout PR@10: 0.4000
Holdout Duration: 0.13s
GO:0043488,Unique genes before filter: 1417
Unique genes in embed: 969
Holdout performance for /home/exouser/gene-embedding-benchmarks/data/embeddings/intersect/BulkFM-MASK-BIN-15 with best C=0.1:
Holdout AUC: 0.6828
Holdout AUPRC: 0.1723
Holdout PR@10: 0.1000
Holdout Duration: 0.11s
GO:0045787,Unique genes before filter: 1769
Unique genes in embed: 1168
Holdout performance for /home/exouser/gene-embedding-benchmarks/data/embeddings/intersect/BulkFM-MASK-BIN-15 with best C=0.1:
Holdout AUC: 0.5764
Holdout AUPRC: 0.2305
Holdout PR@10: 0.4000
Holdout Duration: 0.18s
GO:0050890,Unique genes before filter: 1761
Unique genes in embed: 1254
Holdout performance for /home/exouser/gene-embedding-benchmarks/data/embeddings/intersect/BulkFM-MASK-BIN-15 with best C=0.1:
Holdout AUC: 0.6241
Holdout AUPRC: 0.1765
Holdout PR@10: 0.2000
Holdout Duration: 0.21s
GO:0007399,Unique genes before filter: 2700
Unique genes in embed: 1802
Holdout performance for /home/exouser/gene-embedding-benchmarks/data/embeddings/intersect/BulkFM-MASK-BIN-15 with best C=1.0:
Holdout AUC: 0.6304
Holdout AUPRC: 0.6114
Holdout PR@10: 0.8000
Holdout Duration: 0.41s
GO:0060828,Unique genes before filter: 1704
Unique genes in embed: 1089
Holdout performance for /home/exouser/gene-embedding-benchmarks/data/embeddings/intersect/BulkFM-MASK-BIN-15 with best C=0.1:
Holdout AUC: 0.5725
Holdout AUPRC: 0.1359
Holdout PR@10: 0.1000
Holdout Duration: 0.15s
GO:0006493,Unique genes before filter: 863
Unique genes in embed: 573
Holdout performance for /home/exouser/gene-embedding-benchmarks/data/embeddings/intersect/BulkFM-MASK-BIN-15 with best C=0.1:
Holdout AUC: 0.6255
Holdout AUPRC: 0.1514
Holdout PR@10: 0.1000
Holdout Duration: 0.04s
GO:0007605,Unique genes before filter: 1444
Unique genes in embed: 968
Holdout performance for /home/exouser/gene-embedding-benchmarks/data/embeddings/intersect/BulkFM-MASK-BIN-15 with best C=0.1:
Holdout AUC: 0.5938
Holdout AUPRC: 0.1077
Holdout PR@10: 0.1000
Holdout Duration: 0.11s
GO:0016236,Unique genes before filter: 1668
Unique genes in embed: 1071
Holdout performance for /home/exouser/gene-embedding-benchmarks/data/embeddings/intersect/BulkFM-MASK-BIN-15 with best C=0.1:
Holdout AUC: 0.7337
Holdout AUPRC: 0.1930
Holdout PR@10: 0.2000
Holdout Duration: 0.12s
GO:0010506,Unique genes before filter: 1764
Unique genes in embed: 1157
Holdout performance for /home/exouser/gene-embedding-benchmarks/data/embeddings/intersect/BulkFM-MASK-BIN-15 with best C=0.1:
Holdout AUC: 0.6347
Holdout AUPRC: 0.1864
Holdout PR@10: 0.0000
Holdout Duration: 0.17s
GO:0042476,Unique genes before filter: 1039
Unique genes in embed: 696
Holdout performance for /home/exouser/gene-embedding-benchmarks/data/embeddings/intersect/BulkFM-MASK-BIN-15 with best C=0.1:
Holdout AUC: 0.5989
Holdout AUPRC: 0.1651
Holdout PR@10: 0.2000
Holdout Duration: 0.06s
GO:0050679,Unique genes before filter: 1657
Unique genes in embed: 1143
Holdout performance for /home/exouser/gene-embedding-benchmarks/data/embeddings/intersect/BulkFM-MASK-BIN-15 with best C=0.1:
Holdout AUC: 0.6056
Holdout AUPRC: 0.1513
Holdout PR@10: 0.1000
Holdout Duration: 0.16s
GO:0006631,Unique genes before filter: 1752
Unique genes in embed: 1204
Holdout performance for /home/exouser/gene-embedding-benchmarks/data/embeddings/intersect/BulkFM-MASK-BIN-15 with best C=1.0:
Holdout AUC: 0.5788
Holdout AUPRC: 0.1506
Holdout PR@10: 0.0000
Holdout Duration: 0.17s
GO:0007283,Unique genes before filter: 1984
Unique genes in embed: 1243
Holdout performance for /home/exouser/gene-embedding-benchmarks/data/embeddings/intersect/BulkFM-MASK-BIN-15 with best C=0.1:
Holdout AUC: 0.6034
Holdout AUPRC: 0.2941
Holdout PR@10: 0.4000
Holdout Duration: 0.20s
GO:0001654,Unique genes before filter: 1820
Unique genes in embed: 1200
Holdout performance for /home/exouser/gene-embedding-benchmarks/data/embeddings/intersect/BulkFM-MASK-BIN-15 with best C=0.1:
Holdout AUC: 0.5990
Holdout AUPRC: 0.1986
Holdout PR@10: 0.2000
Holdout Duration: 0.17s
GO:0051310,Unique genes before filter: 696
Unique genes in embed: 464
Holdout performance for /home/exouser/gene-embedding-benchmarks/data/embeddings/intersect/BulkFM-MASK-BIN-15 with best C=1.0:
Holdout AUC: 0.8210
Holdout AUPRC: 0.4490
Holdout PR@10: 0.4000
Holdout Duration: 0.02s
GO:0001578,Unique genes before filter: 1048
Unique genes in embed: 715
Holdout performance for /home/exouser/gene-embedding-benchmarks/data/embeddings/intersect/BulkFM-MASK-BIN-15 with best C=1.0:
Holdout AUC: 0.5813
Holdout AUPRC: 0.1169
Holdout PR@10: 0.1000
Holdout Duration: 0.05s
GO:0007601,Unique genes before filter: 1677
Unique genes in embed: 1161
Holdout performance for /home/exouser/gene-embedding-benchmarks/data/embeddings/intersect/BulkFM-MASK-BIN-15 with best C=0.1:
Holdout AUC: 0.6446
Holdout AUPRC: 0.1677
Holdout PR@10: 0.2000
Holdout Duration: 0.17s
GO:0006400,Unique genes before filter: 784
Unique genes in embed: 551
Holdout performance for /home/exouser/gene-embedding-benchmarks/data/embeddings/intersect/BulkFM-MASK-BIN-15 with best C=1.0:
Holdout AUC: 0.8189
Holdout AUPRC: 0.3990
Holdout PR@10: 0.4000
Holdout Duration: 0.02s
GO:0031297,Unique genes before filter: 414
Unique genes in embed: 269
Holdout performance for /home/exouser/gene-embedding-benchmarks/data/embeddings/intersect/BulkFM-MASK-BIN-15 with best C=1.0:
Holdout AUC: 0.7343
Holdout AUPRC: 0.5014
Holdout PR@10: 0.3000
Holdout Duration: 0.01s
GO:0008584,Unique genes before filter: 1276
Unique genes in embed: 827
Holdout performance for /home/exouser/gene-embedding-benchmarks/data/embeddings/intersect/BulkFM-MASK-BIN-15 with best C=0.1:
Holdout AUC: 0.6994
Holdout AUPRC: 0.1514
Holdout PR@10: 0.1000
Holdout Duration: 0.09s
GO:2000781,Unique genes before filter: 643
Unique genes in embed: 409
Holdout performance for /home/exouser/gene-embedding-benchmarks/data/embeddings/intersect/BulkFM-MASK-BIN-15 with best C=0.1:
Holdout AUC: 0.7840
Holdout AUPRC: 0.2098
Holdout PR@10: 0.2000
Holdout Duration: 0.02s
GO:0045814,Unique genes before filter: 1391
Unique genes in embed: 967
Holdout performance for /home/exouser/gene-embedding-benchmarks/data/embeddings/intersect/BulkFM-MASK-BIN-15 with best C=0.1:
Holdout AUC: 0.5027
Holdout AUPRC: 0.0972
Holdout PR@10: 0.1000
Holdout Duration: 0.10s
GO:0050731,Unique genes before filter: 1030
Unique genes in embed: 707
Holdout performance for /home/exouser/gene-embedding-benchmarks/data/embeddings/intersect/BulkFM-MASK-BIN-15 with best C=1.0:
Holdout AUC: 0.5549
Holdout AUPRC: 0.1243
Holdout PR@10: 0.0000
Holdout Duration: 0.05s
GO:0001666,Unique genes before filter: 1731
Unique genes in embed: 1107
Holdout performance for /home/exouser/gene-embedding-benchmarks/data/embeddings/intersect/BulkFM-MASK-BIN-15 with best C=0.1:
Holdout AUC: 0.6482
Holdout AUPRC: 0.2414
Holdout PR@10: 0.3000
Holdout Duration: 0.15s
GO:0034341,Unique genes before filter: 933
Unique genes in embed: 616
Holdout performance for /home/exouser/gene-embedding-benchmarks/data/embeddings/intersect/BulkFM-MASK-BIN-15 with best C=0.1:
Holdout AUC: 0.7009
Holdout AUPRC: 0.2983
Holdout PR@10: 0.4000
Holdout Duration: 0.05s
GO:0070555,Unique genes before filter: 880
Unique genes in embed: 574
Holdout performance for /home/exouser/gene-embedding-benchmarks/data/embeddings/intersect/BulkFM-MASK-BIN-15 with best C=0.1:
Holdout AUC: 0.4697
Holdout AUPRC: 0.1096
Holdout PR@10: 0.1000
Holdout Duration: 0.04s
GO:0008202,Unique genes before filter: 1702
Unique genes in embed: 1161
Holdout performance for /home/exouser/gene-embedding-benchmarks/data/embeddings/intersect/BulkFM-MASK-BIN-15 with best C=0.1:
Holdout AUC: 0.5750
Holdout AUPRC: 0.1483
Holdout PR@10: 0.2000
Holdout Duration: 0.18s
GO:0046034,Unique genes before filter: 968
Unique genes in embed: 649
Holdout performance for /home/exouser/gene-embedding-benchmarks/data/embeddings/intersect/BulkFM-MASK-BIN-15 with best C=0.1:
Holdout AUC: 0.4463
Holdout AUPRC: 0.0865
Holdout PR@10: 0.1000
Holdout Duration: 0.05s
GO:0031398,Unique genes before filter: 951
Unique genes in embed: 649
Holdout performance for /home/exouser/gene-embedding-benchmarks/data/embeddings/intersect/BulkFM-MASK-BIN-15 with best C=0.1:
Holdout AUC: 0.6853
Holdout AUPRC: 0.1611
Holdout PR@10: 0.1000
Holdout Duration: 0.05s
GO:0006813,Unique genes before filter: 1611
Unique genes in embed: 1120
Holdout performance for /home/exouser/gene-embedding-benchmarks/data/embeddings/intersect/BulkFM-MASK-BIN-15 with best C=0.1:
Holdout AUC: 0.7475
Holdout AUPRC: 0.2124
Holdout PR@10: 0.2000
Holdout Duration: 0.14s
GO:0042593,Unique genes before filter: 1658
Unique genes in embed: 1109
Holdout performance for /home/exouser/gene-embedding-benchmarks/data/embeddings/intersect/BulkFM-MASK-BIN-15 with best C=0.1:
Holdout AUC: 0.5529
Holdout AUPRC: 0.1285
Holdout PR@10: 0.0000
Holdout Duration: 0.14s
GO:0097190,Unique genes before filter: 1753
Unique genes in embed: 1134
Holdout performance for /home/exouser/gene-embedding-benchmarks/data/embeddings/intersect/BulkFM-MASK-BIN-15 with best C=0.1:
Holdout AUC: 0.5368
Holdout AUPRC: 0.1685
Holdout PR@10: 0.2000
Holdout Duration: 0.17s
GO:0097191,Unique genes before filter: 1004
Unique genes in embed: 650
Holdout performance for /home/exouser/gene-embedding-benchmarks/data/embeddings/intersect/BulkFM-MASK-BIN-15 with best C=0.1:
Holdout AUC: 0.5435
Holdout AUPRC: 0.1078
Holdout PR@10: 0.1000
Holdout Duration: 0.05s
GO:0001938,Unique genes before filter: 784
Unique genes in embed: 554
Holdout performance for /home/exouser/gene-embedding-benchmarks/data/embeddings/intersect/BulkFM-MASK-BIN-15 with best C=1.0:
Holdout AUC: 0.5302
Holdout AUPRC: 0.1470
Holdout PR@10: 0.2000
Holdout Duration: 0.03s
GO:1901224,Unique genes before filter: 537
Unique genes in embed: 373
Holdout performance for /home/exouser/gene-embedding-benchmarks/data/embeddings/intersect/BulkFM-MASK-BIN-15 with best C=0.1:
Holdout AUC: 0.7679
Holdout AUPRC: 0.2858
Holdout PR@10: 0.3000
Holdout Duration: 0.02s
GO:0050796,Unique genes before filter: 1514
Unique genes in embed: 1030
Holdout performance for /home/exouser/gene-embedding-benchmarks/data/embeddings/intersect/BulkFM-MASK-BIN-15 with best C=0.1:
Holdout AUC: 0.5598
Holdout AUPRC: 0.1696
Holdout PR@10: 0.2000
Holdout Duration: 0.12s
GO:0001649,Unique genes before filter: 1224
Unique genes in embed: 806
Holdout performance for /home/exouser/gene-embedding-benchmarks/data/embeddings/intersect/BulkFM-MASK-BIN-15 with best C=0.1:
Holdout AUC: 0.7093
Holdout AUPRC: 0.1885
Holdout PR@10: 0.2000
Holdout Duration: 0.08s
GO:0051865,Unique genes before filter: 608
Unique genes in embed: 411
Holdout performance for /home/exouser/gene-embedding-benchmarks/data/embeddings/intersect/BulkFM-MASK-BIN-15 with best C=0.1:
Holdout AUC: 0.5795
Holdout AUPRC: 0.1785
Holdout PR@10: 0.1000
Holdout Duration: 0.02s
GO:0042632,Unique genes before filter: 775
Unique genes in embed: 507
Holdout performance for /home/exouser/gene-embedding-benchmarks/data/embeddings/intersect/BulkFM-MASK-BIN-15 with best C=0.1:
Holdout AUC: 0.6204
Holdout AUPRC: 0.1289
Holdout PR@10: 0.1000
Holdout Duration: 0.04s
GO:0000724,Unique genes before filter: 1021
Unique genes in embed: 648
Holdout performance for /home/exouser/gene-embedding-benchmarks/data/embeddings/intersect/BulkFM-MASK-BIN-15 with best C=1.0:
Holdout AUC: 0.7430
Holdout AUPRC: 0.2522
Holdout PR@10: 0.4000
Holdout Duration: 0.04s
GO:0050680,Unique genes before filter: 1197
Unique genes in embed: 814
Holdout performance for /home/exouser/gene-embedding-benchmarks/data/embeddings/intersect/BulkFM-MASK-BIN-15 with best C=0.1:
Holdout AUC: 0.5894
Holdout AUPRC: 0.1632
Holdout PR@10: 0.2000
Holdout Duration: 0.08s
GO:0061844,Unique genes before filter: 1074
Unique genes in embed: 711
Holdout performance for /home/exouser/gene-embedding-benchmarks/data/embeddings/intersect/BulkFM-MASK-BIN-15 with best C=1.0:
Holdout AUC: 0.8534
Holdout AUPRC: 0.2781
Holdout PR@10: 0.3000
Holdout Duration: 0.04s
GO:0006888,Unique genes before filter: 1039
Unique genes in embed: 693
Holdout performance for /home/exouser/gene-embedding-benchmarks/data/embeddings/intersect/BulkFM-MASK-BIN-15 with best C=0.1:
Holdout AUC: 0.7107
Holdout AUPRC: 0.1416
Holdout PR@10: 0.1000
Holdout Duration: 0.06s
GO:0000086,Unique genes before filter: 414
Unique genes in embed: 284
Holdout performance for /home/exouser/gene-embedding-benchmarks/data/embeddings/intersect/BulkFM-MASK-BIN-15 with best C=10.0:
Holdout AUC: 0.6520
Holdout AUPRC: 0.3034
Holdout PR@10: 0.3000
Holdout Duration: 0.01s
GO:0006693,Unique genes before filter: 344
Unique genes in embed: 226
Holdout performance for /home/exouser/gene-embedding-benchmarks/data/embeddings/intersect/BulkFM-MASK-BIN-15 with best C=1.0:
Holdout AUC: 0.5000
Holdout AUPRC: 0.1138
Holdout PR@10: 0.1000
Holdout Duration: 0.01s
GO:0090303,Unique genes before filter: 537
Unique genes in embed: 341
Holdout performance for /home/exouser/gene-embedding-benchmarks/data/embeddings/intersect/BulkFM-MASK-BIN-15 with best C=0.1:
Holdout AUC: 0.5586
Holdout AUPRC: 0.1565
Holdout PR@10: 0.2000
Holdout Duration: 0.02s
GO:0007189,Unique genes before filter: 1417
Unique genes in embed: 914
Holdout performance for /home/exouser/gene-embedding-benchmarks/data/embeddings/intersect/BulkFM-MASK-BIN-15 with best C=0.1:
Holdout AUC: 0.6898
Holdout AUPRC: 0.1723
Holdout PR@10: 0.2000
Holdout Duration: 0.09s
GO:0001837,Unique genes before filter: 731
Unique genes in embed: 460
Holdout performance for /home/exouser/gene-embedding-benchmarks/data/embeddings/intersect/BulkFM-MASK-BIN-15 with best C=10.0:
Holdout AUC: 0.6542
Holdout AUPRC: 0.1571
Holdout PR@10: 0.2000
Holdout Duration: 0.03s
GO:2001244,Unique genes before filter: 528
Unique genes in embed: 351
Holdout performance for /home/exouser/gene-embedding-benchmarks/data/embeddings/intersect/BulkFM-MASK-BIN-15 with best C=0.1:
Holdout AUC: 0.6284
Holdout AUPRC: 0.1670
Holdout PR@10: 0.1000
Holdout Duration: 0.02s
GO:0006487,Unique genes before filter: 652
Unique genes in embed: 439
Holdout performance for /home/exouser/gene-embedding-benchmarks/data/embeddings/intersect/BulkFM-MASK-BIN-15 with best C=0.1:
Holdout AUC: 0.4983
Holdout AUPRC: 0.0924
Holdout PR@10: 0.0000
Holdout Duration: 0.03s
GO:0006879,Unique genes before filter: 581
Unique genes in embed: 401
Holdout performance for /home/exouser/gene-embedding-benchmarks/data/embeddings/intersect/BulkFM-MASK-BIN-15 with best C=0.1:
Holdout AUC: 0.6300
Holdout AUPRC: 0.1439
Holdout PR@10: 0.1000
Holdout Duration: 0.02s
GO:0035987,Unique genes before filter: 405
Unique genes in embed: 266
Holdout performance for /home/exouser/gene-embedding-benchmarks/data/embeddings/intersect/BulkFM-MASK-BIN-15 with best C=0.1:
Holdout AUC: 0.3030
Holdout AUPRC: 0.0608
Holdout PR@10: 0.0000
Holdout Duration: 0.01s
Saved fold results to /home/exouser/gene-embedding-benchmarks/results/tsvs/BulkFM-MASK-BIN-15_fold_results.pkl
Saved holdout results to /home/exouser/gene-embedding-benchmarks/results/tsvs/BulkFM-MASK-BIN-15_holdout_results.pkl

=== Step 2b: OMIM benchmark ===
DOID:65,Unique genes before filter: 2409
Unique genes in embed: 1604
Holdout performance for /home/exouser/gene-embedding-benchmarks/data/embeddings/intersect/BulkFM-MASK-BIN-15 with best C=1.0:
Holdout AUC: 0.6178
Holdout AUPRC: 0.1729
Holdout PR@10: 0.2000
Holdout Duration: 0.26s
DOID:0050161,Unique genes before filter: 374
Unique genes in embed: 274
Holdout performance for /home/exouser/gene-embedding-benchmarks/data/embeddings/intersect/BulkFM-MASK-BIN-15 with best C=10.0:
Holdout AUC: 0.6552
Holdout AUPRC: 0.2657
Holdout PR@10: 0.2000
Holdout Duration: 0.01s
DOID:417,Unique genes before filter: 440
Unique genes in embed: 315
Holdout performance for /home/exouser/gene-embedding-benchmarks/data/embeddings/intersect/BulkFM-MASK-BIN-15 with best C=0.1:
Holdout AUC: 0.5945
Holdout AUPRC: 0.1529
Holdout PR@10: 0.2000
Holdout Duration: 0.02s
DOID:612,Unique genes before filter: 1672
Unique genes in embed: 1142
Holdout performance for /home/exouser/gene-embedding-benchmarks/data/embeddings/intersect/BulkFM-MASK-BIN-15 with best C=1.0:
Holdout AUC: 0.7881
Holdout AUPRC: 0.3468
Holdout PR@10: 0.5000
Holdout Duration: 0.11s
DOID:0050739,Unique genes before filter: 1943
Unique genes in embed: 1285
Holdout performance for /home/exouser/gene-embedding-benchmarks/data/embeddings/intersect/BulkFM-MASK-BIN-15 with best C=100.0:
Holdout AUC: 0.4953
Holdout AUPRC: 0.8128
Holdout PR@10: 0.9000
Holdout Duration: 0.22s
DOID:0050736,Unique genes before filter: 1321
Unique genes in embed: 912
Holdout performance for /home/exouser/gene-embedding-benchmarks/data/embeddings/intersect/BulkFM-MASK-BIN-15 with best C=0.1:
Holdout AUC: 0.4968
Holdout AUPRC: 0.6592
Holdout PR@10: 0.7000
Holdout Duration: 0.10s
DOID:0050686,Unique genes before filter: 1551
Unique genes in embed: 1069
Holdout performance for /home/exouser/gene-embedding-benchmarks/data/embeddings/intersect/BulkFM-MASK-BIN-15 with best C=0.1:
Holdout AUC: 0.6356
Holdout AUPRC: 0.1732
Holdout PR@10: 0.3000
Holdout Duration: 0.14s
DOID:0050687,Unique genes before filter: 418
Unique genes in embed: 289
Holdout performance for /home/exouser/gene-embedding-benchmarks/data/embeddings/intersect/BulkFM-MASK-BIN-15 with best C=0.1:
Holdout AUC: 0.3690
Holdout AUPRC: 0.0857
Holdout PR@10: 0.1000
Holdout Duration: 0.01s
DOID:557,Unique genes before filter: 946
Unique genes in embed: 661
Holdout performance for /home/exouser/gene-embedding-benchmarks/data/embeddings/intersect/BulkFM-MASK-BIN-15 with best C=1.0:
Holdout AUC: 0.5775
Holdout AUPRC: 0.1285
Holdout PR@10: 0.1000
Holdout Duration: 0.04s
DOID:305,Unique genes before filter: 319
Unique genes in embed: 220
Holdout performance for /home/exouser/gene-embedding-benchmarks/data/embeddings/intersect/BulkFM-MASK-BIN-15 with best C=10.0:
Holdout AUC: 0.6607
Holdout AUPRC: 0.4191
Holdout PR@10: 0.2000
Holdout Duration: 0.01s
DOID:37,Unique genes before filter: 1210
Unique genes in embed: 837
Holdout performance for /home/exouser/gene-embedding-benchmarks/data/embeddings/intersect/BulkFM-MASK-BIN-15 with best C=0.1:
Holdout AUC: 0.4400
Holdout AUPRC: 0.1361
Holdout PR@10: 0.1000
Holdout Duration: 0.08s
DOID:936,Unique genes before filter: 2676
Unique genes in embed: 1787
Holdout performance for /home/exouser/gene-embedding-benchmarks/data/embeddings/intersect/BulkFM-MASK-BIN-15 with best C=0.1:
Holdout AUC: 0.5529
Holdout AUPRC: 0.1277
Holdout PR@10: 0.1000
Holdout Duration: 0.36s
DOID:114,Unique genes before filter: 1067
Unique genes in embed: 736
Holdout performance for /home/exouser/gene-embedding-benchmarks/data/embeddings/intersect/BulkFM-MASK-BIN-15 with best C=0.1:
Holdout AUC: 0.5886
Holdout AUPRC: 0.1758
Holdout PR@10: 0.3000
Holdout Duration: 0.06s
DOID:0060036,Unique genes before filter: 649
Unique genes in embed: 452
Holdout performance for /home/exouser/gene-embedding-benchmarks/data/embeddings/intersect/BulkFM-MASK-BIN-15 with best C=0.1:
Holdout AUC: 0.8500
Holdout AUPRC: 0.3284
Holdout PR@10: 0.3000
Holdout Duration: 0.03s
DOID:0050700,Unique genes before filter: 649
Unique genes in embed: 468
Holdout performance for /home/exouser/gene-embedding-benchmarks/data/embeddings/intersect/BulkFM-MASK-BIN-15 with best C=0.1:
Holdout AUC: 0.6708
Holdout AUPRC: 0.3008
Holdout PR@10: 0.3000
Holdout Duration: 0.03s
DOID:0050737,Unique genes before filter: 1864
Unique genes in embed: 1209
Holdout performance for /home/exouser/gene-embedding-benchmarks/data/embeddings/intersect/BulkFM-MASK-BIN-15 with best C=0.1:
Holdout AUC: 0.5560
Holdout AUPRC: 0.7787
Holdout PR@10: 0.8000
Holdout Duration: 0.17s
DOID:0080009,Unique genes before filter: 385
Unique genes in embed: 274
Holdout performance for /home/exouser/gene-embedding-benchmarks/data/embeddings/intersect/BulkFM-MASK-BIN-15 with best C=0.1:
Holdout AUC: 0.5511
Holdout AUPRC: 0.2590
Holdout PR@10: 0.1000
Holdout Duration: 0.01s
DOID:0050735,Unique genes before filter: 604
Unique genes in embed: 432
Holdout performance for /home/exouser/gene-embedding-benchmarks/data/embeddings/intersect/BulkFM-MASK-BIN-15 with best C=0.1:
Holdout AUC: 0.5823
Holdout AUPRC: 0.3636
Holdout PR@10: 0.3000
Holdout Duration: 0.03s
DOID:0080001,Unique genes before filter: 1969
Unique genes in embed: 1330
Holdout performance for /home/exouser/gene-embedding-benchmarks/data/embeddings/intersect/BulkFM-MASK-BIN-15 with best C=1.0:
Holdout AUC: 0.6554
Holdout AUPRC: 0.1574
Holdout PR@10: 0.2000
Holdout Duration: 0.15s
DOID:0080005,Unique genes before filter: 297
Unique genes in embed: 213
Holdout performance for /home/exouser/gene-embedding-benchmarks/data/embeddings/intersect/BulkFM-MASK-BIN-15 with best C=10.0:
Holdout AUC: 0.6750
Holdout AUPRC: 0.2082
Holdout PR@10: 0.1000
Holdout Duration: 0.01s
DOID:2490,Unique genes before filter: 418
Unique genes in embed: 290
Holdout performance for /home/exouser/gene-embedding-benchmarks/data/embeddings/intersect/BulkFM-MASK-BIN-15 with best C=0.1:
Holdout AUC: 0.6167
Holdout AUPRC: 0.1389
Holdout PR@10: 0.1000
Holdout Duration: 0.01s
DOID:4961,Unique genes before filter: 242
Unique genes in embed: 184
Holdout performance for /home/exouser/gene-embedding-benchmarks/data/embeddings/intersect/BulkFM-MASK-BIN-15 with best C=0.1:
Holdout AUC: 0.4200
Holdout AUPRC: 0.0995
Holdout PR@10: 0.1000
Holdout Duration: 0.01s
DOID:2531,Unique genes before filter: 462
Unique genes in embed: 341
Holdout performance for /home/exouser/gene-embedding-benchmarks/data/embeddings/intersect/BulkFM-MASK-BIN-15 with best C=1.0:
Holdout AUC: 0.5082
Holdout AUPRC: 0.1655
Holdout PR@10: 0.1000
Holdout Duration: 0.01s
DOID:1934,Unique genes before filter: 396
Unique genes in embed: 279
Holdout performance for /home/exouser/gene-embedding-benchmarks/data/embeddings/intersect/BulkFM-MASK-BIN-15 with best C=10.0:
Holdout AUC: 0.6562
Holdout AUPRC: 0.3392
Holdout PR@10: 0.2000
Holdout Duration: 0.01s
DOID:0080006,Unique genes before filter: 1496
Unique genes in embed: 1033
Holdout performance for /home/exouser/gene-embedding-benchmarks/data/embeddings/intersect/BulkFM-MASK-BIN-15 with best C=10.0:
Holdout AUC: 0.6240
Holdout AUPRC: 0.1220
Holdout PR@10: 0.1000
Holdout Duration: 0.10s
DOID:2256,Unique genes before filter: 880
Unique genes in embed: 619
Holdout performance for /home/exouser/gene-embedding-benchmarks/data/embeddings/intersect/BulkFM-MASK-BIN-15 with best C=10.0:
Holdout AUC: 0.7350
Holdout AUPRC: 0.3028
Holdout PR@10: 0.4000
Holdout Duration: 0.04s
DOID:0080012,Unique genes before filter: 545
Unique genes in embed: 384
Holdout performance for /home/exouser/gene-embedding-benchmarks/data/embeddings/intersect/BulkFM-MASK-BIN-15 with best C=0.1:
Holdout AUC: 0.5921
Holdout AUPRC: 0.3037
Holdout PR@10: 0.4000
Holdout Duration: 0.02s
DOID:231,Unique genes before filter: 506
Unique genes in embed: 360
Holdout performance for /home/exouser/gene-embedding-benchmarks/data/embeddings/intersect/BulkFM-MASK-BIN-15 with best C=10.0:
Holdout AUC: 0.4419
Holdout AUPRC: 0.0813
Holdout PR@10: 0.0000
Holdout Duration: 0.01s
DOID:1289,Unique genes before filter: 1958
Unique genes in embed: 1328
Holdout performance for /home/exouser/gene-embedding-benchmarks/data/embeddings/intersect/BulkFM-MASK-BIN-15 with best C=0.1:
Holdout AUC: 0.5756
Holdout AUPRC: 0.1251
Holdout PR@10: 0.1000
Holdout Duration: 0.18s
DOID:440,Unique genes before filter: 748
Unique genes in embed: 526
Holdout performance for /home/exouser/gene-embedding-benchmarks/data/embeddings/intersect/BulkFM-MASK-BIN-15 with best C=1.0:
Holdout AUC: 0.6083
Holdout AUPRC: 0.1457
Holdout PR@10: 0.2000
Holdout Duration: 0.03s
DOID:0050539,Unique genes before filter: 286
Unique genes in embed: 211
Holdout performance for /home/exouser/gene-embedding-benchmarks/data/embeddings/intersect/BulkFM-MASK-BIN-15 with best C=1.0:
Holdout AUC: 0.3958
Holdout AUPRC: 0.1049
Holdout PR@10: 0.1000
Holdout Duration: 0.01s
DOID:10595,Unique genes before filter: 539
Unique genes in embed: 382
Holdout performance for /home/exouser/gene-embedding-benchmarks/data/embeddings/intersect/BulkFM-MASK-BIN-15 with best C=1.0:
Holdout AUC: 0.5739
Holdout AUPRC: 0.2325
Holdout PR@10: 0.2000
Holdout Duration: 0.02s
DOID:870,Unique genes before filter: 1111
Unique genes in embed: 781
Holdout performance for /home/exouser/gene-embedding-benchmarks/data/embeddings/intersect/BulkFM-MASK-BIN-15 with best C=0.1:
Holdout AUC: 0.6226
Holdout AUPRC: 0.1337
Holdout PR@10: 0.0000
Holdout Duration: 0.07s
DOID:2355,Unique genes before filter: 737
Unique genes in embed: 510
Holdout performance for /home/exouser/gene-embedding-benchmarks/data/embeddings/intersect/BulkFM-MASK-BIN-15 with best C=0.1:
Holdout AUC: 0.6160
Holdout AUPRC: 0.1360
Holdout PR@10: 0.2000
Holdout Duration: 0.03s
DOID:12449,Unique genes before filter: 462
Unique genes in embed: 330
Holdout performance for /home/exouser/gene-embedding-benchmarks/data/embeddings/intersect/BulkFM-MASK-BIN-15 with best C=10.0:
Holdout AUC: 0.8011
Holdout AUPRC: 0.2476
Holdout PR@10: 0.3000
Holdout Duration: 0.01s
DOID:423,Unique genes before filter: 1188
Unique genes in embed: 815
Holdout performance for /home/exouser/gene-embedding-benchmarks/data/embeddings/intersect/BulkFM-MASK-BIN-15 with best C=1.0:
Holdout AUC: 0.7046
Holdout AUPRC: 0.1795
Holdout PR@10: 0.1000
Holdout Duration: 0.05s
DOID:0080000,Unique genes before filter: 1375
Unique genes in embed: 962
Holdout performance for /home/exouser/gene-embedding-benchmarks/data/embeddings/intersect/BulkFM-MASK-BIN-15 with best C=1.0:
Holdout AUC: 0.6853
Holdout AUPRC: 0.1960
Holdout PR@10: 0.2000
Holdout Duration: 0.08s
DOID:9884,Unique genes before filter: 561
Unique genes in embed: 394
Holdout performance for /home/exouser/gene-embedding-benchmarks/data/embeddings/intersect/BulkFM-MASK-BIN-15 with best C=1.0:
Holdout AUC: 0.6815
Holdout AUPRC: 0.1386
Holdout PR@10: 0.0000
Holdout Duration: 0.02s
DOID:66,Unique genes before filter: 1287
Unique genes in embed: 888
Holdout performance for /home/exouser/gene-embedding-benchmarks/data/embeddings/intersect/BulkFM-MASK-BIN-15 with best C=1.0:
Holdout AUC: 0.6152
Holdout AUPRC: 0.1861
Holdout PR@10: 0.1000
Holdout Duration: 0.06s
DOID:2786,Unique genes before filter: 726
Unique genes in embed: 514
Holdout performance for /home/exouser/gene-embedding-benchmarks/data/embeddings/intersect/BulkFM-MASK-BIN-15 with best C=0.1:
Holdout AUC: 0.6988
Holdout AUPRC: 0.2166
Holdout PR@10: 0.2000
Holdout Duration: 0.03s
DOID:9799,Unique genes before filter: 1056
Unique genes in embed: 720
Holdout performance for /home/exouser/gene-embedding-benchmarks/data/embeddings/intersect/BulkFM-MASK-BIN-15 with best C=1.0:
Holdout AUC: 0.5049
Holdout AUPRC: 0.1064
Holdout PR@10: 0.1000
Holdout Duration: 0.05s
DOID:4448,Unique genes before filter: 286
Unique genes in embed: 195
Holdout performance for /home/exouser/gene-embedding-benchmarks/data/embeddings/intersect/BulkFM-MASK-BIN-15 with best C=1.0:
Holdout AUC: 0.5625
Holdout AUPRC: 0.1512
Holdout PR@10: 0.1000
Holdout Duration: 0.01s
DOID:8466,Unique genes before filter: 1045
Unique genes in embed: 735
Holdout performance for /home/exouser/gene-embedding-benchmarks/data/embeddings/intersect/BulkFM-MASK-BIN-15 with best C=0.1:
Holdout AUC: 0.5039
Holdout AUPRC: 0.1695
Holdout PR@10: 0.1000
Holdout Duration: 0.06s
DOID:5614,Unique genes before filter: 2508
Unique genes in embed: 1695
Holdout performance for /home/exouser/gene-embedding-benchmarks/data/embeddings/intersect/BulkFM-MASK-BIN-15 with best C=0.1:
Holdout AUC: 0.5843
Holdout AUPRC: 0.1080
Holdout PR@10: 0.0000
Holdout Duration: 0.30s
DOID:5679,Unique genes before filter: 1353
Unique genes in embed: 949
Holdout performance for /home/exouser/gene-embedding-benchmarks/data/embeddings/intersect/BulkFM-MASK-BIN-15 with best C=0.1:
Holdout AUC: 0.5009
Holdout AUPRC: 0.0903
Holdout PR@10: 0.0000
Holdout Duration: 0.11s
DOID:1091,Unique genes before filter: 242
Unique genes in embed: 155
Holdout performance for /home/exouser/gene-embedding-benchmarks/data/embeddings/intersect/BulkFM-MASK-BIN-15 with best C=0.1:
Holdout AUC: 0.6500
Holdout AUPRC: 0.1455
Holdout PR@10: 0.1000
Holdout Duration: 0.01s
DOID:403,Unique genes before filter: 264
Unique genes in embed: 177
Holdout performance for /home/exouser/gene-embedding-benchmarks/data/embeddings/intersect/BulkFM-MASK-BIN-15 with best C=0.1:
Holdout AUC: 0.7798
Holdout AUPRC: 0.2207
Holdout PR@10: 0.2000
Holdout Duration: 0.01s
DOID:0060564,Unique genes before filter: 352
Unique genes in embed: 243
Holdout performance for /home/exouser/gene-embedding-benchmarks/data/embeddings/intersect/BulkFM-MASK-BIN-15 with best C=10.0:
Holdout AUC: 0.6369
Holdout AUPRC: 0.1641
Holdout PR@10: 0.1000
Holdout Duration: 0.01s
DOID:0050828,Unique genes before filter: 319
Unique genes in embed: 220
Holdout performance for /home/exouser/gene-embedding-benchmarks/data/embeddings/intersect/BulkFM-MASK-BIN-15 with best C=0.1:
Holdout AUC: 0.5365
Holdout AUPRC: 0.1068
Holdout PR@10: 0.1000
Holdout Duration: 0.01s
DOID:178,Unique genes before filter: 539
Unique genes in embed: 368
Holdout performance for /home/exouser/gene-embedding-benchmarks/data/embeddings/intersect/BulkFM-MASK-BIN-15 with best C=0.1:
Holdout AUC: 0.3402
Holdout AUPRC: 0.0742
Holdout PR@10: 0.0000
Holdout Duration: 0.02s
DOID:0060037,Unique genes before filter: 1980
Unique genes in embed: 1354
Holdout performance for /home/exouser/gene-embedding-benchmarks/data/embeddings/intersect/BulkFM-MASK-BIN-15 with best C=0.1:
Holdout AUC: 0.5919
Holdout AUPRC: 0.1626
Holdout PR@10: 0.2000
Holdout Duration: 0.20s
DOID:0060309,Unique genes before filter: 396
Unique genes in embed: 283
Holdout performance for /home/exouser/gene-embedding-benchmarks/data/embeddings/intersect/BulkFM-MASK-BIN-15 with best C=0.1:
Holdout AUC: 0.6818
Holdout AUPRC: 0.1529
Holdout PR@10: 0.0000
Holdout Duration: 0.02s
DOID:1059,Unique genes before filter: 1914
Unique genes in embed: 1296
Holdout performance for /home/exouser/gene-embedding-benchmarks/data/embeddings/intersect/BulkFM-MASK-BIN-15 with best C=0.1:
Holdout AUC: 0.5445
Holdout AUPRC: 0.1000
Holdout PR@10: 0.1000
Holdout Duration: 0.18s
DOID:0060038,Unique genes before filter: 1980
Unique genes in embed: 1349
Holdout performance for /home/exouser/gene-embedding-benchmarks/data/embeddings/intersect/BulkFM-MASK-BIN-15 with best C=0.1:
Holdout AUC: 0.5398
Holdout AUPRC: 0.1213
Holdout PR@10: 0.2000
Holdout Duration: 0.19s
DOID:0050888,Unique genes before filter: 462
Unique genes in embed: 331
Holdout performance for /home/exouser/gene-embedding-benchmarks/data/embeddings/intersect/BulkFM-MASK-BIN-15 with best C=0.1:
Holdout AUC: 0.7957
Holdout AUPRC: 0.2214
Holdout PR@10: 0.1000
Holdout Duration: 0.02s
DOID:10273,Unique genes before filter: 253
Unique genes in embed: 178
Holdout performance for /home/exouser/gene-embedding-benchmarks/data/embeddings/intersect/BulkFM-MASK-BIN-15 with best C=0.1:
Holdout AUC: 0.4728
Holdout AUPRC: 0.0978
Holdout PR@10: 0.1000
Holdout Duration: 0.01s
DOID:0050753,Unique genes before filter: 726
Unique genes in embed: 506
Holdout performance for /home/exouser/gene-embedding-benchmarks/data/embeddings/intersect/BulkFM-MASK-BIN-15 with best C=0.1:
Holdout AUC: 0.6278
Holdout AUPRC: 0.1990
Holdout PR@10: 0.2000
Holdout Duration: 0.03s
DOID:0050951,Unique genes before filter: 825
Unique genes in embed: 586
Holdout performance for /home/exouser/gene-embedding-benchmarks/data/embeddings/intersect/BulkFM-MASK-BIN-15 with best C=0.1:
Holdout AUC: 0.4020
Holdout AUPRC: 0.0966
Holdout PR@10: 0.2000
Holdout Duration: 0.04s
DOID:0050950,Unique genes before filter: 363
Unique genes in embed: 263
Holdout performance for /home/exouser/gene-embedding-benchmarks/data/embeddings/intersect/BulkFM-MASK-BIN-15 with best C=0.1:
Holdout AUC: 0.7202
Holdout AUPRC: 0.2448
Holdout PR@10: 0.2000
Holdout Duration: 0.01s
DOID:2277,Unique genes before filter: 737
Unique genes in embed: 516
Holdout performance for /home/exouser/gene-embedding-benchmarks/data/embeddings/intersect/BulkFM-MASK-BIN-15 with best C=1.0:
Holdout AUC: 0.5917
Holdout AUPRC: 0.1140
Holdout PR@10: 0.1000
Holdout Duration: 0.03s
DOID:1923,Unique genes before filter: 242
Unique genes in embed: 179
Holdout performance for /home/exouser/gene-embedding-benchmarks/data/embeddings/intersect/BulkFM-MASK-BIN-15 with best C=0.1:
Holdout AUC: 0.3807
Holdout AUPRC: 0.0802
Holdout PR@10: 0.0000
Holdout Duration: 0.01s
DOID:1441,Unique genes before filter: 396
Unique genes in embed: 281
Holdout performance for /home/exouser/gene-embedding-benchmarks/data/embeddings/intersect/BulkFM-MASK-BIN-15 with best C=1.0:
Holdout AUC: 0.5521
Holdout AUPRC: 0.3230
Holdout PR@10: 0.1000
Holdout Duration: 0.01s
DOID:607,Unique genes before filter: 638
Unique genes in embed: 434
Holdout performance for /home/exouser/gene-embedding-benchmarks/data/embeddings/intersect/BulkFM-MASK-BIN-15 with best C=0.1:
Holdout AUC: 0.7573
Holdout AUPRC: 0.3175
Holdout PR@10: 0.2000
Holdout Duration: 0.03s
DOID:2476,Unique genes before filter: 638
Unique genes in embed: 453
Holdout performance for /home/exouser/gene-embedding-benchmarks/data/embeddings/intersect/BulkFM-MASK-BIN-15 with best C=0.1:
Holdout AUC: 0.5712
Holdout AUPRC: 0.1338
Holdout PR@10: 0.1000
Holdout Duration: 0.03s
DOID:0080578,Unique genes before filter: 385
Unique genes in embed: 263
Holdout performance for /home/exouser/gene-embedding-benchmarks/data/embeddings/intersect/BulkFM-MASK-BIN-15 with best C=0.1:
Holdout AUC: 0.5349
Holdout AUPRC: 0.1733
Holdout PR@10: 0.2000
Holdout Duration: 0.01s
DOID:627,Unique genes before filter: 209
Unique genes in embed: 145
Holdout performance for /home/exouser/gene-embedding-benchmarks/data/embeddings/intersect/BulkFM-MASK-BIN-15 with best C=1.0:
Holdout AUC: 0.3937
Holdout AUPRC: 0.1881
Holdout PR@10: 0.1000
Holdout Duration: 0.01s
DOID:0111962,Unique genes before filter: 484
Unique genes in embed: 337
Holdout performance for /home/exouser/gene-embedding-benchmarks/data/embeddings/intersect/BulkFM-MASK-BIN-15 with best C=1.0:
Holdout AUC: 0.5938
Holdout AUPRC: 0.1328
Holdout PR@10: 0.1000
Holdout Duration: 0.02s
DOID:2115,Unique genes before filter: 308
Unique genes in embed: 216
Holdout performance for /home/exouser/gene-embedding-benchmarks/data/embeddings/intersect/BulkFM-MASK-BIN-15 with best C=10.0:
Holdout AUC: 0.5680
Holdout AUPRC: 0.1419
Holdout PR@10: 0.1000
Holdout Duration: 0.01s
DOID:2583,Unique genes before filter: 220
Unique genes in embed: 161
Holdout performance for /home/exouser/gene-embedding-benchmarks/data/embeddings/intersect/BulkFM-MASK-BIN-15 with best C=1.0:
Holdout AUC: 0.6312
Holdout AUPRC: 0.1536
Holdout PR@10: 0.1000
Holdout Duration: 0.01s
DOID:0081337,Unique genes before filter: 330
Unique genes in embed: 234
Holdout performance for /home/exouser/gene-embedding-benchmarks/data/embeddings/intersect/BulkFM-MASK-BIN-15 with best C=1.0:
Holdout AUC: 0.7192
Holdout AUPRC: 0.1718
Holdout PR@10: 0.1000
Holdout Duration: 0.01s
DOID:1247,Unique genes before filter: 462
Unique genes in embed: 347
Holdout performance for /home/exouser/gene-embedding-benchmarks/data/embeddings/intersect/BulkFM-MASK-BIN-15 with best C=0.1:
Holdout AUC: 0.5545
Holdout AUPRC: 0.2391
Holdout PR@10: 0.1000
Holdout Duration: 0.02s
DOID:0060340,Unique genes before filter: 469
Unique genes in embed: 319
Holdout performance for /home/exouser/gene-embedding-benchmarks/data/embeddings/intersect/BulkFM-MASK-BIN-15 with best C=1.0:
Holdout AUC: 0.6254
Holdout AUPRC: 0.2522
Holdout PR@10: 0.1000
Holdout Duration: 0.01s
DOID:0050777,Unique genes before filter: 275
Unique genes in embed: 204
Holdout performance for /home/exouser/gene-embedding-benchmarks/data/embeddings/intersect/BulkFM-MASK-BIN-15 with best C=1.0:
Holdout AUC: 0.8812
Holdout AUPRC: 0.5104
Holdout PR@10: 0.3000
Holdout Duration: 0.01s
DOID:1826,Unique genes before filter: 1408
Unique genes in embed: 971
Holdout performance for /home/exouser/gene-embedding-benchmarks/data/embeddings/intersect/BulkFM-MASK-BIN-15 with best C=10.0:
Holdout AUC: 0.7234
Holdout AUPRC: 0.2168
Holdout PR@10: 0.3000
Holdout Duration: 0.08s
DOID:0050563,Unique genes before filter: 1144
Unique genes in embed: 800
Holdout performance for /home/exouser/gene-embedding-benchmarks/data/embeddings/intersect/BulkFM-MASK-BIN-15 with best C=0.1:
Holdout AUC: 0.6167
Holdout AUPRC: 0.1366
Holdout PR@10: 0.1000
Holdout Duration: 0.07s
DOID:0050564,Unique genes before filter: 450
Unique genes in embed: 322
Holdout performance for /home/exouser/gene-embedding-benchmarks/data/embeddings/intersect/BulkFM-MASK-BIN-15 with best C=10.0:
Holdout AUC: 0.4139
Holdout AUPRC: 0.0884
Holdout PR@10: 0.0000
Holdout Duration: 0.01s
DOID:2742,Unique genes before filter: 1144
Unique genes in embed: 811
Holdout performance for /home/exouser/gene-embedding-benchmarks/data/embeddings/intersect/BulkFM-MASK-BIN-15 with best C=0.1:
Holdout AUC: 0.6064
Holdout AUPRC: 0.1789
Holdout PR@10: 0.1000
Holdout Duration: 0.07s
DOID:10579,Unique genes before filter: 407
Unique genes in embed: 290
Holdout performance for /home/exouser/gene-embedding-benchmarks/data/embeddings/intersect/BulkFM-MASK-BIN-15 with best C=0.1:
Holdout AUC: 0.5111
Holdout AUPRC: 0.1184
Holdout PR@10: 0.1000
Holdout Duration: 0.01s
DOID:1443,Unique genes before filter: 451
Unique genes in embed: 313
Holdout performance for /home/exouser/gene-embedding-benchmarks/data/embeddings/intersect/BulkFM-MASK-BIN-15 with best C=0.1:
Holdout AUC: 0.5298
Holdout AUPRC: 0.1019
Holdout PR@10: 0.0000
Holdout Duration: 0.01s
DOID:0112202,Unique genes before filter: 1012
Unique genes in embed: 715
Holdout performance for /home/exouser/gene-embedding-benchmarks/data/embeddings/intersect/BulkFM-MASK-BIN-15 with best C=1.0:
Holdout AUC: 0.6880
Holdout AUPRC: 0.2644
Holdout PR@10: 0.4000
Holdout Duration: 0.05s
DOID:0050701,Unique genes before filter: 1232
Unique genes in embed: 868
Holdout performance for /home/exouser/gene-embedding-benchmarks/data/embeddings/intersect/BulkFM-MASK-BIN-15 with best C=10.0:
Holdout AUC: 0.5428
Holdout AUPRC: 0.1395
Holdout PR@10: 0.1000
Holdout Duration: 0.07s
DOID:0060307,Unique genes before filter: 478
Unique genes in embed: 329
Holdout performance for /home/exouser/gene-embedding-benchmarks/data/embeddings/intersect/BulkFM-MASK-BIN-15 with best C=0.1:
Holdout AUC: 0.7106
Holdout AUPRC: 0.1792
Holdout PR@10: 0.2000
Holdout Duration: 0.02s
DOID:0111910,Unique genes before filter: 671
Unique genes in embed: 459
Holdout performance for /home/exouser/gene-embedding-benchmarks/data/embeddings/intersect/BulkFM-MASK-BIN-15 with best C=0.1:
Holdout AUC: 0.5846
Holdout AUPRC: 0.1142
Holdout PR@10: 0.0000
Holdout Duration: 0.03s
DOID:48,Unique genes before filter: 847
Unique genes in embed: 580
Holdout performance for /home/exouser/gene-embedding-benchmarks/data/embeddings/intersect/BulkFM-MASK-BIN-15 with best C=0.1:
Holdout AUC: 0.6308
Holdout AUPRC: 0.1554
Holdout PR@10: 0.1000
Holdout Duration: 0.04s
DOID:12336,Unique genes before filter: 682
Unique genes in embed: 470
Holdout performance for /home/exouser/gene-embedding-benchmarks/data/embeddings/intersect/BulkFM-MASK-BIN-15 with best C=0.1:
Holdout AUC: 0.7734
Holdout AUPRC: 0.2255
Holdout PR@10: 0.2000
Holdout Duration: 0.03s
DOID:5212,Unique genes before filter: 418
Unique genes in embed: 293
Holdout performance for /home/exouser/gene-embedding-benchmarks/data/embeddings/intersect/BulkFM-MASK-BIN-15 with best C=10.0:
Holdout AUC: 0.8448
Holdout AUPRC: 0.2920
Holdout PR@10: 0.3000
Holdout Duration: 0.01s
DOID:110,Unique genes before filter: 363
Unique genes in embed: 270
Holdout performance for /home/exouser/gene-embedding-benchmarks/data/embeddings/intersect/BulkFM-MASK-BIN-15 with best C=0.1:
Holdout AUC: 0.5339
Holdout AUPRC: 0.1748
Holdout PR@10: 0.2000
Holdout Duration: 0.01s
DOID:83,Unique genes before filter: 341
Unique genes in embed: 252
Holdout performance for /home/exouser/gene-embedding-benchmarks/data/embeddings/intersect/BulkFM-MASK-BIN-15 with best C=0.1:
Holdout AUC: 0.6398
Holdout AUPRC: 0.2407
Holdout PR@10: 0.2000
Holdout Duration: 0.01s
DOID:0060308,Unique genes before filter: 475
Unique genes in embed: 326
Holdout performance for /home/exouser/gene-embedding-benchmarks/data/embeddings/intersect/BulkFM-MASK-BIN-15 with best C=0.1:
Holdout AUC: 0.6096
Holdout AUPRC: 0.1565
Holdout PR@10: 0.1000
Holdout Duration: 0.02s
DOID:0050776,Unique genes before filter: 220
Unique genes in embed: 167
Holdout performance for /home/exouser/gene-embedding-benchmarks/data/embeddings/intersect/BulkFM-MASK-BIN-15 with best C=10.0:
Holdout AUC: 0.4000
Holdout AUPRC: 0.0972
Holdout PR@10: 0.1000
Holdout Duration: 0.01s
DOID:0050889,Unique genes before filter: 220
Unique genes in embed: 158
Holdout performance for /home/exouser/gene-embedding-benchmarks/data/embeddings/intersect/BulkFM-MASK-BIN-15 with best C=10.0:
Holdout AUC: 0.3563
Holdout AUPRC: 0.1038
Holdout PR@10: 0.1000
Holdout Duration: 0.01s
DOID:0050565,Unique genes before filter: 464
Unique genes in embed: 324
Holdout performance for /home/exouser/gene-embedding-benchmarks/data/embeddings/intersect/BulkFM-MASK-BIN-15 with best C=10.0:
Holdout AUC: 0.5947
Holdout AUPRC: 0.1609
Holdout PR@10: 0.1000
Holdout Duration: 0.02s
DOID:9562,Unique genes before filter: 418
Unique genes in embed: 290
Holdout performance for /home/exouser/gene-embedding-benchmarks/data/embeddings/intersect/BulkFM-MASK-BIN-15 with best C=0.1:
Holdout AUC: 0.6680
Holdout AUPRC: 0.2359
Holdout PR@10: 0.2000
Holdout Duration: 0.01s
DOID:10584,Unique genes before filter: 671
Unique genes in embed: 473
Holdout performance for /home/exouser/gene-embedding-benchmarks/data/embeddings/intersect/BulkFM-MASK-BIN-15 with best C=1.0:
Holdout AUC: 0.4457
Holdout AUPRC: 0.0857
Holdout PR@10: 0.0000
Holdout Duration: 0.02s
DOID:5295,Unique genes before filter: 462
Unique genes in embed: 314
Holdout performance for /home/exouser/gene-embedding-benchmarks/data/embeddings/intersect/BulkFM-MASK-BIN-15 with best C=0.1:
Holdout AUC: 0.6706
Holdout AUPRC: 0.2611
Holdout PR@10: 0.1000
Holdout Duration: 0.02s
DOID:3119,Unique genes before filter: 451
Unique genes in embed: 328
Holdout performance for /home/exouser/gene-embedding-benchmarks/data/embeddings/intersect/BulkFM-MASK-BIN-15 with best C=0.1:
Holdout AUC: 0.5282
Holdout AUPRC: 0.0979
Holdout PR@10: 0.0000
Holdout Duration: 0.02s
DOID:229,Unique genes before filter: 308
Unique genes in embed: 215
Holdout performance for /home/exouser/gene-embedding-benchmarks/data/embeddings/intersect/BulkFM-MASK-BIN-15 with best C=10.0:
Holdout AUC: 0.6640
Holdout AUPRC: 0.3167
Holdout PR@10: 0.1000
Holdout Duration: 0.01s
DOID:1100,Unique genes before filter: 253
Unique genes in embed: 180
Holdout performance for /home/exouser/gene-embedding-benchmarks/data/embeddings/intersect/BulkFM-MASK-BIN-15 with best C=0.1:
Holdout AUC: 0.4875
Holdout AUPRC: 0.1034
Holdout PR@10: 0.0000
Holdout Duration: 0.01s
DOID:12930,Unique genes before filter: 385
Unique genes in embed: 261
Holdout performance for /home/exouser/gene-embedding-benchmarks/data/embeddings/intersect/BulkFM-MASK-BIN-15 with best C=0.1:
Holdout AUC: 0.7000
Holdout AUPRC: 0.2922
Holdout PR@10: 0.3000
Holdout Duration: 0.01s
DOID:1342,Unique genes before filter: 363
Unique genes in embed: 256
Holdout performance for /home/exouser/gene-embedding-benchmarks/data/embeddings/intersect/BulkFM-MASK-BIN-15 with best C=10.0:
Holdout AUC: 0.7037
Holdout AUPRC: 0.1622
Holdout PR@10: 0.2000
Holdout Duration: 0.01s
DOID:9256,Unique genes before filter: 253
Unique genes in embed: 184
Holdout performance for /home/exouser/gene-embedding-benchmarks/data/embeddings/intersect/BulkFM-MASK-BIN-15 with best C=10.0:
Holdout AUC: 0.4583
Holdout AUPRC: 0.3179
Holdout PR@10: 0.1000
Holdout Duration: 0.01s
DOID:10155,Unique genes before filter: 253
Unique genes in embed: 176
Holdout performance for /home/exouser/gene-embedding-benchmarks/data/embeddings/intersect/BulkFM-MASK-BIN-15 with best C=0.1:
Holdout AUC: 0.5893
Holdout AUPRC: 0.2140
Holdout PR@10: 0.1000
Holdout Duration: 0.01s
DOID:5672,Unique genes before filter: 253
Unique genes in embed: 179
Holdout performance for /home/exouser/gene-embedding-benchmarks/data/embeddings/intersect/BulkFM-MASK-BIN-15 with best C=10.0:
Holdout AUC: 0.6071
Holdout AUPRC: 0.1344
Holdout PR@10: 0.1000
Holdout Duration: 0.01s
Saved fold results to /home/exouser/gene-embedding-benchmarks/results/tsvs/BulkFM-MASK-BIN-15_fold_results.pkl
Saved holdout results to /home/exouser/gene-embedding-benchmarks/results/tsvs/BulkFM-MASK-BIN-15_holdout_results.pkl

=== Step 3: Gene-pair benchmarks (parallel) ===
  Pair: ng
  Pair: sl
  Pair: tf
  Pair: pombe
Processing 'BulkFM-MASK-BIN-15' | Operation: sum
Original positives: 2124, Filtered positives: 733
Fold 0: train=4106, outer=1053
Fold 1: train=4244, outer=947
Fold 2: train=3937, outer=1089

Results:
   fold  best_C  inner_AUC  inner_AUPRC  inner_PR@10  inner_time  outer_AUC  outer_AUPRC  outer_PR@10  outer_time  orig_pos_pairs  filtered_pos_pairs
      0      10   0.605817     0.122986     0.033333    1.278157   0.746955     0.109054          0.3    0.097826          2124.0               733.0
      1       1   0.627487     0.179020     0.200000    0.663388   0.752239     0.198766          0.4    0.121778          2124.0               733.0
      2     100   0.387319     0.053521     0.033333    0.441636   0.745974     0.311427          0.5    0.101505          2124.0               733.0
average       1   0.540207     0.118509     0.088889    0.794394   0.748389     0.206416          0.4    0.107036          2124.0               733.0

Saved to /home/exouser/gene-embedding-benchmarks/results/tsvs/BulkFM-MASK-BIN-15_sum_intersected_sl.csv
Processing 'BulkFM-MASK-BIN-15' | Operation: sum
Original positives: 5966, Filtered positives: 2535
Fold 0: train=11261, outer=2845
Fold 1: train=11287, outer=2725
Fold 2: train=11252, outer=2795

Results:
   fold  best_C  inner_AUC  inner_AUPRC  inner_PR@10  inner_time  outer_AUC  outer_AUPRC  outer_PR@10  outer_time  orig_pos_pairs  filtered_pos_pairs
      0     0.1   0.612432     0.134386     0.133333   14.480671   0.419797     0.094377          0.0    4.849351          5966.0              2535.0
      1    10.0   0.466554     0.096702     0.033333   11.703481   0.510309     0.077380          0.0    2.237715          5966.0              2535.0
      2     1.0   0.505024     0.104169     0.000000   10.707152   0.501168     0.095398          0.0    3.416198          5966.0              2535.0
average     0.1   0.528003     0.111752     0.055556   12.297101   0.477091     0.089051          0.0    3.501088          5966.0              2535.0

Saved to /home/exouser/gene-embedding-benchmarks/results/tsvs/BulkFM-MASK-BIN-15_sum_intersected_pombe.csv
Processing 'BulkFM-MASK-BIN-15' | Operation: sum
Original positives: 10568, Filtered positives: 4927
Fold 0: train=19502, outer=5184
Fold 1: train=20791, outer=4637
Fold 2: train=19508, outer=5110

Results:
   fold  best_C  inner_AUC  inner_AUPRC  inner_PR@10  inner_time  outer_AUC  outer_AUPRC  outer_PR@10  outer_time  orig_pos_pairs  filtered_pos_pairs
      0     0.1   0.513925     0.129003     0.300000   65.965138   0.700506     0.246099          0.2   11.487226         10568.0              4927.0
      1     1.0   0.595862     0.221921     0.666667   33.207836   0.603786     0.104109          0.2    6.619129         10568.0              4927.0
      2     0.1   0.580248     0.146202     0.300000   50.889096   0.569648     0.182114          0.5   12.911852         10568.0              4927.0
average     0.1   0.563345     0.165709     0.422222   50.020690   0.624647     0.177441          0.3   10.339402         10568.0              4927.0

Saved to /home/exouser/gene-embedding-benchmarks/results/tsvs/BulkFM-MASK-BIN-15_sum_intersected_ng.csv
Processing 'BulkFM-MASK-BIN-15' | Operation: sum
Original positives: 10000, Filtered positives: 4818
Fold 0: train=19498, outer=5202
Fold 1: train=20268, outer=4999
Fold 2: train=20222, outer=4932

Results:
   fold  best_C  inner_AUC  inner_AUPRC  inner_PR@10  inner_time  outer_AUC  outer_AUPRC  outer_PR@10  outer_time  orig_pos_pairs  filtered_pos_pairs
      0     0.1   0.529039     0.121184     0.133333   63.563427   0.474405     0.106624     0.000000   15.372143         10000.0              4818.0
      1     0.1   0.577248     0.134233     0.200000   91.975220   0.485705     0.104113     0.100000   19.928319         10000.0              4818.0
      2     0.1   0.539721     0.121961     0.066667   71.952319   0.510519     0.117344     0.000000   15.931517         10000.0              4818.0
average     0.1   0.548669     0.125793     0.133333   75.830322   0.490210     0.109360     0.033333   17.077326         10000.0              4818.0

Saved to /home/exouser/gene-embedding-benchmarks/results/tsvs/BulkFM-MASK-BIN-15_sum_intersected_tf.csv

=== Step 4: Append results to results/gene_benchmark_results.csv ===
  GO: 0.6280
  OMIM: 0.5956
  ng: 0.6246468635855077
  sl: 0.7483889032821677
  tf: 0.49020997217881074
  pombe: 0.4770911149309757
  Appended to /home/exouser/BulkFM/results/gene_benchmark_results.csv

==============================================
  Pipeline complete for BulkFM-MASK-BIN-15

  Results:
    GO:    /home/exouser/gene-embedding-benchmarks/results/tsvs/BulkFM-MASK-BIN-15_holdout_results_go.pkl
    OMIM:  /home/exouser/gene-embedding-benchmarks/results/tsvs/BulkFM-MASK-BIN-15_holdout_results.pkl
    NG:    /home/exouser/gene-embedding-benchmarks/results/tsvs/BulkFM-MASK-BIN-15_sum_intersected_ng.csv
    SL:    /home/exouser/gene-embedding-benchmarks/results/tsvs/BulkFM-MASK-BIN-15_sum_intersected_sl.csv
    TF:    /home/exouser/gene-embedding-benchmarks/results/tsvs/BulkFM-MASK-BIN-15_sum_intersected_tf.csv
    pombe: /home/exouser/gene-embedding-benchmarks/results/tsvs/BulkFM-MASK-BIN-15_sum_intersected_pombe.csv
  Logs:   /home/exouser/BulkFM/results/logs/20260801_002754_BulkFM-MASK-BIN-15_*.log
==============================================
==============================================
  BulkFM Benchmark Pipeline
  Checkpoint: weights/bulkformer/BulkFormer_147M.pt
  Output:     BulkFormer-147M
  Extraction: table
==============================================

=== Step 1: Extract and prepare embeddings ===
  Embeddings already exist, skipping extraction

=== Step 2a: GO benchmark ===
GO:0006325,Unique genes before filter: 2263
Unique genes in embed: 1445
Holdout performance for /home/exouser/gene-embedding-benchmarks/data/embeddings/intersect/BulkFormer-147M with best C=1000.0:
Holdout AUC: 0.7545
Holdout AUPRC: 0.5541
Holdout PR@10: 0.9000
Holdout Duration: 0.46s
GO:0006402,Unique genes before filter: 1030
Unique genes in embed: 689
Holdout performance for /home/exouser/gene-embedding-benchmarks/data/embeddings/intersect/BulkFormer-147M with best C=100.0:
Holdout AUC: 0.8237
Holdout AUPRC: 0.3667
Holdout PR@10: 0.5000
Holdout Duration: 0.08s
GO:0000381,Unique genes before filter: 493
Unique genes in embed: 344
Holdout performance for /home/exouser/gene-embedding-benchmarks/data/embeddings/intersect/BulkFormer-147M with best C=1000.0:
Holdout AUC: 0.7939
Holdout AUPRC: 0.5713
Holdout PR@10: 0.3000
Holdout Duration: 0.03s
GO:0045089,Unique genes before filter: 1727
Unique genes in embed: 1109
Holdout performance for /home/exouser/gene-embedding-benchmarks/data/embeddings/intersect/BulkFormer-147M with best C=1000.0:
Holdout AUC: 0.7814
Holdout AUPRC: 0.5140
Holdout PR@10: 0.8000
Holdout Duration: 0.24s
GO:0043488,Unique genes before filter: 1417
Unique genes in embed: 969
Holdout performance for /home/exouser/gene-embedding-benchmarks/data/embeddings/intersect/BulkFormer-147M with best C=100.0:
Holdout AUC: 0.6959
Holdout AUPRC: 0.1957
Holdout PR@10: 0.4000
Holdout Duration: 0.16s
GO:0045787,Unique genes before filter: 1769
Unique genes in embed: 1168
Holdout performance for /home/exouser/gene-embedding-benchmarks/data/embeddings/intersect/BulkFormer-147M with best C=1000.0:
Holdout AUC: 0.5738
Holdout AUPRC: 0.1838
Holdout PR@10: 0.3000
Holdout Duration: 0.29s
GO:0050890,Unique genes before filter: 1761
Unique genes in embed: 1254
Holdout performance for /home/exouser/gene-embedding-benchmarks/data/embeddings/intersect/BulkFormer-147M with best C=100.0:
Holdout AUC: 0.6675
Holdout AUPRC: 0.1884
Holdout PR@10: 0.1000
Holdout Duration: 0.37s
GO:0007399,Unique genes before filter: 2700
Unique genes in embed: 1802
Holdout performance for /home/exouser/gene-embedding-benchmarks/data/embeddings/intersect/BulkFormer-147M with best C=1000.0:
Holdout AUC: 0.7084
Holdout AUPRC: 0.6566
Holdout PR@10: 0.8000
Holdout Duration: 0.72s
GO:0060828,Unique genes before filter: 1704
Unique genes in embed: 1089
Holdout performance for /home/exouser/gene-embedding-benchmarks/data/embeddings/intersect/BulkFormer-147M with best C=1000.0:
Holdout AUC: 0.7106
Holdout AUPRC: 0.2154
Holdout PR@10: 0.3000
Holdout Duration: 0.26s
GO:0006493,Unique genes before filter: 863
Unique genes in embed: 573
Holdout performance for /home/exouser/gene-embedding-benchmarks/data/embeddings/intersect/BulkFormer-147M with best C=1000.0:
Holdout AUC: 0.7083
Holdout AUPRC: 0.2230
Holdout PR@10: 0.3000
Holdout Duration: 0.06s
GO:0007605,Unique genes before filter: 1444
Unique genes in embed: 968
Holdout performance for /home/exouser/gene-embedding-benchmarks/data/embeddings/intersect/BulkFormer-147M with best C=1000.0:
Holdout AUC: 0.6640
Holdout AUPRC: 0.1256
Holdout PR@10: 0.0000
Holdout Duration: 0.18s
GO:0016236,Unique genes before filter: 1668
Unique genes in embed: 1071
Holdout performance for /home/exouser/gene-embedding-benchmarks/data/embeddings/intersect/BulkFormer-147M with best C=100.0:
Holdout AUC: 0.8373
Holdout AUPRC: 0.2899
Holdout PR@10: 0.2000
Holdout Duration: 0.19s
GO:0010506,Unique genes before filter: 1764
Unique genes in embed: 1157
Holdout performance for /home/exouser/gene-embedding-benchmarks/data/embeddings/intersect/BulkFormer-147M with best C=1000.0:
Holdout AUC: 0.6971
Holdout AUPRC: 0.2589
Holdout PR@10: 0.3000
Holdout Duration: 0.28s
GO:0042476,Unique genes before filter: 1039
Unique genes in embed: 696
Holdout performance for /home/exouser/gene-embedding-benchmarks/data/embeddings/intersect/BulkFormer-147M with best C=10.0:
Holdout AUC: 0.6864
Holdout AUPRC: 0.2043
Holdout PR@10: 0.2000
Holdout Duration: 0.10s
GO:0050679,Unique genes before filter: 1657
Unique genes in embed: 1143
Holdout performance for /home/exouser/gene-embedding-benchmarks/data/embeddings/intersect/BulkFormer-147M with best C=100.0:
Holdout AUC: 0.7127
Holdout AUPRC: 0.2089
Holdout PR@10: 0.2000
Holdout Duration: 0.29s
GO:0006631,Unique genes before filter: 1752
Unique genes in embed: 1204
Holdout performance for /home/exouser/gene-embedding-benchmarks/data/embeddings/intersect/BulkFormer-147M with best C=1000.0:
Holdout AUC: 0.7880
Holdout AUPRC: 0.3256
Holdout PR@10: 0.5000
Holdout Duration: 0.30s
GO:0007283,Unique genes before filter: 1984
Unique genes in embed: 1243
Holdout performance for /home/exouser/gene-embedding-benchmarks/data/embeddings/intersect/BulkFormer-147M with best C=1000.0:
Holdout AUC: 0.6859
Holdout AUPRC: 0.4033
Holdout PR@10: 0.8000
Holdout Duration: 0.31s
GO:0001654,Unique genes before filter: 1820
Unique genes in embed: 1200
Holdout performance for /home/exouser/gene-embedding-benchmarks/data/embeddings/intersect/BulkFormer-147M with best C=1000.0:
Holdout AUC: 0.6873
Holdout AUPRC: 0.2304
Holdout PR@10: 0.1000
Holdout Duration: 0.31s
GO:0051310,Unique genes before filter: 696
Unique genes in embed: 464
Holdout performance for /home/exouser/gene-embedding-benchmarks/data/embeddings/intersect/BulkFormer-147M with best C=1000.0:
Holdout AUC: 0.8838
Holdout AUPRC: 0.4999
Holdout PR@10: 0.4000
Holdout Duration: 0.04s
GO:0001578,Unique genes before filter: 1048
Unique genes in embed: 715
Holdout performance for /home/exouser/gene-embedding-benchmarks/data/embeddings/intersect/BulkFormer-147M with best C=1000.0:
Holdout AUC: 0.7733
Holdout AUPRC: 0.2408
Holdout PR@10: 0.1000
Holdout Duration: 0.10s
GO:0007601,Unique genes before filter: 1677
Unique genes in embed: 1161
Holdout performance for /home/exouser/gene-embedding-benchmarks/data/embeddings/intersect/BulkFormer-147M with best C=100.0:
Holdout AUC: 0.7261
Holdout AUPRC: 0.2602
Holdout PR@10: 0.4000
Holdout Duration: 0.24s
GO:0006400,Unique genes before filter: 784
Unique genes in embed: 551
Holdout performance for /home/exouser/gene-embedding-benchmarks/data/embeddings/intersect/BulkFormer-147M with best C=1000.0:
Holdout AUC: 0.9238
Holdout AUPRC: 0.5205
Holdout PR@10: 0.5000
Holdout Duration: 0.04s
GO:0031297,Unique genes before filter: 414
Unique genes in embed: 269
Holdout performance for /home/exouser/gene-embedding-benchmarks/data/embeddings/intersect/BulkFormer-147M with best C=1000.0:
Holdout AUC: 0.8800
Holdout AUPRC: 0.3810
Holdout PR@10: 0.4000
Holdout Duration: 0.02s
GO:0008584,Unique genes before filter: 1276
Unique genes in embed: 827
Holdout performance for /home/exouser/gene-embedding-benchmarks/data/embeddings/intersect/BulkFormer-147M with best C=1000.0:
Holdout AUC: 0.5970
Holdout AUPRC: 0.1191
Holdout PR@10: 0.0000
Holdout Duration: 0.14s
GO:2000781,Unique genes before filter: 643
Unique genes in embed: 409
Holdout performance for /home/exouser/gene-embedding-benchmarks/data/embeddings/intersect/BulkFormer-147M with best C=1000.0:
Holdout AUC: 0.8214
Holdout AUPRC: 0.5780
Holdout PR@10: 0.4000
Holdout Duration: 0.04s
GO:0045814,Unique genes before filter: 1391
Unique genes in embed: 967
Holdout performance for /home/exouser/gene-embedding-benchmarks/data/embeddings/intersect/BulkFormer-147M with best C=1000.0:
Holdout AUC: 0.7001
Holdout AUPRC: 0.1843
Holdout PR@10: 0.2000
Holdout Duration: 0.17s
GO:0050731,Unique genes before filter: 1030
Unique genes in embed: 707
Holdout performance for /home/exouser/gene-embedding-benchmarks/data/embeddings/intersect/BulkFormer-147M with best C=1000.0:
Holdout AUC: 0.6608
Holdout AUPRC: 0.1674
Holdout PR@10: 0.3000
Holdout Duration: 0.11s
GO:0001666,Unique genes before filter: 1731
Unique genes in embed: 1107
Holdout performance for /home/exouser/gene-embedding-benchmarks/data/embeddings/intersect/BulkFormer-147M with best C=1000.0:
Holdout AUC: 0.7535
Holdout AUPRC: 0.2737
Holdout PR@10: 0.5000
Holdout Duration: 0.25s
GO:0034341,Unique genes before filter: 933
Unique genes in embed: 616
Holdout performance for /home/exouser/gene-embedding-benchmarks/data/embeddings/intersect/BulkFormer-147M with best C=1000.0:
Holdout AUC: 0.8410
Holdout AUPRC: 0.5044
Holdout PR@10: 0.5000
Holdout Duration: 0.07s
GO:0070555,Unique genes before filter: 880
Unique genes in embed: 574
Holdout performance for /home/exouser/gene-embedding-benchmarks/data/embeddings/intersect/BulkFormer-147M with best C=1000.0:
Holdout AUC: 0.7550
Holdout AUPRC: 0.3512
Holdout PR@10: 0.5000
Holdout Duration: 0.06s
GO:0008202,Unique genes before filter: 1702
Unique genes in embed: 1161
Holdout performance for /home/exouser/gene-embedding-benchmarks/data/embeddings/intersect/BulkFormer-147M with best C=1000.0:
Holdout AUC: 0.7141
Holdout AUPRC: 0.2390
Holdout PR@10: 0.4000
Holdout Duration: 0.25s
GO:0046034,Unique genes before filter: 968
Unique genes in embed: 649
Holdout performance for /home/exouser/gene-embedding-benchmarks/data/embeddings/intersect/BulkFormer-147M with best C=1000.0:
Holdout AUC: 0.5429
Holdout AUPRC: 0.1170
Holdout PR@10: 0.1000
Holdout Duration: 0.09s
GO:0031398,Unique genes before filter: 951
Unique genes in embed: 649
Holdout performance for /home/exouser/gene-embedding-benchmarks/data/embeddings/intersect/BulkFormer-147M with best C=100.0:
Holdout AUC: 0.7141
Holdout AUPRC: 0.1964
Holdout PR@10: 0.1000
Holdout Duration: 0.09s
GO:0006813,Unique genes before filter: 1611
Unique genes in embed: 1120
Holdout performance for /home/exouser/gene-embedding-benchmarks/data/embeddings/intersect/BulkFormer-147M with best C=1000.0:
Holdout AUC: 0.8206
Holdout AUPRC: 0.4205
Holdout PR@10: 0.5000
Holdout Duration: 0.20s
GO:0042593,Unique genes before filter: 1658
Unique genes in embed: 1109
Holdout performance for /home/exouser/gene-embedding-benchmarks/data/embeddings/intersect/BulkFormer-147M with best C=1000.0:
Holdout AUC: 0.6169
Holdout AUPRC: 0.1528
Holdout PR@10: 0.1000
Holdout Duration: 0.24s
GO:0097190,Unique genes before filter: 1753
Unique genes in embed: 1134
Holdout performance for /home/exouser/gene-embedding-benchmarks/data/embeddings/intersect/BulkFormer-147M with best C=100.0:
Holdout AUC: 0.6143
Holdout AUPRC: 0.2318
Holdout PR@10: 0.4000
Holdout Duration: 0.31s
GO:0097191,Unique genes before filter: 1004
Unique genes in embed: 650
Holdout performance for /home/exouser/gene-embedding-benchmarks/data/embeddings/intersect/BulkFormer-147M with best C=1000.0:
Holdout AUC: 0.7876
Holdout AUPRC: 0.3946
Holdout PR@10: 0.4000
Holdout Duration: 0.09s
GO:0001938,Unique genes before filter: 784
Unique genes in embed: 554
Holdout performance for /home/exouser/gene-embedding-benchmarks/data/embeddings/intersect/BulkFormer-147M with best C=1000.0:
Holdout AUC: 0.7051
Holdout AUPRC: 0.1688
Holdout PR@10: 0.2000
Holdout Duration: 0.07s
GO:1901224,Unique genes before filter: 537
Unique genes in embed: 373
Holdout performance for /home/exouser/gene-embedding-benchmarks/data/embeddings/intersect/BulkFormer-147M with best C=1000.0:
Holdout AUC: 0.7731
Holdout AUPRC: 0.2773
Holdout PR@10: 0.3000
Holdout Duration: 0.03s
GO:0050796,Unique genes before filter: 1514
Unique genes in embed: 1030
Holdout performance for /home/exouser/gene-embedding-benchmarks/data/embeddings/intersect/BulkFormer-147M with best C=1000.0:
Holdout AUC: 0.6057
Holdout AUPRC: 0.1914
Holdout PR@10: 0.3000
Holdout Duration: 0.21s
GO:0001649,Unique genes before filter: 1224
Unique genes in embed: 806
Holdout performance for /home/exouser/gene-embedding-benchmarks/data/embeddings/intersect/BulkFormer-147M with best C=1000.0:
Holdout AUC: 0.6288
Holdout AUPRC: 0.1148
Holdout PR@10: 0.1000
Holdout Duration: 0.12s
GO:0051865,Unique genes before filter: 608
Unique genes in embed: 411
Holdout performance for /home/exouser/gene-embedding-benchmarks/data/embeddings/intersect/BulkFormer-147M with best C=100.0:
Holdout AUC: 0.6776
Holdout AUPRC: 0.4938
Holdout PR@10: 0.4000
Holdout Duration: 0.04s
GO:0042632,Unique genes before filter: 775
Unique genes in embed: 507
Holdout performance for /home/exouser/gene-embedding-benchmarks/data/embeddings/intersect/BulkFormer-147M with best C=100.0:
Holdout AUC: 0.8056
Holdout AUPRC: 0.5186
Holdout PR@10: 0.6000
Holdout Duration: 0.06s
GO:0000724,Unique genes before filter: 1021
Unique genes in embed: 648
Holdout performance for /home/exouser/gene-embedding-benchmarks/data/embeddings/intersect/BulkFormer-147M with best C=1000.0:
Holdout AUC: 0.7996
Holdout AUPRC: 0.3935
Holdout PR@10: 0.4000
Holdout Duration: 0.06s
GO:0050680,Unique genes before filter: 1197
Unique genes in embed: 814
Holdout performance for /home/exouser/gene-embedding-benchmarks/data/embeddings/intersect/BulkFormer-147M with best C=1000.0:
Holdout AUC: 0.6349
Holdout AUPRC: 0.2747
Holdout PR@10: 0.4000
Holdout Duration: 0.13s
GO:0061844,Unique genes before filter: 1074
Unique genes in embed: 711
Holdout performance for /home/exouser/gene-embedding-benchmarks/data/embeddings/intersect/BulkFormer-147M with best C=1000.0:
Holdout AUC: 0.9173
Holdout AUPRC: 0.5117
Holdout PR@10: 0.5000
Holdout Duration: 0.06s
GO:0006888,Unique genes before filter: 1039
Unique genes in embed: 693
Holdout performance for /home/exouser/gene-embedding-benchmarks/data/embeddings/intersect/BulkFormer-147M with best C=100.0:
Holdout AUC: 0.8526
Holdout AUPRC: 0.4743
Holdout PR@10: 0.4000
Holdout Duration: 0.08s
GO:0000086,Unique genes before filter: 414
Unique genes in embed: 284
Holdout performance for /home/exouser/gene-embedding-benchmarks/data/embeddings/intersect/BulkFormer-147M with best C=100.0:
Holdout AUC: 0.7669
Holdout AUPRC: 0.4392
Holdout PR@10: 0.4000
Holdout Duration: 0.02s
GO:0006693,Unique genes before filter: 344
Unique genes in embed: 226
Holdout performance for /home/exouser/gene-embedding-benchmarks/data/embeddings/intersect/BulkFormer-147M with best C=1000.0:
Holdout AUC: 0.7370
Holdout AUPRC: 0.3496
Holdout PR@10: 0.2000
Holdout Duration: 0.02s
GO:0090303,Unique genes before filter: 537
Unique genes in embed: 341
Holdout performance for /home/exouser/gene-embedding-benchmarks/data/embeddings/intersect/BulkFormer-147M with best C=1000.0:
Holdout AUC: 0.6245
Holdout AUPRC: 0.3348
Holdout PR@10: 0.3000
Holdout Duration: 0.03s
GO:0007189,Unique genes before filter: 1417
Unique genes in embed: 914
Holdout performance for /home/exouser/gene-embedding-benchmarks/data/embeddings/intersect/BulkFormer-147M with best C=100.0:
Holdout AUC: 0.7857
Holdout AUPRC: 0.2679
Holdout PR@10: 0.3000
Holdout Duration: 0.14s
GO:0001837,Unique genes before filter: 731
Unique genes in embed: 460
Holdout performance for /home/exouser/gene-embedding-benchmarks/data/embeddings/intersect/BulkFormer-147M with best C=1000.0:
Holdout AUC: 0.7995
Holdout AUPRC: 0.3640
Holdout PR@10: 0.4000
Holdout Duration: 0.05s
GO:2001244,Unique genes before filter: 528
Unique genes in embed: 351
Holdout performance for /home/exouser/gene-embedding-benchmarks/data/embeddings/intersect/BulkFormer-147M with best C=1000.0:
Holdout AUC: 0.5593
Holdout AUPRC: 0.1730
Holdout PR@10: 0.1000
Holdout Duration: 0.03s
GO:0006487,Unique genes before filter: 652
Unique genes in embed: 439
Holdout performance for /home/exouser/gene-embedding-benchmarks/data/embeddings/intersect/BulkFormer-147M with best C=1000.0:
Holdout AUC: 0.7338
Holdout AUPRC: 0.3741
Holdout PR@10: 0.2000
Holdout Duration: 0.05s
GO:0006879,Unique genes before filter: 581
Unique genes in embed: 401
Holdout performance for /home/exouser/gene-embedding-benchmarks/data/embeddings/intersect/BulkFormer-147M with best C=1000.0:
Holdout AUC: 0.5867
Holdout AUPRC: 0.2539
Holdout PR@10: 0.2000
Holdout Duration: 0.04s
GO:0035987,Unique genes before filter: 405
Unique genes in embed: 266
Holdout performance for /home/exouser/gene-embedding-benchmarks/data/embeddings/intersect/BulkFormer-147M with best C=1000.0:
Holdout AUC: 0.8091
Holdout AUPRC: 0.3602
Holdout PR@10: 0.2000
Holdout Duration: 0.02s
Saved fold results to /home/exouser/gene-embedding-benchmarks/results/tsvs/BulkFormer-147M_fold_results.pkl
Saved holdout results to /home/exouser/gene-embedding-benchmarks/results/tsvs/BulkFormer-147M_holdout_results.pkl

=== Step 2b: OMIM benchmark ===
DOID:65,Unique genes before filter: 2409
Unique genes in embed: 1604
Holdout performance for /home/exouser/gene-embedding-benchmarks/data/embeddings/intersect/BulkFormer-147M with best C=1000.0:
Holdout AUC: 0.6086
Holdout AUPRC: 0.1446
Holdout PR@10: 0.2000
Holdout Duration: 0.58s
DOID:0050161,Unique genes before filter: 374
Unique genes in embed: 274
Holdout performance for /home/exouser/gene-embedding-benchmarks/data/embeddings/intersect/BulkFormer-147M with best C=100.0:
Holdout AUC: 0.5103
Holdout AUPRC: 0.0911
Holdout PR@10: 0.0000
Holdout Duration: 0.02s
DOID:417,Unique genes before filter: 440
Unique genes in embed: 315
Holdout performance for /home/exouser/gene-embedding-benchmarks/data/embeddings/intersect/BulkFormer-147M with best C=1000.0:
Holdout AUC: 0.8247
Holdout AUPRC: 0.4765
Holdout PR@10: 0.4000
Holdout Duration: 0.03s
DOID:612,Unique genes before filter: 1672
Unique genes in embed: 1142
Holdout performance for /home/exouser/gene-embedding-benchmarks/data/embeddings/intersect/BulkFormer-147M with best C=1000.0:
Holdout AUC: 0.8601
Holdout AUPRC: 0.4786
Holdout PR@10: 0.5000
Holdout Duration: 0.17s
DOID:0050739,Unique genes before filter: 1943
Unique genes in embed: 1285
Holdout performance for /home/exouser/gene-embedding-benchmarks/data/embeddings/intersect/BulkFormer-147M with best C=1000.0:
Holdout AUC: 0.5577
Holdout AUPRC: 0.8596
Holdout PR@10: 1.0000
Holdout Duration: 0.38s
DOID:0050736,Unique genes before filter: 1321
Unique genes in embed: 912
Holdout performance for /home/exouser/gene-embedding-benchmarks/data/embeddings/intersect/BulkFormer-147M with best C=1000.0:
Holdout AUC: 0.6182
Holdout AUPRC: 0.7387
Holdout PR@10: 0.9000
Holdout Duration: 0.18s
DOID:0050686,Unique genes before filter: 1551
Unique genes in embed: 1069
Holdout performance for /home/exouser/gene-embedding-benchmarks/data/embeddings/intersect/BulkFormer-147M with best C=1000.0:
Holdout AUC: 0.6225
Holdout AUPRC: 0.1197
Holdout PR@10: 0.1000
Holdout Duration: 0.23s
DOID:0050687,Unique genes before filter: 418
Unique genes in embed: 289
Holdout performance for /home/exouser/gene-embedding-benchmarks/data/embeddings/intersect/BulkFormer-147M with best C=100.0:
Holdout AUC: 0.5621
Holdout AUPRC: 0.1588
Holdout PR@10: 0.1000
Holdout Duration: 0.02s
DOID:557,Unique genes before filter: 946
Unique genes in embed: 661
Holdout performance for /home/exouser/gene-embedding-benchmarks/data/embeddings/intersect/BulkFormer-147M with best C=1000.0:
Holdout AUC: 0.7245
Holdout AUPRC: 0.2284
Holdout PR@10: 0.3000
Holdout Duration: 0.09s
DOID:305,Unique genes before filter: 319
Unique genes in embed: 220
Holdout performance for /home/exouser/gene-embedding-benchmarks/data/embeddings/intersect/BulkFormer-147M with best C=1000.0:
Holdout AUC: 0.5417
Holdout AUPRC: 0.1246
Holdout PR@10: 0.1000
Holdout Duration: 0.02s
DOID:37,Unique genes before filter: 1210
Unique genes in embed: 837
Holdout performance for /home/exouser/gene-embedding-benchmarks/data/embeddings/intersect/BulkFormer-147M with best C=1000.0:
Holdout AUC: 0.6938
Holdout AUPRC: 0.1737
Holdout PR@10: 0.1000
Holdout Duration: 0.14s
DOID:936,Unique genes before filter: 2676
Unique genes in embed: 1787
Holdout performance for /home/exouser/gene-embedding-benchmarks/data/embeddings/intersect/BulkFormer-147M with best C=1000.0:
Holdout AUC: 0.6753
Holdout AUPRC: 0.2278
Holdout PR@10: 0.3000
Holdout Duration: 0.68s
DOID:114,Unique genes before filter: 1067
Unique genes in embed: 736
Holdout performance for /home/exouser/gene-embedding-benchmarks/data/embeddings/intersect/BulkFormer-147M with best C=1000.0:
Holdout AUC: 0.6912
Holdout AUPRC: 0.1798
Holdout PR@10: 0.2000
Holdout Duration: 0.10s
DOID:0060036,Unique genes before filter: 649
Unique genes in embed: 452
Holdout performance for /home/exouser/gene-embedding-benchmarks/data/embeddings/intersect/BulkFormer-147M with best C=1000.0:
Holdout AUC: 0.8585
Holdout AUPRC: 0.3273
Holdout PR@10: 0.4000
Holdout Duration: 0.04s
DOID:0050700,Unique genes before filter: 649
Unique genes in embed: 468
Holdout performance for /home/exouser/gene-embedding-benchmarks/data/embeddings/intersect/BulkFormer-147M with best C=1000.0:
Holdout AUC: 0.8349
Holdout AUPRC: 0.2413
Holdout PR@10: 0.2000
Holdout Duration: 0.05s
DOID:0050737,Unique genes before filter: 1864
Unique genes in embed: 1209
Holdout performance for /home/exouser/gene-embedding-benchmarks/data/embeddings/intersect/BulkFormer-147M with best C=1000.0:
Holdout AUC: 0.5462
Holdout AUPRC: 0.7877
Holdout PR@10: 0.9000
Holdout Duration: 0.32s
DOID:0080009,Unique genes before filter: 385
Unique genes in embed: 274
Holdout performance for /home/exouser/gene-embedding-benchmarks/data/embeddings/intersect/BulkFormer-147M with best C=100.0:
Holdout AUC: 0.7016
Holdout AUPRC: 0.1832
Holdout PR@10: 0.1000
Holdout Duration: 0.02s
DOID:0050735,Unique genes before filter: 604
Unique genes in embed: 432
Holdout performance for /home/exouser/gene-embedding-benchmarks/data/embeddings/intersect/BulkFormer-147M with best C=1000.0:
Holdout AUC: 0.6201
Holdout AUPRC: 0.4363
Holdout PR@10: 0.5000
Holdout Duration: 0.05s
DOID:0080001,Unique genes before filter: 1969
Unique genes in embed: 1330
Holdout performance for /home/exouser/gene-embedding-benchmarks/data/embeddings/intersect/BulkFormer-147M with best C=1000.0:
Holdout AUC: 0.5877
Holdout AUPRC: 0.1272
Holdout PR@10: 0.0000
Holdout Duration: 0.40s
DOID:0080005,Unique genes before filter: 297
Unique genes in embed: 213
Holdout performance for /home/exouser/gene-embedding-benchmarks/data/embeddings/intersect/BulkFormer-147M with best C=1.0:
Holdout AUC: 0.4857
Holdout AUPRC: 0.1041
Holdout PR@10: 0.0000
Holdout Duration: 0.02s
DOID:2490,Unique genes before filter: 418
Unique genes in embed: 290
Holdout performance for /home/exouser/gene-embedding-benchmarks/data/embeddings/intersect/BulkFormer-147M with best C=1000.0:
Holdout AUC: 0.9556
Holdout AUPRC: 0.5524
Holdout PR@10: 0.5000
Holdout Duration: 0.03s
DOID:4961,Unique genes before filter: 242
Unique genes in embed: 184
Holdout performance for /home/exouser/gene-embedding-benchmarks/data/embeddings/intersect/BulkFormer-147M with best C=1000.0:
Holdout AUC: 0.6520
Holdout AUPRC: 0.2385
Holdout PR@10: 0.2000
Holdout Duration: 0.01s
DOID:2531,Unique genes before filter: 462
Unique genes in embed: 341
Holdout performance for /home/exouser/gene-embedding-benchmarks/data/embeddings/intersect/BulkFormer-147M with best C=1.0:
Holdout AUC: 0.3918
Holdout AUPRC: 0.0801
Holdout PR@10: 0.0000
Holdout Duration: 0.03s
DOID:1934,Unique genes before filter: 396
Unique genes in embed: 279
Holdout performance for /home/exouser/gene-embedding-benchmarks/data/embeddings/intersect/BulkFormer-147M with best C=1000.0:
Holdout AUC: 0.6901
Holdout AUPRC: 0.1583
Holdout PR@10: 0.2000
Holdout Duration: 0.02s
DOID:0080006,Unique genes before filter: 1496
Unique genes in embed: 1033
Holdout performance for /home/exouser/gene-embedding-benchmarks/data/embeddings/intersect/BulkFormer-147M with best C=1000.0:
Holdout AUC: 0.7707
Holdout AUPRC: 0.3091
Holdout PR@10: 0.3000
Holdout Duration: 0.20s
DOID:2256,Unique genes before filter: 880
Unique genes in embed: 619
Holdout performance for /home/exouser/gene-embedding-benchmarks/data/embeddings/intersect/BulkFormer-147M with best C=1000.0:
Holdout AUC: 0.6332
Holdout AUPRC: 0.2072
Holdout PR@10: 0.1000
Holdout Duration: 0.07s
DOID:0080012,Unique genes before filter: 545
Unique genes in embed: 384
Holdout performance for /home/exouser/gene-embedding-benchmarks/data/embeddings/intersect/BulkFormer-147M with best C=1000.0:
Holdout AUC: 0.5592
Holdout AUPRC: 0.2643
Holdout PR@10: 0.1000
Holdout Duration: 0.04s
DOID:231,Unique genes before filter: 506
Unique genes in embed: 360
Holdout performance for /home/exouser/gene-embedding-benchmarks/data/embeddings/intersect/BulkFormer-147M with best C=1000.0:
Holdout AUC: 0.3308
Holdout AUPRC: 0.0688
Holdout PR@10: 0.0000
Holdout Duration: 0.03s
DOID:1289,Unique genes before filter: 1958
Unique genes in embed: 1328
Holdout performance for /home/exouser/gene-embedding-benchmarks/data/embeddings/intersect/BulkFormer-147M with best C=100.0:
Holdout AUC: 0.6371
Holdout AUPRC: 0.1479
Holdout PR@10: 0.1000
Holdout Duration: 0.31s
DOID:440,Unique genes before filter: 748
Unique genes in embed: 526
Holdout performance for /home/exouser/gene-embedding-benchmarks/data/embeddings/intersect/BulkFormer-147M with best C=1000.0:
Holdout AUC: 0.6308
Holdout AUPRC: 0.1365
Holdout PR@10: 0.1000
Holdout Duration: 0.06s
DOID:0050539,Unique genes before filter: 286
Unique genes in embed: 211
Holdout performance for /home/exouser/gene-embedding-benchmarks/data/embeddings/intersect/BulkFormer-147M with best C=1000.0:
Holdout AUC: 0.6667
Holdout AUPRC: 0.1848
Holdout PR@10: 0.2000
Holdout Duration: 0.01s
DOID:10595,Unique genes before filter: 539
Unique genes in embed: 382
Holdout performance for /home/exouser/gene-embedding-benchmarks/data/embeddings/intersect/BulkFormer-147M with best C=1000.0:
Holdout AUC: 0.7670
Holdout AUPRC: 0.2488
Holdout PR@10: 0.3000
Holdout Duration: 0.03s
DOID:870,Unique genes before filter: 1111
Unique genes in embed: 781
Holdout performance for /home/exouser/gene-embedding-benchmarks/data/embeddings/intersect/BulkFormer-147M with best C=1000.0:
Holdout AUC: 0.7360
Holdout AUPRC: 0.2347
Holdout PR@10: 0.2000
Holdout Duration: 0.13s
DOID:2355,Unique genes before filter: 737
Unique genes in embed: 510
Holdout performance for /home/exouser/gene-embedding-benchmarks/data/embeddings/intersect/BulkFormer-147M with best C=1000.0:
Holdout AUC: 0.7530
Holdout AUPRC: 0.5061
Holdout PR@10: 0.5000
Holdout Duration: 0.05s
DOID:12449,Unique genes before filter: 462
Unique genes in embed: 330
Holdout performance for /home/exouser/gene-embedding-benchmarks/data/embeddings/intersect/BulkFormer-147M with best C=1000.0:
Holdout AUC: 0.8306
Holdout AUPRC: 0.7746
Holdout PR@10: 0.5000
Holdout Duration: 0.02s
DOID:423,Unique genes before filter: 1188
Unique genes in embed: 815
Holdout performance for /home/exouser/gene-embedding-benchmarks/data/embeddings/intersect/BulkFormer-147M with best C=1000.0:
Holdout AUC: 0.5647
Holdout AUPRC: 0.1355
Holdout PR@10: 0.2000
Holdout Duration: 0.13s
DOID:0080000,Unique genes before filter: 1375
Unique genes in embed: 962
Holdout performance for /home/exouser/gene-embedding-benchmarks/data/embeddings/intersect/BulkFormer-147M with best C=1000.0:
Holdout AUC: 0.6611
Holdout AUPRC: 0.1329
Holdout PR@10: 0.1000
Holdout Duration: 0.19s
DOID:9884,Unique genes before filter: 561
Unique genes in embed: 394
Holdout performance for /home/exouser/gene-embedding-benchmarks/data/embeddings/intersect/BulkFormer-147M with best C=1000.0:
Holdout AUC: 0.7104
Holdout AUPRC: 0.1593
Holdout PR@10: 0.1000
Holdout Duration: 0.03s
DOID:66,Unique genes before filter: 1287
Unique genes in embed: 888
Holdout performance for /home/exouser/gene-embedding-benchmarks/data/embeddings/intersect/BulkFormer-147M with best C=1000.0:
Holdout AUC: 0.7029
Holdout AUPRC: 0.2166
Holdout PR@10: 0.3000
Holdout Duration: 0.15s
DOID:2786,Unique genes before filter: 726
Unique genes in embed: 514
Holdout performance for /home/exouser/gene-embedding-benchmarks/data/embeddings/intersect/BulkFormer-147M with best C=1000.0:
Holdout AUC: 0.7420
Holdout AUPRC: 0.2283
Holdout PR@10: 0.2000
Holdout Duration: 0.05s
DOID:9799,Unique genes before filter: 1056
Unique genes in embed: 720
Holdout performance for /home/exouser/gene-embedding-benchmarks/data/embeddings/intersect/BulkFormer-147M with best C=1000.0:
Holdout AUC: 0.5959
Holdout AUPRC: 0.1246
Holdout PR@10: 0.1000
Holdout Duration: 0.11s
DOID:4448,Unique genes before filter: 286
Unique genes in embed: 195
Holdout performance for /home/exouser/gene-embedding-benchmarks/data/embeddings/intersect/BulkFormer-147M with best C=1000.0:
Holdout AUC: 0.9125
Holdout AUPRC: 0.5583
Holdout PR@10: 0.4000
Holdout Duration: 0.01s
DOID:8466,Unique genes before filter: 1045
Unique genes in embed: 735
Holdout performance for /home/exouser/gene-embedding-benchmarks/data/embeddings/intersect/BulkFormer-147M with best C=1000.0:
Holdout AUC: 0.6311
Holdout AUPRC: 0.1945
Holdout PR@10: 0.1000
Holdout Duration: 0.11s
DOID:5614,Unique genes before filter: 2508
Unique genes in embed: 1695
Holdout performance for /home/exouser/gene-embedding-benchmarks/data/embeddings/intersect/BulkFormer-147M with best C=100.0:
Holdout AUC: 0.6478
Holdout AUPRC: 0.1443
Holdout PR@10: 0.1000
Holdout Duration: 0.53s
DOID:5679,Unique genes before filter: 1353
Unique genes in embed: 949
Holdout performance for /home/exouser/gene-embedding-benchmarks/data/embeddings/intersect/BulkFormer-147M with best C=100.0:
Holdout AUC: 0.6294
Holdout AUPRC: 0.1216
Holdout PR@10: 0.1000
Holdout Duration: 0.17s
DOID:1091,Unique genes before filter: 242
Unique genes in embed: 155
Holdout performance for /home/exouser/gene-embedding-benchmarks/data/embeddings/intersect/BulkFormer-147M with best C=100.0:
Holdout AUC: 0.6875
Holdout AUPRC: 0.1607
Holdout PR@10: 0.1000
Holdout Duration: 0.01s
DOID:403,Unique genes before filter: 264
Unique genes in embed: 177
Holdout performance for /home/exouser/gene-embedding-benchmarks/data/embeddings/intersect/BulkFormer-147M with best C=100.0:
Holdout AUC: 0.5952
Holdout AUPRC: 0.1234
Holdout PR@10: 0.0000
Holdout Duration: 0.01s
DOID:0060564,Unique genes before filter: 352
Unique genes in embed: 243
Holdout performance for /home/exouser/gene-embedding-benchmarks/data/embeddings/intersect/BulkFormer-147M with best C=1000.0:
Holdout AUC: 0.4464
Holdout AUPRC: 0.1908
Holdout PR@10: 0.1000
Holdout Duration: 0.02s
DOID:0050828,Unique genes before filter: 319
Unique genes in embed: 220
Holdout performance for /home/exouser/gene-embedding-benchmarks/data/embeddings/intersect/BulkFormer-147M with best C=100.0:
Holdout AUC: 0.6667
Holdout AUPRC: 0.1564
Holdout PR@10: 0.2000
Holdout Duration: 0.02s
DOID:178,Unique genes before filter: 539
Unique genes in embed: 368
Holdout performance for /home/exouser/gene-embedding-benchmarks/data/embeddings/intersect/BulkFormer-147M with best C=100.0:
Holdout AUC: 0.5411
Holdout AUPRC: 0.1266
Holdout PR@10: 0.1000
Holdout Duration: 0.04s
DOID:0060037,Unique genes before filter: 1980
Unique genes in embed: 1354
Holdout performance for /home/exouser/gene-embedding-benchmarks/data/embeddings/intersect/BulkFormer-147M with best C=1000.0:
Holdout AUC: 0.7314
Holdout AUPRC: 0.1846
Holdout PR@10: 0.1000
Holdout Duration: 0.34s
DOID:0060309,Unique genes before filter: 396
Unique genes in embed: 283
Holdout performance for /home/exouser/gene-embedding-benchmarks/data/embeddings/intersect/BulkFormer-147M with best C=100.0:
Holdout AUC: 0.6869
Holdout AUPRC: 0.2943
Holdout PR@10: 0.1000
Holdout Duration: 0.02s
DOID:1059,Unique genes before filter: 1914
Unique genes in embed: 1296
Holdout performance for /home/exouser/gene-embedding-benchmarks/data/embeddings/intersect/BulkFormer-147M with best C=1000.0:
Holdout AUC: 0.7320
Holdout AUPRC: 0.2046
Holdout PR@10: 0.3000
Holdout Duration: 0.28s
DOID:0060038,Unique genes before filter: 1980
Unique genes in embed: 1349
Holdout performance for /home/exouser/gene-embedding-benchmarks/data/embeddings/intersect/BulkFormer-147M with best C=1000.0:
Holdout AUC: 0.7119
Holdout AUPRC: 0.2160
Holdout PR@10: 0.4000
Holdout Duration: 0.34s
DOID:0050888,Unique genes before filter: 462
Unique genes in embed: 331
Holdout performance for /home/exouser/gene-embedding-benchmarks/data/embeddings/intersect/BulkFormer-147M with best C=100.0:
Holdout AUC: 0.7470
Holdout AUPRC: 0.1870
Holdout PR@10: 0.1000
Holdout Duration: 0.03s
DOID:10273,Unique genes before filter: 253
Unique genes in embed: 178
Holdout performance for /home/exouser/gene-embedding-benchmarks/data/embeddings/intersect/BulkFormer-147M with best C=1000.0:
Holdout AUC: 0.3750
Holdout AUPRC: 0.0886
Holdout PR@10: 0.0000
Holdout Duration: 0.01s
DOID:0050753,Unique genes before filter: 726
Unique genes in embed: 506
Holdout performance for /home/exouser/gene-embedding-benchmarks/data/embeddings/intersect/BulkFormer-147M with best C=1000.0:
Holdout AUC: 0.7060
Holdout AUPRC: 0.1852
Holdout PR@10: 0.2000
Holdout Duration: 0.05s
DOID:0050951,Unique genes before filter: 825
Unique genes in embed: 586
Holdout performance for /home/exouser/gene-embedding-benchmarks/data/embeddings/intersect/BulkFormer-147M with best C=100.0:
Holdout AUC: 0.5020
Holdout AUPRC: 0.0939
Holdout PR@10: 0.0000
Holdout Duration: 0.07s
DOID:0050950,Unique genes before filter: 363
Unique genes in embed: 263
Holdout performance for /home/exouser/gene-embedding-benchmarks/data/embeddings/intersect/BulkFormer-147M with best C=100.0:
Holdout AUC: 0.9405
Holdout AUPRC: 0.5000
Holdout PR@10: 0.4000
Holdout Duration: 0.02s
DOID:2277,Unique genes before filter: 737
Unique genes in embed: 516
Holdout performance for /home/exouser/gene-embedding-benchmarks/data/embeddings/intersect/BulkFormer-147M with best C=100.0:
Holdout AUC: 0.5901
Holdout AUPRC: 0.2138
Holdout PR@10: 0.2000
Holdout Duration: 0.06s
DOID:1923,Unique genes before filter: 242
Unique genes in embed: 179
Holdout performance for /home/exouser/gene-embedding-benchmarks/data/embeddings/intersect/BulkFormer-147M with best C=100.0:
Holdout AUC: 0.5966
Holdout AUPRC: 0.2152
Holdout PR@10: 0.1000
Holdout Duration: 0.01s
DOID:1441,Unique genes before filter: 396
Unique genes in embed: 281
Holdout performance for /home/exouser/gene-embedding-benchmarks/data/embeddings/intersect/BulkFormer-147M with best C=1000.0:
Holdout AUC: 0.7708
Holdout AUPRC: 0.4076
Holdout PR@10: 0.2000
Holdout Duration: 0.02s
DOID:607,Unique genes before filter: 638
Unique genes in embed: 434
Holdout performance for /home/exouser/gene-embedding-benchmarks/data/embeddings/intersect/BulkFormer-147M with best C=1000.0:
Holdout AUC: 0.6701
Holdout AUPRC: 0.1773
Holdout PR@10: 0.1000
Holdout Duration: 0.04s
DOID:2476,Unique genes before filter: 638
Unique genes in embed: 453
Holdout performance for /home/exouser/gene-embedding-benchmarks/data/embeddings/intersect/BulkFormer-147M with best C=1000.0:
Holdout AUC: 0.7616
Holdout AUPRC: 0.3400
Holdout PR@10: 0.3000
Holdout Duration: 0.04s
DOID:0080578,Unique genes before filter: 385
Unique genes in embed: 263
Holdout performance for /home/exouser/gene-embedding-benchmarks/data/embeddings/intersect/BulkFormer-147M with best C=1000.0:
Holdout AUC: 0.4032
Holdout AUPRC: 0.0948
Holdout PR@10: 0.0000
Holdout Duration: 0.02s
DOID:627,Unique genes before filter: 209
Unique genes in embed: 145
Holdout performance for /home/exouser/gene-embedding-benchmarks/data/embeddings/intersect/BulkFormer-147M with best C=1000.0:
Holdout AUC: 0.7750
Holdout AUPRC: 0.2733
Holdout PR@10: 0.2000
Holdout Duration: 0.01s
DOID:0111962,Unique genes before filter: 484
Unique genes in embed: 337
Holdout performance for /home/exouser/gene-embedding-benchmarks/data/embeddings/intersect/BulkFormer-147M with best C=1000.0:
Holdout AUC: 0.8891
Holdout AUPRC: 0.5615
Holdout PR@10: 0.4000
Holdout Duration: 0.02s
DOID:2115,Unique genes before filter: 308
Unique genes in embed: 216
Holdout performance for /home/exouser/gene-embedding-benchmarks/data/embeddings/intersect/BulkFormer-147M with best C=1000.0:
Holdout AUC: 0.7000
Holdout AUPRC: 0.3544
Holdout PR@10: 0.2000
Holdout Duration: 0.01s
DOID:2583,Unique genes before filter: 220
Unique genes in embed: 161
Holdout performance for /home/exouser/gene-embedding-benchmarks/data/embeddings/intersect/BulkFormer-147M with best C=1000.0:
Holdout AUC: 0.9125
Holdout AUPRC: 0.5583
Holdout PR@10: 0.4000
Holdout Duration: 0.01s
DOID:0081337,Unique genes before filter: 330
Unique genes in embed: 234
Holdout performance for /home/exouser/gene-embedding-benchmarks/data/embeddings/intersect/BulkFormer-147M with best C=1000.0:
Holdout AUC: 0.6731
Holdout AUPRC: 0.3406
Holdout PR@10: 0.2000
Holdout Duration: 0.02s
DOID:1247,Unique genes before filter: 462
Unique genes in embed: 347
Holdout performance for /home/exouser/gene-embedding-benchmarks/data/embeddings/intersect/BulkFormer-147M with best C=1000.0:
Holdout AUC: 0.8402
Holdout AUPRC: 0.3891
Holdout PR@10: 0.4000
Holdout Duration: 0.02s
DOID:0060340,Unique genes before filter: 469
Unique genes in embed: 319
Holdout performance for /home/exouser/gene-embedding-benchmarks/data/embeddings/intersect/BulkFormer-147M with best C=1000.0:
Holdout AUC: 0.8333
Holdout AUPRC: 0.4109
Holdout PR@10: 0.5000
Holdout Duration: 0.02s
DOID:0050777,Unique genes before filter: 275
Unique genes in embed: 204
Holdout performance for /home/exouser/gene-embedding-benchmarks/data/embeddings/intersect/BulkFormer-147M with best C=1000.0:
Holdout AUC: 0.9125
Holdout AUPRC: 0.6333
Holdout PR@10: 0.3000
Holdout Duration: 0.01s
DOID:1826,Unique genes before filter: 1408
Unique genes in embed: 971
Holdout performance for /home/exouser/gene-embedding-benchmarks/data/embeddings/intersect/BulkFormer-147M with best C=1000.0:
Holdout AUC: 0.7650
Holdout AUPRC: 0.3609
Holdout PR@10: 0.6000
Holdout Duration: 0.18s
DOID:0050563,Unique genes before filter: 1144
Unique genes in embed: 800
Holdout performance for /home/exouser/gene-embedding-benchmarks/data/embeddings/intersect/BulkFormer-147M with best C=100.0:
Holdout AUC: 0.5872
Holdout AUPRC: 0.2154
Holdout PR@10: 0.2000
Holdout Duration: 0.13s
DOID:0050564,Unique genes before filter: 450
Unique genes in embed: 322
Holdout performance for /home/exouser/gene-embedding-benchmarks/data/embeddings/intersect/BulkFormer-147M with best C=100.0:
Holdout AUC: 0.5750
Holdout AUPRC: 0.2393
Holdout PR@10: 0.2000
Holdout Duration: 0.03s
DOID:2742,Unique genes before filter: 1144
Unique genes in embed: 811
Holdout performance for /home/exouser/gene-embedding-benchmarks/data/embeddings/intersect/BulkFormer-147M with best C=100.0:
Holdout AUC: 0.6269
Holdout AUPRC: 0.2622
Holdout PR@10: 0.3000
Holdout Duration: 0.14s
DOID:10579,Unique genes before filter: 407
Unique genes in embed: 290
Holdout performance for /home/exouser/gene-embedding-benchmarks/data/embeddings/intersect/BulkFormer-147M with best C=1000.0:
Holdout AUC: 0.6259
Holdout AUPRC: 0.3019
Holdout PR@10: 0.1000
Holdout Duration: 0.02s
DOID:1443,Unique genes before filter: 451
Unique genes in embed: 313
Holdout performance for /home/exouser/gene-embedding-benchmarks/data/embeddings/intersect/BulkFormer-147M with best C=10.0:
Holdout AUC: 0.7860
Holdout AUPRC: 0.2625
Holdout PR@10: 0.3000
Holdout Duration: 0.03s
DOID:0112202,Unique genes before filter: 1012
Unique genes in embed: 715
Holdout performance for /home/exouser/gene-embedding-benchmarks/data/embeddings/intersect/BulkFormer-147M with best C=1000.0:
Holdout AUC: 0.7500
Holdout AUPRC: 0.2669
Holdout PR@10: 0.3000
Holdout Duration: 0.09s
DOID:0050701,Unique genes before filter: 1232
Unique genes in embed: 868
Holdout performance for /home/exouser/gene-embedding-benchmarks/data/embeddings/intersect/BulkFormer-147M with best C=1000.0:
Holdout AUC: 0.7638
Holdout AUPRC: 0.2286
Holdout PR@10: 0.2000
Holdout Duration: 0.15s
DOID:0060307,Unique genes before filter: 478
Unique genes in embed: 329
Holdout performance for /home/exouser/gene-embedding-benchmarks/data/embeddings/intersect/BulkFormer-147M with best C=1000.0:
Holdout AUC: 0.9212
Holdout AUPRC: 0.6677
Holdout PR@10: 0.5000
Holdout Duration: 0.02s
DOID:0111910,Unique genes before filter: 671
Unique genes in embed: 459
Holdout performance for /home/exouser/gene-embedding-benchmarks/data/embeddings/intersect/BulkFormer-147M with best C=1000.0:
Holdout AUC: 0.8233
Holdout AUPRC: 0.4012
Holdout PR@10: 0.4000
Holdout Duration: 0.03s
DOID:48,Unique genes before filter: 847
Unique genes in embed: 580
Holdout performance for /home/exouser/gene-embedding-benchmarks/data/embeddings/intersect/BulkFormer-147M with best C=1000.0:
Holdout AUC: 0.7663
Holdout AUPRC: 0.3305
Holdout PR@10: 0.2000
Holdout Duration: 0.05s
DOID:12336,Unique genes before filter: 682
Unique genes in embed: 470
Holdout performance for /home/exouser/gene-embedding-benchmarks/data/embeddings/intersect/BulkFormer-147M with best C=100.0:
Holdout AUC: 0.7609
Holdout AUPRC: 0.3109
Holdout PR@10: 0.4000
Holdout Duration: 0.04s
DOID:5212,Unique genes before filter: 418
Unique genes in embed: 293
Holdout performance for /home/exouser/gene-embedding-benchmarks/data/embeddings/intersect/BulkFormer-147M with best C=1000.0:
Holdout AUC: 0.9586
Holdout AUPRC: 0.5587
Holdout PR@10: 0.5000
Holdout Duration: 0.02s
DOID:110,Unique genes before filter: 363
Unique genes in embed: 270
Holdout performance for /home/exouser/gene-embedding-benchmarks/data/embeddings/intersect/BulkFormer-147M with best C=100.0:
Holdout AUC: 0.5911
Holdout AUPRC: 0.1353
Holdout PR@10: 0.1000
Holdout Duration: 0.02s
DOID:83,Unique genes before filter: 341
Unique genes in embed: 252
Holdout performance for /home/exouser/gene-embedding-benchmarks/data/embeddings/intersect/BulkFormer-147M with best C=1000.0:
Holdout AUC: 0.7016
Holdout AUPRC: 0.1930
Holdout PR@10: 0.3000
Holdout Duration: 0.02s
DOID:0060308,Unique genes before filter: 475
Unique genes in embed: 326
Holdout performance for /home/exouser/gene-embedding-benchmarks/data/embeddings/intersect/BulkFormer-147M with best C=1000.0:
Holdout AUC: 0.7055
Holdout AUPRC: 0.2373
Holdout PR@10: 0.3000
Holdout Duration: 0.02s
DOID:0050776,Unique genes before filter: 220
Unique genes in embed: 167
Holdout performance for /home/exouser/gene-embedding-benchmarks/data/embeddings/intersect/BulkFormer-147M with best C=1000.0:
Holdout AUC: 0.5375
Holdout AUPRC: 0.1391
Holdout PR@10: 0.1000
Holdout Duration: 0.01s
DOID:0050889,Unique genes before filter: 220
Unique genes in embed: 158
Holdout performance for /home/exouser/gene-embedding-benchmarks/data/embeddings/intersect/BulkFormer-147M with best C=0.1:
Holdout AUC: 0.4813
Holdout AUPRC: 0.1025
Holdout PR@10: 0.0000
Holdout Duration: 0.01s
DOID:0050565,Unique genes before filter: 464
Unique genes in embed: 324
Holdout performance for /home/exouser/gene-embedding-benchmarks/data/embeddings/intersect/BulkFormer-147M with best C=100.0:
Holdout AUC: 0.5290
Holdout AUPRC: 0.1317
Holdout PR@10: 0.1000
Holdout Duration: 0.03s
DOID:9562,Unique genes before filter: 418
Unique genes in embed: 290
Holdout performance for /home/exouser/gene-embedding-benchmarks/data/embeddings/intersect/BulkFormer-147M with best C=1000.0:
Holdout AUC: 0.6920
Holdout AUPRC: 0.3311
Holdout PR@10: 0.3000
Holdout Duration: 0.02s
DOID:10584,Unique genes before filter: 671
Unique genes in embed: 473
Holdout performance for /home/exouser/gene-embedding-benchmarks/data/embeddings/intersect/BulkFormer-147M with best C=1000.0:
Holdout AUC: 0.5000
Holdout AUPRC: 0.1058
Holdout PR@10: 0.1000
Holdout Duration: 0.05s
DOID:5295,Unique genes before filter: 462
Unique genes in embed: 314
Holdout performance for /home/exouser/gene-embedding-benchmarks/data/embeddings/intersect/BulkFormer-147M with best C=10.0:
Holdout AUC: 0.4226
Holdout AUPRC: 0.0827
Holdout PR@10: 0.0000
Holdout Duration: 0.03s
DOID:3119,Unique genes before filter: 451
Unique genes in embed: 328
Holdout performance for /home/exouser/gene-embedding-benchmarks/data/embeddings/intersect/BulkFormer-147M with best C=100.0:
Holdout AUC: 0.5883
Holdout AUPRC: 0.1273
Holdout PR@10: 0.0000
Holdout Duration: 0.03s
DOID:229,Unique genes before filter: 308
Unique genes in embed: 215
Holdout performance for /home/exouser/gene-embedding-benchmarks/data/embeddings/intersect/BulkFormer-147M with best C=1000.0:
Holdout AUC: 0.5200
Holdout AUPRC: 0.1065
Holdout PR@10: 0.0000
Holdout Duration: 0.02s
DOID:1100,Unique genes before filter: 253
Unique genes in embed: 180
Holdout performance for /home/exouser/gene-embedding-benchmarks/data/embeddings/intersect/BulkFormer-147M with best C=1000.0:
Holdout AUC: 0.4250
Holdout AUPRC: 0.1506
Holdout PR@10: 0.1000
Holdout Duration: 0.01s
DOID:12930,Unique genes before filter: 385
Unique genes in embed: 261
Holdout performance for /home/exouser/gene-embedding-benchmarks/data/embeddings/intersect/BulkFormer-147M with best C=1000.0:
Holdout AUC: 0.6448
Holdout AUPRC: 0.2534
Holdout PR@10: 0.2000
Holdout Duration: 0.02s
DOID:1342,Unique genes before filter: 363
Unique genes in embed: 256
Holdout performance for /home/exouser/gene-embedding-benchmarks/data/embeddings/intersect/BulkFormer-147M with best C=1000.0:
Holdout AUC: 0.9630
Holdout AUPRC: 0.7552
Holdout PR@10: 0.4000
Holdout Duration: 0.02s
DOID:9256,Unique genes before filter: 253
Unique genes in embed: 184
Holdout performance for /home/exouser/gene-embedding-benchmarks/data/embeddings/intersect/BulkFormer-147M with best C=100.0:
Holdout AUC: 0.6726
Holdout AUPRC: 0.2708
Holdout PR@10: 0.2000
Holdout Duration: 0.02s
DOID:10155,Unique genes before filter: 253
Unique genes in embed: 176
Holdout performance for /home/exouser/gene-embedding-benchmarks/data/embeddings/intersect/BulkFormer-147M with best C=100.0:
Holdout AUC: 0.6548
Holdout AUPRC: 0.2669
Holdout PR@10: 0.2000
Holdout Duration: 0.01s
DOID:5672,Unique genes before filter: 253
Unique genes in embed: 179
Holdout performance for /home/exouser/gene-embedding-benchmarks/data/embeddings/intersect/BulkFormer-147M with best C=0.1:
Holdout AUC: 0.2679
Holdout AUPRC: 0.0720
Holdout PR@10: 0.0000
Holdout Duration: 0.01s
Saved fold results to /home/exouser/gene-embedding-benchmarks/results/tsvs/BulkFormer-147M_fold_results.pkl
Saved holdout results to /home/exouser/gene-embedding-benchmarks/results/tsvs/BulkFormer-147M_holdout_results.pkl

=== Step 3: Gene-pair benchmarks (parallel) ===
  Pair: ng
  Pair: sl
  Pair: tf
  Pair: pombe
Processing 'BulkFormer-147M' | Operation: sum
Original positives: 2124, Filtered positives: 733
Fold 0: train=4106, outer=1053
Fold 1: train=4244, outer=947
Fold 2: train=3937, outer=1089

Results:
   fold  best_C  inner_AUC  inner_AUPRC  inner_PR@10  inner_time  outer_AUC  outer_AUPRC  outer_PR@10  outer_time  orig_pos_pairs  filtered_pos_pairs
      0    1000   0.582393     0.111618     0.033333    3.270073   0.669343     0.078261     0.200000    0.463646          2124.0               733.0
      1       1   0.779316     0.251961     0.266667    3.721278   0.534317     0.058088     0.100000    0.710841          2124.0               733.0
      2     100   0.617421     0.055138     0.033333    3.794683   0.455179     0.135775     0.100000    1.090267          2124.0               733.0
average       1   0.659710     0.139572     0.111111    3.595345   0.552946     0.090708     0.133333    0.754918          2124.0               733.0

Saved to /home/exouser/gene-embedding-benchmarks/results/tsvs/BulkFormer-147M_sum_intersected_sl.csv
Processing 'BulkFormer-147M' | Operation: sum
Original positives: 5966, Filtered positives: 2535
Fold 0: train=11261, outer=2845
Fold 1: train=11287, outer=2725
Fold 2: train=11252, outer=2795

Results:
   fold  best_C  inner_AUC  inner_AUPRC  inner_PR@10  inner_time  outer_AUC  outer_AUPRC  outer_PR@10  outer_time  orig_pos_pairs  filtered_pos_pairs
      0  1000.0   0.607996     0.125415     0.100000  102.208121   0.518033     0.123291     0.300000   17.823506          5966.0              2535.0
      1  1000.0   0.531397     0.117747     0.100000   54.663986   0.558875     0.099969     0.200000   11.767589          5966.0              2535.0
      2     0.1   0.538465     0.117537     0.066667   64.023678   0.548968     0.111894     0.000000   14.249894          5966.0              2535.0
average  1000.0   0.559286     0.120233     0.088889   73.631928   0.541959     0.111718     0.166667   14.613663          5966.0              2535.0

Saved to /home/exouser/gene-embedding-benchmarks/results/tsvs/BulkFormer-147M_sum_intersected_pombe.csv
Processing 'BulkFormer-147M' | Operation: sum
Original positives: 10568, Filtered positives: 4927
Fold 0: train=19502, outer=5184
Fold 1: train=20791, outer=4637
Fold 2: train=19508, outer=5110

Results:
   fold  best_C  inner_AUC  inner_AUPRC  inner_PR@10  inner_time  outer_AUC  outer_AUPRC  outer_PR@10  outer_time  orig_pos_pairs  filtered_pos_pairs
      0  1000.0   0.601561     0.162040     0.166667  223.591219   0.514921     0.120046     0.100000   29.543092         10568.0              4927.0
      1     0.1   0.607826     0.190765     0.100000  284.152103   0.521491     0.070369     0.200000   35.250782         10568.0              4927.0
      2    10.0   0.612097     0.188425     0.500000  289.366247   0.560981     0.161255     0.100000   38.725179         10568.0              4927.0
average     0.1   0.607161     0.180410     0.255556  265.703190   0.532464     0.117223     0.133333   34.506351         10568.0              4927.0

Saved to /home/exouser/gene-embedding-benchmarks/results/tsvs/BulkFormer-147M_sum_intersected_ng.csv
Processing 'BulkFormer-147M' | Operation: sum
Original positives: 10000, Filtered positives: 4818
Fold 0: train=19498, outer=5202
Fold 1: train=20268, outer=4999
Fold 2: train=20222, outer=4932

Results:
   fold  best_C  inner_AUC  inner_AUPRC  inner_PR@10  inner_time  outer_AUC  outer_AUPRC  outer_PR@10  outer_time  orig_pos_pairs  filtered_pos_pairs
      0      10   0.598082     0.145568     0.100000  347.816405   0.587946     0.157966          0.3   37.806129         10000.0              4818.0
      1    1000   0.602060     0.152747     0.100000  238.511387   0.588403     0.129628          0.0   42.691175         10000.0              4818.0
      2      10   0.623520     0.163617     0.233333  260.705653   0.553523     0.130157          0.0   39.940235         10000.0              4818.0
average      10   0.607887     0.153978     0.144444  282.344482   0.576624     0.139250          0.1   40.145846         10000.0              4818.0

Saved to /home/exouser/gene-embedding-benchmarks/results/tsvs/BulkFormer-147M_sum_intersected_tf.csv

=== Step 4: Append results to results/gene_benchmark_results.csv ===
  GO: 0.7305
  OMIM: 0.6692
  ng: 0.532464128527666
  sl: 0.552946321518401
  tf: 0.5766238601220385
  pombe: 0.5419588253188385
  Appended to /home/exouser/BulkFM/results/gene_benchmark_results.csv

==============================================
  Pipeline complete for BulkFormer-147M

  Results:
    GO:    /home/exouser/gene-embedding-benchmarks/results/tsvs/BulkFormer-147M_holdout_results_go.pkl
    OMIM:  /home/exouser/gene-embedding-benchmarks/results/tsvs/BulkFormer-147M_holdout_results.pkl
    NG:    /home/exouser/gene-embedding-benchmarks/results/tsvs/BulkFormer-147M_sum_intersected_ng.csv
    SL:    /home/exouser/gene-embedding-benchmarks/results/tsvs/BulkFormer-147M_sum_intersected_sl.csv
    TF:    /home/exouser/gene-embedding-benchmarks/results/tsvs/BulkFormer-147M_sum_intersected_tf.csv
    pombe: /home/exouser/gene-embedding-benchmarks/results/tsvs/BulkFormer-147M_sum_intersected_pombe.csv
  Logs:   /home/exouser/BulkFM/results/logs/20260801_003552_BulkFormer-147M_*.log
==============================================
### All done: Sat Aug  1 00:57:04 UTC 2026
